id,start_timestep,last_timestep,user_id,ideal_duration,protocol,duration,privacy_score
BR79O0CIKGRS,19302.25,19370.0,pedestrian_1-1-pt_0,97.75,wifi,67.75,0.6930946291560103
29JCPQGKD7NR,18200.0,18254.75,pedestrian_1-1-pt_1006,118.0,wifi,54.75,0.4639830508474576
ZKN877XZ3XFY,19116.25,19190.25,pedestrian_1-1-pt_1011,283.75,wifi,74.0,0.2607929515418502
2I0FO5HD1CYR,18898.25,18968.0,pedestrian_1-1-pt_1022,469.75,wifi,69.75,0.1484832357637041
DED507W74DX3,19360.25,19400.0,pedestrian_1-1-pt_1037,39.75,wifi,39.75,1.0
IZZODTULINHY,18767.25,18823.0,pedestrian_1-1-pt_1039,97.75,wifi,55.75,0.5703324808184144
0IV8H381M1I7,18645.5,18718.75,pedestrian_1-1-pt_1040,797.75,wifi,73.25,0.09182074584769664
NJAUTWYZ44UL,19116.0,19183.75,pedestrian_1-1-pt_1073,525.5,wifi,67.75,0.12892483349191247
365CZ95RPRA4,19091.0,19161.75,pedestrian_1-1-pt_1078,535.75,wifi,70.75,0.13205786280914605
CH6NQ7VW8CU2,18568.25,18640.25,pedestrian_1-1-pt_1108,895.75,wifi,72.0,0.08037957019257605
J9GA49V14MWD,19190.25,19241.5,pedestrian_1-1-pt_111,209.75,wifi,51.25,0.24433849821215733
30NZHJSCHNBH,19284.25,19348.0,pedestrian_1-1-pt_1121,115.75,wifi,63.75,0.550755939524838
M88J1T4P8F3M,18582.75,18657.5,pedestrian_1-1-pt_1134,1186.75,wifi,74.75,0.06298714977880766
LAHRKWPDGP1G,19031.75,19100.5,pedestrian_1-1-pt_1142,1190.75,wifi,68.75,0.057736720554272515
ZXDINRT4L4YN,18984.75,19054.5,pedestrian_1-1-pt_1167,457.75,wifi,69.75,0.1523757509557619
322L21XM0947,19272.75,19345.25,pedestrian_1-1-pt_1169,907.75,wifi,72.5,0.07986780501239328
7W8H9TIU9CY8,18885.5,18952.25,pedestrian_1-1-pt_1173,580.75,wifi,66.75,0.1149375807145932
LFTPEV71GXM1,18946.5,19017.75,pedestrian_1-1-pt_1215,680.75,wifi,71.25,0.1046639735585751
NL1AHB94KR8P,19216.25,19290.25,pedestrian_1-1-pt_1223,839.75,wifi,74.0,0.08812146472164335
00AGCYQ39NC3,18650.75,18721.0,pedestrian_1-1-pt_1227,329.75,wifi,70.25,0.21304018195602728
MQD91CBQSGJ3,18942.25,19009.75,pedestrian_1-1-pt_1238,602.75,wifi,67.5,0.11198672749896309
W8UG98CDT4B7,18511.75,18583.25,pedestrian_1-1-pt_1253,719.75,wifi,71.5,0.09934004862799584
XZ8KY4Q81B64,19298.75,19363.0,pedestrian_1-1-pt_1259,205.75,wifi,64.25,0.31227217496962334
H653X1WCXRY0,18917.0,18987.0,pedestrian_1-1-pt_1270,930.75,wifi,70.0,0.07520816545796401
LN2MDDEO33AN,18846.25,18920.25,pedestrian_1-1-pt_1296,553.75,wifi,74.0,0.13363431151241534
BXQXPO3QEEYT,18948.75,19019.0,pedestrian_1-1-pt_1298,534.75,wifi,70.25,0.131369798971482
8IPQIYB8EWHY,19346.25,19380.0,pedestrian_1-1-pt_1304,53.75,wifi,33.75,0.627906976744186
OYP3VR05FXUN,19116.75,19181.75,pedestrian_1-1-pt_1306,371.75,wifi,65.0,0.17484868863483524
I24FKD6QCD8W,18582.0,18638.75,pedestrian_1-1-pt_1329,187.25,wifi,56.75,0.3030707610146863
5BEQCK5NPG3X,19340.25,19380.75,pedestrian_1-1-pt_1390,59.75,wifi,40.5,0.6778242677824268
9KX5NXXRBUKS,19173.25,19231.5,pedestrian_1-1-pt_1403,226.75,wifi,58.25,0.25689084895259096
YFMQQSV58ZQ4,18978.75,19049.25,pedestrian_1-1-pt_1414,721.75,wifi,70.5,0.09767925181849671
RH12Q7BE0AUD,19225.25,19299.75,pedestrian_1-1-pt_1420,355.75,wifi,74.5,0.20941672522839072
EPB7IG83AV78,19297.25,19369.75,pedestrian_1-1-pt_1440,1026.75,wifi,72.5,0.07061115169223277
W01ZMON9PHWV,19368.25,19400.0,pedestrian_1-1-pt_1473,31.75,wifi,31.75,1.0
Y1141ZO36OWV,18667.5,18739.5,pedestrian_1-1-pt_1475,363.0,wifi,72.0,0.19834710743801653
F1VZYM9BK32D,19309.25,19356.5,pedestrian_1-1-pt_150,90.75,wifi,47.25,0.5206611570247934
MQUEYBYQCWY3,18984.5,19056.25,pedestrian_1-1-pt_1531,506.75,wifi,71.75,0.1415885545140602
C7EARXGA3UI6,18682.25,18752.25,pedestrian_1-1-pt_1560,893.75,wifi,70.0,0.07832167832167833
X3O5A5GM05TL,19244.75,19317.5,pedestrian_1-1-pt_1601,147.5,wifi,72.75,0.49322033898305084
O08W0DODRWC9,19006.25,19064.75,pedestrian_1-1-pt_1633,427.75,wifi,58.5,0.13676212741087085
RJXVWW2FXL0P,19289.0,19360.5,pedestrian_1-1-pt_1665,924.75,wifi,71.5,0.07731819410651528
EE8RV355BF81,18272.5,18346.0,pedestrian_1-1-pt_1669,612.25,wifi,73.5,0.12004899959167006
73PAM7XUVCIV,18184.0,18255.5,pedestrian_1-1-pt_1673,418.75,wifi,71.5,0.1707462686567164
14ZV0HBPUK5P,18863.0,18935.25,pedestrian_1-1-pt_1695,361.5,wifi,72.25,0.19986168741355465
REVGMBZYTP5O,19341.5,19400.0,pedestrian_1-1-pt_17,114.75,wifi,58.5,0.5098039215686274
SOYFY0IUXLII,18686.25,18753.25,pedestrian_1-1-pt_1714,109.25,wifi,67.0,0.6132723112128147
U6R6PM6MLI44,18861.5,18936.25,pedestrian_1-1-pt_1720,971.75,wifi,74.75,0.07692307692307693
SZOT3P7L2YA5,19259.0,19322.75,pedestrian_1-1-pt_1736,253.75,wifi,63.75,0.2512315270935961
4IVFESPQ3CVC,18207.25,18242.0,pedestrian_1-1-pt_1747,34.75,wifi,34.75,1.0
5UFHLE95NF3U,18402.25,18476.75,pedestrian_1-1-pt_1770,448.0,wifi,74.5,0.16629464285714285
XF4QXG77JH4N,18521.5,18595.0,pedestrian_1-1-pt_1773,576.0,wifi,73.5,0.12760416666666666
40CQEKTGVXGJ,18769.5,18840.0,pedestrian_1-1-pt_1780,909.25,wifi,70.5,0.0775364311245532
G1PKH4Q16QWH,18767.5,18840.25,pedestrian_1-1-pt_1797,1008.75,wifi,72.75,0.07211895910780669
LIEODNRYXBD5,18867.0,18939.75,pedestrian_1-1-pt_1809,621.75,wifi,72.75,0.11700844390832328
X0J9ALNO09IR,19140.0,19193.75,pedestrian_1-1-pt_182,163.5,wifi,53.75,0.3287461773700306
MJ0BBSET8SWH,18899.25,18974.0,pedestrian_1-1-pt_1829,290.5,wifi,74.75,0.2573149741824441
5YVLA82FGYPT,19285.25,19354.75,pedestrian_1-1-pt_1903,114.75,wifi,69.5,0.6056644880174292
FRHORCROEA50,19127.25,19199.25,pedestrian_1-1-pt_1910,500.75,wifi,72.0,0.14378432351472792
0FVNCANV5HZB,18608.25,18682.25,pedestrian_1-1-pt_1933,791.75,wifi,74.0,0.09346384591095674
0QXNJPXIHJBA,18864.25,18938.0,pedestrian_1-1-pt_1949,1076.75,wifi,73.75,0.0684931506849315
HS0R8GO8TA4D,18980.25,19053.0,pedestrian_1-1-pt_1966,525.75,wifi,72.75,0.1383737517831669
UOZYVH1W225N,19197.25,19271.75,pedestrian_1-1-pt_2013,256.75,wifi,74.5,0.2901655306718598
V09I0M53MN21,19288.5,19359.0,pedestrian_1-1-pt_2031,531.75,wifi,70.5,0.1325811001410437
4X6E3Y2TW01Y,18851.5,18900.75,pedestrian_1-1-pt_2032,216.0,wifi,49.25,0.22800925925925927
89KRCMQ0CMYJ,18686.25,18748.75,pedestrian_1-1-pt_2125,733.5,wifi,62.5,0.08520790729379686
FZZWIEDZEG37,19199.0,19268.25,pedestrian_1-1-pt_2128,301.75,wifi,69.25,0.22949461474730737
UE2F79TD8OY8,18716.25,18764.75,pedestrian_1-1-pt_2129,79.0,wifi,48.5,0.6139240506329114
LJI8EMTRAQK9,18798.0,18872.0,pedestrian_1-1-pt_2162,899.5,wifi,74.0,0.08226792662590328
K329PYDPRHW1,18671.25,18742.0,pedestrian_1-1-pt_2170,272.25,wifi,70.75,0.2598714416896235
0SBWIY3QWJ4N,18798.25,18872.5,pedestrian_1-1-pt_2188,755.75,wifi,74.25,0.0982467747270923
0IUVDKALXIJA,18069.25,18140.5,pedestrian_1-1-pt_2201,458.5,wifi,71.25,0.1553980370774264
EUZPXE0JSNXN,19313.25,19376.5,pedestrian_1-1-pt_2230,86.75,wifi,63.25,0.729106628242075
30BOQGULPXDQ,18538.25,18608.0,pedestrian_1-1-pt_2277,917.75,wifi,69.75,0.07600108962135659
FOHIR8KL536G,19111.5,19172.75,pedestrian_1-1-pt_2329,414.75,wifi,61.25,0.14767932489451477
1E1NYHEEANK2,18436.25,18505.25,pedestrian_1-1-pt_2342,307.5,wifi,69.0,0.22439024390243903
V440P0VG6NS4,18628.75,18679.75,pedestrian_1-1-pt_2369,159.5,wifi,51.0,0.31974921630094044
G7C24AC02GIO,18505.25,18579.0,pedestrian_1-1-pt_237,578.5,wifi,73.75,0.1274848746758859
3PZS5GA1VCR9,18746.0,18819.0,pedestrian_1-1-pt_2382,1361.0,wifi,73.0,0.05363703159441587
1MDCM3KNP088,19148.5,19219.25,pedestrian_1-1-pt_2417,447.75,wifi,70.75,0.15801228364042436
J1TA26VPBLDM,19213.25,19282.0,pedestrian_1-1-pt_2425,447.75,wifi,68.75,0.15354550530429928
XT8U3L3EY83G,18840.25,18906.75,pedestrian_1-1-pt_2431,236.5,wifi,66.5,0.28118393234672306
5GNX8TOG02WW,18905.5,18977.25,pedestrian_1-1-pt_2453,783.75,wifi,71.75,0.09154704944178628
500ZMPIWJOKM,19288.25,19344.25,pedestrian_1-1-pt_247,111.75,wifi,56.0,0.5011185682326622
8WXYTXFTJ19Z,18776.0,18850.75,pedestrian_1-1-pt_2483,855.75,wifi,74.75,0.08735027753432661
C6E4DMP6S56S,19297.25,19363.75,pedestrian_1-1-pt_2494,102.75,wifi,66.5,0.6472019464720195
APCI2677MRAK,18676.25,18751.0,pedestrian_1-1-pt_2498,1345.75,wifi,74.75,0.05554523499907115
6K75TE5M6976,18779.0,18851.75,pedestrian_1-1-pt_250,815.25,wifi,72.75,0.08923643054277829
N1X46HNSEEGV,19324.25,19365.25,pedestrian_1-1-pt_2523,75.75,wifi,41.0,0.5412541254125413
0BC7OK7IYSFQ,18563.25,18609.75,pedestrian_1-1-pt_2529,64.25,wifi,46.5,0.7237354085603113
4UKGT7G2K6LX,18990.25,19062.75,pedestrian_1-1-pt_2534,1146.75,wifi,72.5,0.0632221495530848
QZGRPFB03YRG,19317.25,19361.75,pedestrian_1-1-pt_2544,82.75,wifi,44.5,0.5377643504531722
EIU4X2O5BVOK,19290.75,19361.25,pedestrian_1-1-pt_2545,213.75,wifi,70.5,0.3298245614035088
KI9POVYX5TT4,19322.25,19391.25,pedestrian_1-1-pt_2549,77.75,wifi,69.0,0.887459807073955
RUOMCVMIQ2JE,18488.75,18561.0,pedestrian_1-1-pt_255,928.75,wifi,72.25,0.07779273216689098
G76KQP4I54A5,18555.5,18629.75,pedestrian_1-1-pt_2606,886.75,wifi,74.25,0.08373273188610093
7EPVUI1J8AOK,18897.75,18972.25,pedestrian_1-1-pt_2676,351.75,wifi,74.5,0.21179815209665956
9HGUSWHE4TOA,19325.5,19381.5,pedestrian_1-1-pt_2677,121.75,wifi,56.0,0.459958932238193
JABRPRF9UQTI,19224.25,19290.5,pedestrian_1-1-pt_2718,205.75,wifi,66.25,0.3219927095990279
T3R1WQEFHRHJ,18556.75,18628.0,pedestrian_1-1-pt_2738,596.5,wifi,71.25,0.11944677284157586
7K5SB2DPZJ8Z,18257.0,18328.25,pedestrian_1-1-pt_2770,277.75,wifi,71.25,0.2565256525652565
6GRX2665ZYL8,18716.25,18788.25,pedestrian_1-1-pt_2820,385.5,wifi,72.0,0.1867704280155642
QES68KW65PVF,19093.25,19164.25,pedestrian_1-1-pt_2834,306.75,wifi,71.0,0.23145884270578648
3TGHFYKQLJJR,18594.0,18668.0,pedestrian_1-1-pt_2835,1108.75,wifi,74.0,0.06674182638105976
2LZGYVHW3NU4,18539.75,18604.25,pedestrian_1-1-pt_2844,1028.75,wifi,64.5,0.06269744835965978
H52QUNUNKHFV,18865.5,18935.75,pedestrian_1-1-pt_2863,187.75,wifi,70.25,0.374167776298269
KANGI9W56VVQ,18775.25,18845.25,pedestrian_1-1-pt_2867,624.75,wifi,70.0,0.11204481792717087
LYBONCEOCALV,19302.25,19376.75,pedestrian_1-1-pt_2880,97.75,wifi,74.5,0.7621483375959079
PHMHZ41A9OUS,18979.0,19053.25,pedestrian_1-1-pt_2892,517.75,wifi,74.25,0.14340898116851764
BNW2SIICETV1,18842.25,18917.0,pedestrian_1-1-pt_29,938.75,wifi,74.75,0.0796271637816245
6ZW0FNC55H1W,19076.25,19136.25,pedestrian_1-1-pt_2920,203.75,wifi,60.0,0.294478527607362
DOF15MREJSHY,19144.25,19217.0,pedestrian_1-1-pt_2961,285.75,wifi,72.75,0.2545931758530184
R2XRHBTI78TN,19323.5,19395.5,pedestrian_1-1-pt_2964,194.75,wifi,72.0,0.36970474967907574
6G7CKZ6Z0PLC,19182.5,19254.25,pedestrian_1-1-pt_297,254.75,wifi,71.75,0.281648675171737
9TAZBX5O989N,18170.75,18236.25,pedestrian_1-1-pt_306,104.75,wifi,65.5,0.6252983293556086
8XB6E5AH7DJC,19287.25,19355.5,pedestrian_1-1-pt_3067,112.75,wifi,68.25,0.6053215077605322
ZJ8A9OUJFOIM,19317.5,19376.75,pedestrian_1-1-pt_3097,372.75,wifi,59.25,0.158953722334004
CZ53FSUAUS9N,19230.5,19304.75,pedestrian_1-1-pt_3123,305.75,wifi,74.25,0.2428454619787408
K53FFCEGCWO6,19342.25,19376.25,pedestrian_1-1-pt_3135,57.75,wifi,34.0,0.5887445887445888
BQL8921GWQSN,19346.0,19400.0,pedestrian_1-1-pt_3147,244.75,wifi,54.0,0.22063329928498468
YX9KTUTDTCFC,18655.5,18725.5,pedestrian_1-1-pt_317,1105.75,wifi,70.0,0.06330544879041375
45NRBNTX67SQ,19060.75,19133.25,pedestrian_1-1-pt_3174,260.75,wifi,72.5,0.27804410354745923
W3PI5XI2TB1W,18613.5,18685.5,pedestrian_1-1-pt_319,1020.25,wifi,72.0,0.07057093849546679
61A7VA996LMV,19376.25,19400.0,pedestrian_1-1-pt_3193,23.75,wifi,23.75,1.0
4MRXDTCSUD5L,19318.25,19382.5,pedestrian_1-1-pt_3207,81.75,wifi,64.25,0.7859327217125383
6ERZNQY73PP6,19257.25,19326.75,pedestrian_1-1-pt_3230,142.75,wifi,69.5,0.4868651488616462
MIRONV7ACFSG,18567.25,18638.0,pedestrian_1-1-pt_325,819.75,wifi,70.75,0.08630680085391888
MZGFQK003UA6,18299.75,18368.25,pedestrian_1-1-pt_3251,421.0,wifi,68.5,0.16270783847980996
564W1F65MVD3,18875.0,18944.5,pedestrian_1-1-pt_3275,669.75,wifi,69.5,0.10377006345651363
KA2AXMNPSMYS,19317.75,19364.75,pedestrian_1-1-pt_3300,113.75,wifi,47.0,0.41318681318681316
7IMXEJJPZ7RT,19365.25,19400.0,pedestrian_1-1-pt_3366,34.75,wifi,34.75,1.0
XWNZ2RRB32RQ,19222.25,19279.25,pedestrian_1-1-pt_3383,173.75,wifi,57.0,0.32805755395683456
IKQNTYFZAVR4,19330.25,19392.25,pedestrian_1-1-pt_3402,222.75,wifi,62.0,0.2783389450056117
GJ1H3F6LT8OG,18260.0,18333.25,pedestrian_1-1-pt_3431,1367.75,wifi,73.25,0.05355510875525498
3IAH01T7YWT5,19167.25,19239.5,pedestrian_1-1-pt_3487,627.75,wifi,72.25,0.11509358821186778
D3OBRC3G0NLK,18742.75,18814.0,pedestrian_1-1-pt_3489,287.0,wifi,71.25,0.24825783972125434
ANYZQVGG6HHG,19357.25,19388.75,pedestrian_1-1-pt_3568,42.75,wifi,31.5,0.7368421052631579
VZWTK9V0TJ27,19333.5,19399.0,pedestrian_1-1-pt_3571,111.75,wifi,65.5,0.5861297539149888
GXYS07XY823E,18694.5,18744.0,pedestrian_1-1-pt_358,256.0,wifi,49.5,0.193359375
FTH3LBIJYE1G,19279.25,19332.75,pedestrian_1-1-pt_3595,120.75,wifi,53.5,0.44306418219461696
UPOQ7T5YLDOB,18652.25,18721.75,pedestrian_1-1-pt_3615,988.75,wifi,69.5,0.07029077117572692
1OBI7APT79A3,19339.25,19382.75,pedestrian_1-1-pt_3624,60.75,wifi,43.5,0.7160493827160493
C82M2Z8V2Y7K,19040.5,19113.25,pedestrian_1-1-pt_3626,881.0,wifi,72.75,0.08257661748013621
841574HOZU6Y,18122.25,18137.25,pedestrian_1-1-pt_3629,15.0,wifi,15.0,1.0
OTSCSYPVAU4H,19249.5,19319.5,pedestrian_1-1-pt_3633,252.75,wifi,70.0,0.27695351137487634
EKRS7FSAFV7G,19240.5,19314.5,pedestrian_1-1-pt_3651,731.75,wifi,74.0,0.10112743423300308
6HB3AD39VYTL,18957.25,18988.0,pedestrian_1-1-pt_3671,30.75,wifi,30.75,1.0
OVYUYFOEZNB6,19322.5,19375.25,pedestrian_1-1-pt_3718,153.75,wifi,52.75,0.34308943089430893
W9KP1ZKYXFNF,18662.0,18736.25,pedestrian_1-1-pt_3727,948.75,wifi,74.25,0.0782608695652174
D33EX2H99KBX,19354.25,19400.0,pedestrian_1-1-pt_3744,83.75,wifi,45.75,0.5462686567164179
VC2W5F8QHHNQ,19050.5,19123.25,pedestrian_1-1-pt_3769,647.5,wifi,72.75,0.11235521235521236
ND7AYY0RLXFM,18273.0,18343.5,pedestrian_1-1-pt_3804,163.75,wifi,70.5,0.4305343511450382
53OWGZILYR30,19216.0,19264.0,pedestrian_1-1-pt_3842,172.75,wifi,48.0,0.2778581765557164
NPKZYOERU6JK,18472.25,18535.25,pedestrian_1-1-pt_3858,111.5,wifi,63.0,0.5650224215246636
0NU4U78460X4,19221.25,19295.5,pedestrian_1-1-pt_3867,283.75,wifi,74.25,0.2616740088105727
NEJYAU8NATK4,18999.25,19070.0,pedestrian_1-1-pt_388,443.25,wifi,70.75,0.15961646926113932
JNU1CMYVE30A,19359.75,19400.0,pedestrian_1-1-pt_3906,76.75,wifi,40.25,0.5244299674267101
CXKXKLGYBLKU,19071.0,19141.75,pedestrian_1-1-pt_392,593.75,wifi,70.75,0.1191578947368421
29P9VKINN3EN,18501.0,18569.5,pedestrian_1-1-pt_3920,312.5,wifi,68.5,0.2192
2H46POC32OWU,18553.25,18627.75,pedestrian_1-1-pt_3927,470.25,wifi,74.5,0.15842636895268475
FGQ1VYCOM0V1,19369.25,19400.0,pedestrian_1-1-pt_394,30.75,wifi,30.75,1.0
F3O40F8PA4DW,19290.0,19340.25,pedestrian_1-1-pt_3972,198.75,wifi,50.25,0.2528301886792453
T5RC84DKY4UW,19120.5,19195.25,pedestrian_1-1-pt_4023,997.75,wifi,74.75,0.0749185667752443
Z24C5Z9EI8ME,19231.5,19301.75,pedestrian_1-1-pt_4026,1302.75,wifi,70.25,0.053924390711955476
R70NXP7I2X3C,19201.0,19273.25,pedestrian_1-1-pt_4027,242.75,wifi,72.25,0.2976313079299691
2MAFO84KSOJ5,19375.25,19400.0,pedestrian_1-1-pt_4058,24.75,wifi,24.75,1.0
MTF6DAMNJU3D,18692.0,18765.75,pedestrian_1-1-pt_4067,733.5,wifi,73.75,0.1005453306066803
A2N3BZNR75DV,19006.0,19077.5,pedestrian_1-1-pt_4091,464.75,wifi,71.5,0.15384615384615385
8TZX12S9WVVC,19190.0,19263.0,pedestrian_1-1-pt_4147,1110.75,wifi,73.0,0.06572135944181859
RZHVBH42WU7A,18613.75,18684.75,pedestrian_1-1-pt_4187,707.75,wifi,71.0,0.10031790886612504
61P1ED7120UO,18496.75,18571.0,pedestrian_1-1-pt_4215,415.75,wifi,74.25,0.17859290438965725
J6321ULHB959,18836.25,18908.75,pedestrian_1-1-pt_4232,771.75,wifi,72.5,0.09394233884029803
5V311KZT05HT,18935.0,19009.75,pedestrian_1-1-pt_4251,773.75,wifi,74.75,0.09660743134087238
3U424Y08FONN,18533.5,18603.25,pedestrian_1-1-pt_4262,710.25,wifi,69.75,0.09820485744456177
M5L6TUDJC3EX,19393.25,19400.0,pedestrian_1-1-pt_4320,6.75,wifi,6.75,1.0
MVVGT7RGQTXP,18606.5,18670.25,pedestrian_1-1-pt_4329,633.75,wifi,63.75,0.10059171597633136
ML54CE8NB0W8,19329.25,19380.5,pedestrian_1-1-pt_4368,70.75,wifi,51.25,0.7243816254416962
Z701L0UCLOJ5,18940.5,19012.0,pedestrian_1-1-pt_438,1288.75,wifi,71.5,0.05548011639185257
SH3RVYPU7S08,18909.75,18983.25,pedestrian_1-1-pt_4410,854.75,wifi,73.5,0.08599005557180463
7DY1G8AA9FZX,18744.25,18809.75,pedestrian_1-1-pt_4463,985.75,wifi,65.5,0.06644686786710627
5J0UUQ0Z8AAB,18477.75,18551.75,pedestrian_1-1-pt_4466,610.75,wifi,74.0,0.12116250511665984
US8GNF48XTN3,18848.5,18923.25,pedestrian_1-1-pt_4472,1083.0,wifi,74.75,0.06902123730378577
P6572105EDW0,19262.75,19335.75,pedestrian_1-1-pt_4489,1087.75,wifi,73.0,0.06711100896345668
HH3AD5TR307R,19197.0,19267.75,pedestrian_1-1-pt_4517,704.75,wifi,70.75,0.10039020929407591
1C9F1EZAYX39,19350.0,19389.5,pedestrian_1-1-pt_4529,87.75,wifi,39.5,0.45014245014245013
TA4H597F9FY4,18506.5,18577.25,pedestrian_1-1-pt_4537,1224.75,wifi,70.75,0.05776689120228618
4YM8HMCIHEWJ,19372.25,19400.0,pedestrian_1-1-pt_4552,27.75,wifi,27.75,1.0
74T0J8TV8EBE,18749.25,18821.75,pedestrian_1-1-pt_4632,650.75,wifi,72.5,0.1114099116404149
AX1G24V8XHRR,19067.0,19141.25,pedestrian_1-1-pt_4638,394.75,wifi,74.25,0.18809373020899303
7MOSY4GW20GU,19125.5,19199.25,pedestrian_1-1-pt_4645,354.75,wifi,73.75,0.20789288231148698
JK0FZ6MLFU4V,18450.25,18520.5,pedestrian_1-1-pt_4658,642.0,wifi,70.25,0.10942367601246106
R3MO0B3GJ4AZ,18722.75,18793.0,pedestrian_1-1-pt_4671,946.75,wifi,70.25,0.07420121468180618
YFI0A7Q0Z84X,19328.25,19392.75,pedestrian_1-1-pt_4710,281.75,wifi,64.5,0.22892635314995563
TNOWSTXRMAFW,18724.25,18781.25,pedestrian_1-1-pt_4715,74.75,wifi,57.0,0.7625418060200669
WLC3VMD07GW1,18876.25,18940.5,pedestrian_1-1-pt_4736,501.75,wifi,64.25,0.12805181863477827
8M84MFB9XGX5,19266.0,19315.75,pedestrian_1-1-pt_4743,168.75,wifi,49.75,0.2948148148148148
TJGTPZECRJMJ,18862.0,18934.75,pedestrian_1-1-pt_4745,687.75,wifi,72.75,0.10577971646673937
YD8WH7I684SF,18606.5,18678.75,pedestrian_1-1-pt_4748,922.5,wifi,72.25,0.07831978319783198
46853MSVAJD1,19096.25,19165.25,pedestrian_1-1-pt_4751,303.75,wifi,69.0,0.2271604938271605
3ZDKVTC9GYO4,19330.25,19376.25,pedestrian_1-1-pt_4785,69.75,wifi,46.0,0.6594982078853047
P10CRGGBPLQ5,18873.0,18938.5,pedestrian_1-1-pt_4804,812.5,wifi,65.5,0.08061538461538462
UUY5NLV2ACLJ,19142.75,19211.25,pedestrian_1-1-pt_4818,676.75,wifi,68.5,0.10121906169190986
WASABJ5SY9N9,18876.25,18948.25,pedestrian_1-1-pt_4875,422.25,wifi,72.0,0.1705150976909414
4PSOE5FP06FV,18559.25,18602.5,pedestrian_1-1-pt_4879,88.0,wifi,43.25,0.4914772727272727
LAM0BIGV3VQC,18606.75,18680.75,pedestrian_1-1-pt_494,947.75,wifi,74.0,0.07807966235821683
ZYAYU63JF5NY,19272.75,19339.75,pedestrian_1-1-pt_4956,353.75,wifi,67.0,0.18939929328621907
J1RE6RIRUDRF,18742.75,18811.75,pedestrian_1-1-pt_4962,456.5,wifi,69.0,0.1511500547645126
2IXYXO1TV5WS,19184.25,19251.0,pedestrian_1-1-pt_4966,165.0,wifi,66.75,0.40454545454545454
R9JRCRRMEQOY,18401.75,18471.5,pedestrian_1-1-pt_4996,640.25,wifi,69.75,0.10894181960171807
0EXSBCGTGCBQ,18669.75,18743.5,pedestrian_1-1-pt_4999,1084.75,wifi,73.75,0.06798801567181378
NU05IN97VJR1,19159.25,19231.5,pedestrian_1-1-pt_5007,416.75,wifi,72.25,0.17336532693461307
V9K2ZDZE7R4T,19231.25,19301.25,pedestrian_1-1-pt_5037,168.75,wifi,70.0,0.4148148148148148
HMKOT9XGV3OZ,18370.5,18436.25,pedestrian_1-1-pt_5048,329.5,wifi,65.75,0.19954476479514416
MTZ3HZG4KR4C,19002.5,19073.25,pedestrian_1-1-pt_5072,677.25,wifi,70.75,0.10446659283868587
YSGGL0MWNGF9,18038.25,18098.5,pedestrian_1-1-pt_5078,189.0,wifi,60.25,0.3187830687830688
M9HOBPZ9BUJS,18862.25,18909.0,pedestrian_1-1-pt_5112,118.75,wifi,46.75,0.3936842105263158
0ES2C0SR8QHO,19034.0,19106.25,pedestrian_1-1-pt_5115,714.75,wifi,72.25,0.10108429520811472
WCQ31CW13WJM,19206.0,19279.25,pedestrian_1-1-pt_5128,756.75,wifi,73.25,0.09679550710274198
0791JD1QY97W,19204.5,19275.5,pedestrian_1-1-pt_5131,497.75,wifi,71.0,0.14264188849824208
7RR2BVX4LVMD,18742.0,18816.25,pedestrian_1-1-pt_5139,956.5,wifi,74.25,0.07762676424464192
B8VJDKQK9RHE,18145.25,18184.0,pedestrian_1-1-pt_5167,38.75,wifi,38.75,1.0
6BWE7V8ZN39J,19071.25,19142.5,pedestrian_1-1-pt_5193,492.75,wifi,71.25,0.1445966514459665
NW2S69ZVL0WA,18969.25,19030.5,pedestrian_1-1-pt_5199,558.75,wifi,61.25,0.10961968680089486
NJ6JFXR68P8X,18544.25,18600.25,pedestrian_1-1-pt_521,131.75,wifi,56.0,0.4250474383301708
661CYSBNMC4Y,19106.0,19177.5,pedestrian_1-1-pt_5222,735.25,wifi,71.5,0.09724583475008501
AOEAR2MLH9IK,19175.5,19245.75,pedestrian_1-1-pt_5241,384.25,wifi,70.25,0.18282368249837344
QBH4QHBR9PMO,18404.25,18479.0,pedestrian_1-1-pt_5258,995.75,wifi,74.75,0.07506904343459704
QYEX1JXFHPGQ,19131.25,19202.75,pedestrian_1-1-pt_527,268.75,wifi,71.5,0.266046511627907
ZPSI575WRBFH,18818.25,18881.75,pedestrian_1-1-pt_5275,101.25,wifi,63.5,0.6271604938271605
1NGFXWI0CTH4,19185.0,19256.5,pedestrian_1-1-pt_5283,278.75,wifi,71.5,0.25650224215246636
UCME3GLQ6TTY,18595.5,18670.0,pedestrian_1-1-pt_530,612.5,wifi,74.5,0.12163265306122449
7IUKA4MPMT09,19210.75,19277.25,pedestrian_1-1-pt_5303,316.75,wifi,66.5,0.20994475138121546
V64XRR8NLW32,19369.25,19400.0,pedestrian_1-1-pt_5324,30.75,wifi,30.75,1.0
1AZF18QEDU5O,18626.75,18699.75,pedestrian_1-1-pt_5339,408.25,wifi,73.0,0.17881200244947948
ABKARWHU5VUA,18801.5,18874.25,pedestrian_1-1-pt_5342,734.75,wifi,72.75,0.09901326981966656
3E087CZ1P7HC,18918.75,18989.0,pedestrian_1-1-pt_5357,377.75,wifi,70.25,0.18596955658504302
H8ETL1UDED8Y,18263.25,18334.0,pedestrian_1-1-pt_5392,397.75,wifi,70.75,0.17787554996857322
YY8A76BIEVEO,18692.0,18765.25,pedestrian_1-1-pt_5443,980.75,wifi,73.25,0.07468773897527403
LVGNEI4A978O,19363.25,19393.0,pedestrian_1-1-pt_5447,36.75,wifi,29.75,0.8095238095238095
TQW5OT8F2YJH,19022.75,19096.25,pedestrian_1-1-pt_5464,734.75,wifi,73.5,0.10003402517863219
N7LAQBW92ELS,19325.25,19399.25,pedestrian_1-1-pt_5481,74.75,wifi,74.0,0.9899665551839465
EJB7WQ9X5RJG,18487.75,18551.0,pedestrian_1-1-pt_5498,445.5,wifi,63.25,0.1419753086419753
XA2FAO5MHD4I,18665.5,18736.5,pedestrian_1-1-pt_560,324.0,wifi,71.0,0.2191358024691358
7R259RKS75V1,18569.75,18637.75,pedestrian_1-1-pt_5612,458.25,wifi,68.0,0.14839061647572285
YD5XDUV5JN7S,19232.25,19306.5,pedestrian_1-1-pt_5655,490.5,wifi,74.25,0.15137614678899083
T4GTV4Z4TW6F,19096.75,19152.25,pedestrian_1-1-pt_5666,94.0,wifi,55.5,0.5904255319148937
104ID7K7KJLR,19269.5,19343.75,pedestrian_1-1-pt_568,847.75,wifi,74.25,0.08758478324977882
XA4I1F4I61H5,18810.25,18882.0,pedestrian_1-1-pt_5685,846.75,wifi,71.75,0.08473575435488633
XSGB5OA9Q9VR,19357.25,19400.0,pedestrian_1-1-pt_5688,42.75,wifi,42.75,1.0
X00STMIQSRQR,19312.25,19385.0,pedestrian_1-1-pt_5689,244.75,wifi,72.75,0.2972420837589377
87C543BP5B08,19233.25,19292.25,pedestrian_1-1-pt_571,166.75,wifi,59.0,0.3538230884557721
04SE1DWQQS8O,19106.25,19175.0,pedestrian_1-1-pt_5774,293.75,wifi,68.75,0.23404255319148937
AJSMXFB4SPZ2,18901.5,18976.0,pedestrian_1-1-pt_5792,644.75,wifi,74.5,0.11554866227219852
5DEN41WPAXZB,18955.75,19026.0,pedestrian_1-1-pt_5795,559.25,wifi,70.25,0.12561466249441217
QJHAJEZMA1KX,18253.5,18327.25,pedestrian_1-1-pt_5809,977.5,wifi,73.75,0.07544757033248081
YEFONN5W3P55,18902.0,18972.5,pedestrian_1-1-pt_5863,178.25,wifi,70.5,0.3955119214586255
ISAG89JOBXFI,19194.0,19264.5,pedestrian_1-1-pt_5897,451.75,wifi,70.5,0.15605976757055895
SAFYDV3LJDJJ,19221.0,19288.75,pedestrian_1-1-pt_596,779.75,wifi,67.75,0.0868868226995832
J5D5GI1KZC62,19249.75,19318.25,pedestrian_1-1-pt_5978,270.75,wifi,68.5,0.2530009233610342
N92S6FH77A0E,18504.25,18578.75,pedestrian_1-1-pt_5990,793.25,wifi,74.5,0.09391742830129216
HOKFOSBLG5WB,19253.0,19311.75,pedestrian_1-1-pt_5997,187.75,wifi,58.75,0.3129161118508655
CP970LHJWIKQ,18633.75,18708.25,pedestrian_1-1-pt_6031,673.5,wifi,74.5,0.11061618411284335
ULZBKAMVL5HF,19113.75,19170.0,pedestrian_1-1-pt_6052,216.5,wifi,56.25,0.25981524249422633
03MHV4SIMII5,19130.25,19202.0,pedestrian_1-1-pt_6131,301.75,wifi,71.75,0.23777961888980945
UYVHWECW7B6H,18644.75,18717.75,pedestrian_1-1-pt_6139,729.0,wifi,73.0,0.10013717421124829
XI6H1CMZEZBD,18372.5,18441.25,pedestrian_1-1-pt_6141,393.5,wifi,68.75,0.17471410419313851
C8RQCYO6WPZ2,18888.0,18960.75,pedestrian_1-1-pt_6157,1215.75,wifi,72.75,0.05983960518198643
ZOI8PG6NMYIV,18880.25,18952.5,pedestrian_1-1-pt_6176,247.0,wifi,72.25,0.2925101214574899
I3ONKC3XSR4Z,18186.25,18254.25,pedestrian_1-1-pt_6201,272.75,wifi,68.0,0.24931255728689275
QD6PAEKLYC4S,19309.25,19378.75,pedestrian_1-1-pt_6211,152.75,wifi,69.5,0.45499181669394434
OQVNNJP7PJ21,19057.5,19123.5,pedestrian_1-1-pt_6243,1002.75,wifi,66.0,0.06581899775617053
91X5UKZ0H503,19247.75,19303.25,pedestrian_1-1-pt_6268,205.75,wifi,55.5,0.26974483596597815
56D20MSZND1Z,18311.0,18383.75,pedestrian_1-1-pt_6269,1029.25,wifi,72.75,0.07068253582705854
NJ5BZLH22A0F,19267.25,19330.25,pedestrian_1-1-pt_6273,132.75,wifi,63.0,0.4745762711864407
ONFS0VT2SRG3,19234.5,19307.0,pedestrian_1-1-pt_6279,722.75,wifi,72.5,0.10031131096506399
KH8WNHQT6L6R,19122.5,19190.75,pedestrian_1-1-pt_6292,481.75,wifi,68.25,0.1416709911779969
U0UX6RW1C1R2,18886.25,18960.75,pedestrian_1-1-pt_6297,581.5,wifi,74.5,0.12811693895098883
5MUHDK5EDLPN,19119.25,19187.75,pedestrian_1-1-pt_63,519.25,wifi,68.5,0.1319210399614829
169MJ6I5FD1I,19063.25,19137.0,pedestrian_1-1-pt_6305,449.75,wifi,73.75,0.16397998888271262
77S6O4SGUCH2,18380.25,18445.5,pedestrian_1-1-pt_6309,460.75,wifi,65.25,0.14161692892023875
BCTK411PR4MX,18508.25,18573.0,pedestrian_1-1-pt_6355,435.5,wifi,64.75,0.1486796785304248
UX3D69O5L43B,19138.25,19210.5,pedestrian_1-1-pt_6358,342.75,wifi,72.25,0.21079504011670314
1XK2TMNNMKKA,19031.25,19100.0,pedestrian_1-1-pt_6368,674.25,wifi,68.75,0.10196514645902854
7YSDLM0795JV,19019.25,19071.25,pedestrian_1-1-pt_6381,98.75,wifi,52.0,0.5265822784810127
XHCGFCOO9J8A,19207.0,19281.5,pedestrian_1-1-pt_6413,236.75,wifi,74.5,0.3146779303062302
Y65DB4VN5ZR2,19314.5,19386.0,pedestrian_1-1-pt_6424,135.75,wifi,71.5,0.5267034990791897
84TYG0BE2DHU,19325.0,19388.25,pedestrian_1-1-pt_6453,175.75,wifi,63.25,0.35988620199146515
D7ZJ61HYYKMF,18407.75,18468.5,pedestrian_1-1-pt_6456,308.5,wifi,60.75,0.19692058346839547
I1VW30BO3S7T,19333.75,19374.0,pedestrian_1-1-pt_6479,100.75,wifi,40.25,0.39950372208436724
NC4DU9PO4QT7,19118.75,19192.75,pedestrian_1-1-pt_6516,258.25,wifi,74.0,0.28654404646660214
BSM4FOUDOOLL,19020.75,19093.75,pedestrian_1-1-pt_6519,566.75,wifi,73.0,0.12880458756065286
AHXAIRR5W63H,19327.25,19400.0,pedestrian_1-1-pt_6538,499.75,wifi,72.75,0.1455727863931966
QRVPZE924GO2,18046.25,18104.0,pedestrian_1-1-pt_6561,170.25,wifi,57.75,0.3392070484581498
OH21NPPU2GES,19288.0,19358.0,pedestrian_1-1-pt_6569,155.75,wifi,70.0,0.449438202247191
CGZJ7BVBL5VT,18676.5,18740.5,pedestrian_1-1-pt_6579,186.5,wifi,64.0,0.34316353887399464
37764JGR43R3,19185.75,19254.0,pedestrian_1-1-pt_6613,645.75,wifi,68.25,0.10569105691056911
LANH42WE1WPS,18774.0,18829.5,pedestrian_1-1-pt_6640,234.75,wifi,55.5,0.2364217252396166
OJ6J9A97DE8O,18609.75,18674.5,pedestrian_1-1-pt_6651,377.0,wifi,64.75,0.17175066312997347
ZGDOU8LD6JSA,19361.5,19400.0,pedestrian_1-1-pt_667,73.75,wifi,38.5,0.5220338983050847
EEPH044SQIAB,18432.25,18504.0,pedestrian_1-1-pt_6673,101.0,wifi,71.75,0.7103960396039604
ZBLP6MSO58YK,18634.25,18702.25,pedestrian_1-1-pt_6721,314.75,wifi,68.0,0.21604447974583002
07P6LHV2GYTS,19264.25,19330.5,pedestrian_1-1-pt_6733,135.75,wifi,66.25,0.4880294659300184
C1J4BQY7FJB0,18840.25,18906.5,pedestrian_1-1-pt_6743,212.5,wifi,66.25,0.31176470588235294
ZVIAKNGKQYGV,18985.75,19060.5,pedestrian_1-1-pt_6773,465.75,wifi,74.75,0.16049382716049382
E6P590NR91AQ,18662.25,18705.75,pedestrian_1-1-pt_6779,156.75,wifi,43.5,0.27751196172248804
HA7OJ3CMLZWE,19071.25,19142.5,pedestrian_1-1-pt_682,244.25,wifi,71.25,0.2917093142272262
9JN9CEIGLPH3,19387.25,19400.0,pedestrian_1-1-pt_6853,12.75,wifi,12.75,1.0
3TLB1UJ1DD87,18497.25,18567.25,pedestrian_1-1-pt_6877,333.25,wifi,70.0,0.21005251312828208
JXEA517TJU9K,19299.5,19359.25,pedestrian_1-1-pt_689,159.75,wifi,59.75,0.37402190923317685
IRJMY54AJ4YQ,18520.25,18593.25,pedestrian_1-1-pt_6908,1086.25,wifi,73.0,0.06720368239355581
FC00P0IJVQ56,18538.75,18611.25,pedestrian_1-1-pt_6931,1035.75,wifi,72.5,0.06999758629012792
9VWPQL7FZTQP,18669.25,18721.25,pedestrian_1-1-pt_6974,56.25,wifi,52.0,0.9244444444444444
37GRKZU35CT8,19275.25,19346.75,pedestrian_1-1-pt_6979,1147.75,wifi,71.5,0.06229579612284905
28MUISHYP9B2,18769.5,18833.75,pedestrian_1-1-pt_6996,409.75,wifi,64.25,0.15680292861500916
6Y8XROAZG4B6,19379.25,19400.0,pedestrian_1-1-pt_7005,20.75,wifi,20.75,1.0
2RWIEMAAIQG9,18722.25,18792.0,pedestrian_1-1-pt_7040,730.0,wifi,69.75,0.09554794520547945
120Q2ERDFE5Q,18141.25,18206.5,pedestrian_1-1-pt_7054,187.75,wifi,65.25,0.34753661784287615
SUMS4FCAZSKK,19387.25,19400.0,pedestrian_1-1-pt_7080,12.75,wifi,12.75,1.0
LQ3CMFJJ3PFX,19271.25,19294.0,pedestrian_1-1-pt_7104,22.75,wifi,22.75,1.0
HITFSYQCIB5G,18196.25,18266.5,pedestrian_1-1-pt_7123,672.5,wifi,70.25,0.10446096654275093
LO3SLFCBQONV,19217.75,19290.0,pedestrian_1-1-pt_7142,593.75,wifi,72.25,0.12168421052631578
PGIJK332VSB5,19015.75,19088.0,pedestrian_1-1-pt_7167,890.75,wifi,72.25,0.08111142295818131
HZH4C365BFZ5,18703.75,18771.0,pedestrian_1-1-pt_717,457.75,wifi,67.25,0.14691425450573456
YN8SXB8ZWZB4,18460.0,18521.5,pedestrian_1-1-pt_720,494.75,wifi,61.5,0.12430520464881253
MEKUBKMXUI3A,18907.25,18978.0,pedestrian_1-1-pt_7251,1181.75,wifi,70.75,0.05986883858684155
XDPC46L4OXWW,19206.5,19271.25,pedestrian_1-1-pt_7281,386.75,wifi,64.75,0.167420814479638
5DIR65OP4TPL,18978.25,19053.0,pedestrian_1-1-pt_7305,421.75,wifi,74.75,0.17723770005927683
89VG777ZS0R5,19280.5,19353.5,pedestrian_1-1-pt_7307,222.75,wifi,73.0,0.3277216610549944
951ZLW6W8BR7,18808.75,18882.25,pedestrian_1-1-pt_7314,526.5,wifi,73.5,0.1396011396011396
DMS6NX9W2SC4,19008.75,19070.25,pedestrian_1-1-pt_7354,427.75,wifi,61.5,0.14377556984219755
MTYB574MZ3GV,18986.75,19061.5,pedestrian_1-1-pt_7368,1094.75,wifi,74.75,0.06828042932176295
5X9YIQDXJWM1,18829.25,18901.0,pedestrian_1-1-pt_7429,386.5,wifi,71.75,0.18564036222509703
01IMLIJHU8KV,18216.25,18265.5,pedestrian_1-1-pt_7440,49.25,wifi,49.25,1.0
CJ6B3E7ZCNY2,19346.25,19392.25,pedestrian_1-1-pt_7441,53.75,wifi,46.0,0.8558139534883721
LHUEBRDRUJ3F,18643.25,18714.25,pedestrian_1-1-pt_7534,756.75,wifi,71.0,0.09382226627023456
TEEY14EVSMLT,19310.0,19384.75,pedestrian_1-1-pt_7542,507.75,wifi,74.75,0.14721811915312655
GGV6CZGDT8FR,19361.25,19393.5,pedestrian_1-1-pt_7596,38.75,wifi,32.25,0.832258064516129
B74MBG7F1ATV,18683.75,18756.75,pedestrian_1-1-pt_762,648.5,wifi,73.0,0.1125674633770239
X6D42YSEZIKV,19068.75,19142.0,pedestrian_1-1-pt_7620,619.5,wifi,73.25,0.11824051654560129
67BL0OGRTQZC,19250.5,19324.75,pedestrian_1-1-pt_7631,595.75,wifi,74.25,0.12463281577843055
K8UJ69D0QZIV,18941.5,19015.5,pedestrian_1-1-pt_7664,827.5,wifi,74.0,0.08942598187311178
F2K8KRYBZLAN,19049.25,19120.25,pedestrian_1-1-pt_7670,522.75,wifi,71.0,0.1358201817312291
MVO65U0EQGE0,18384.0,18457.25,pedestrian_1-1-pt_7699,1082.75,wifi,73.25,0.06765181251443085
XL5CN2D0GUNG,19255.75,19320.5,pedestrian_1-1-pt_7716,295.75,wifi,64.75,0.21893491124260356
DJZGY9DH7JLQ,19156.0,19230.5,pedestrian_1-1-pt_776,981.75,wifi,74.5,0.07588489941431117
VXBQ9E0S7V65,18762.25,18821.25,pedestrian_1-1-pt_7760,289.75,wifi,59.0,0.20362381363244175
RTT75XVTV7PN,18765.25,18829.5,pedestrian_1-1-pt_7763,232.75,wifi,64.25,0.27604726100966703
X0CXFLOK2AAR,18907.5,18980.25,pedestrian_1-1-pt_7803,486.5,wifi,72.75,0.14953751284686537
NHFVNL69X7MJ,19278.5,19350.25,pedestrian_1-1-pt_7830,386.75,wifi,71.75,0.18552036199095023
TADB0DB2HQTH,19268.75,19336.75,pedestrian_1-1-pt_7839,714.75,wifi,68.0,0.09513816019587268
S5QN1ML7I8N5,19281.0,19324.0,pedestrian_1-1-pt_7863,159.75,wifi,43.0,0.26917057902973396
8DAEWVZ94Y6L,18342.75,18411.25,pedestrian_1-1-pt_7915,289.25,wifi,68.5,0.23681936041486604
MU7Z4TU5BXPE,19306.25,19362.0,pedestrian_1-1-pt_7959,93.75,wifi,55.75,0.5946666666666667
EYXROX3I9BD0,19003.0,19073.25,pedestrian_1-1-pt_7965,543.0,wifi,70.25,0.12937384898710866
L5VYHZ1PGY91,19374.25,19400.0,pedestrian_1-1-pt_7996,25.75,wifi,25.75,1.0
14JGCOYIWG4Z,18997.75,19070.25,pedestrian_1-1-pt_8002,929.75,wifi,72.5,0.07797795106211347
2WC7J6WHCNZF,19001.0,19070.75,pedestrian_1-1-pt_8068,103.5,wifi,69.75,0.6739130434782609
OWTM98JADTJX,19297.0,19366.0,pedestrian_1-1-pt_8085,171.75,wifi,69.0,0.4017467248908297
U9A3HYAZYI2R,19221.5,19286.5,pedestrian_1-1-pt_8125,233.75,wifi,65.0,0.27807486631016043
1IHV6VPL3C5Q,18162.75,18236.25,pedestrian_1-1-pt_8143,709.25,wifi,73.5,0.10363059569968276
J9TEJDB7EP0Z,18739.75,18787.0,pedestrian_1-1-pt_8184,106.75,wifi,47.25,0.4426229508196721
Q5BHS7MBXBDO,19362.0,19400.0,pedestrian_1-1-pt_8216,215.75,wifi,38.0,0.1761297798377752
TPHAOKWLPHKU,19086.5,19156.25,pedestrian_1-1-pt_8233,350.75,wifi,69.75,0.19885958660014255
YHH92NFWSAPT,19318.25,19367.0,pedestrian_1-1-pt_8247,81.75,wifi,48.75,0.5963302752293578
Y9I2YOMU5F1D,19015.25,19081.75,pedestrian_1-1-pt_8280,111.5,wifi,66.5,0.5964125560538116
NQ6G0GISD0Y7,18045.25,18108.0,pedestrian_1-1-pt_8289,66.5,wifi,62.75,0.943609022556391
YVZKOO4J9U22,18929.5,19001.75,pedestrian_1-1-pt_8338,739.75,wifi,72.25,0.0976681311253802
8LPX3NMC0CFZ,18997.25,19066.75,pedestrian_1-1-pt_8349,529.75,wifi,69.5,0.13119395941481832
5BHNR7IXDSZB,18194.5,18259.0,pedestrian_1-1-pt_8365,566.5,wifi,64.5,0.11385701676963812
FVHV4WTS64EN,18786.0,18860.5,pedestrian_1-1-pt_8380,839.25,wifi,74.5,0.08876973488233542
4ALSCF57GN32,18423.5,18492.0,pedestrian_1-1-pt_8392,592.75,wifi,68.5,0.1155630535638971
1UTJXCSLGR78,18497.0,18568.25,pedestrian_1-1-pt_841,1177.75,wifi,71.25,0.06049670982806198
3K37R3AVEHH0,19165.75,19216.25,pedestrian_1-1-pt_8414,111.75,wifi,50.5,0.4519015659955257
EY7BO02KLOZM,18284.25,18358.0,pedestrian_1-1-pt_8424,234.5,wifi,73.75,0.31449893390191896
VKSUGHRNCYBN,18762.75,18828.75,pedestrian_1-1-pt_8533,522.25,wifi,66.0,0.1263762565820967
GLAGOKLJKIJ1,18922.25,18997.0,pedestrian_1-1-pt_8536,1268.75,wifi,74.75,0.05891625615763547
4UKGTGPEU5KH,18835.0,18906.0,pedestrian_1-1-pt_8545,954.75,wifi,71.0,0.07436501702016235
3FBH357BOQPB,19288.75,19354.25,pedestrian_1-1-pt_855,231.75,wifi,65.5,0.2826321467098166
PJXQV0JLZLZN,18333.5,18399.5,pedestrian_1-1-pt_8551,248.5,wifi,66.0,0.2655935613682093
V1B9PXFS034K,18519.25,18592.5,pedestrian_1-1-pt_8567,794.25,wifi,73.25,0.09222536984576644
J3EGXUHLZ5D0,18335.75,18405.75,pedestrian_1-1-pt_8583,256.25,wifi,70.0,0.2731707317073171
7RUSSL3MOTC5,18953.0,19027.5,pedestrian_1-1-pt_8597,775.25,wifi,74.5,0.09609803289261529
0ILOLLSH0K73,19110.5,19179.0,pedestrian_1-1-pt_8611,437.75,wifi,68.5,0.1564820102798401
8NO7UBILMNUR,18457.75,18530.75,pedestrian_1-1-pt_8618,1305.75,wifi,73.0,0.055906567107026614
MHQP26XPXBEK,18370.5,18442.5,pedestrian_1-1-pt_8637,660.0,wifi,72.0,0.10909090909090909
EEBTSJUGDKZH,18552.0,18625.25,pedestrian_1-1-pt_8643,562.5,wifi,73.25,0.1302222222222222
STM0D6VN46Q4,19176.25,19238.75,pedestrian_1-1-pt_8682,121.0,wifi,62.5,0.5165289256198347
WWTL66OM9LEO,18711.0,18784.25,pedestrian_1-1-pt_8692,531.25,wifi,73.25,0.13788235294117648
M72QDE51HNC5,18945.25,19019.0,pedestrian_1-1-pt_871,558.0,wifi,73.75,0.13216845878136202
P736K87ARGQ3,18269.5,18344.0,pedestrian_1-1-pt_8714,1186.75,wifi,74.5,0.06277649041499894
IHRAAS8AODV5,19386.25,19400.0,pedestrian_1-1-pt_8728,13.75,wifi,13.75,1.0
AKCN2R1KRH5F,19304.25,19368.0,pedestrian_1-1-pt_8735,95.75,wifi,63.75,0.6657963446475196
EXUR4OSTVXTM,19197.5,19271.25,pedestrian_1-1-pt_8762,585.75,wifi,73.75,0.12590695689287237
DUMBCCN3AZJ6,18977.25,19022.25,pedestrian_1-1-pt_8784,144.25,wifi,45.0,0.3119584055459272
B8G2XARODD46,18044.75,18116.5,pedestrian_1-1-pt_8795,188.25,wifi,71.75,0.38114209827357237
J50JGHXYOA40,19307.25,19382.0,pedestrian_1-1-pt_8799,674.75,wifi,74.75,0.11078177102630604
2JZB4RPJZPCM,18660.0,18734.0,pedestrian_1-1-pt_8810,1370.75,wifi,74.0,0.05398504468356739
C45KXSRIF1B2,19138.25,19206.0,pedestrian_1-1-pt_8814,533.75,wifi,67.75,0.1269320843091335
NL8IP2ROZ0LL,19108.0,19179.75,pedestrian_1-1-pt_8839,530.75,wifi,71.75,0.13518605746585022
OF46W2WUBU1J,19392.25,19400.0,pedestrian_1-1-pt_8858,7.75,wifi,7.75,1.0
NCCKNEPY1X0G,18624.0,18698.0,pedestrian_1-1-pt_8872,1112.75,wifi,74.0,0.06650190968321726
2A5FS7B3JOVT,19041.25,19106.75,pedestrian_1-1-pt_8968,218.25,wifi,65.5,0.30011454753722794
3WT0B0AAB7LN,18491.25,18563.75,pedestrian_1-1-pt_8982,319.5,wifi,72.5,0.2269170579029734
5PJ3428WT43J,19267.5,19340.25,pedestrian_1-1-pt_930,825.75,wifi,72.75,0.08810172570390554
Z38S72V2EA9V,19052.75,19126.0,pedestrian_1-1-pt_953,644.5,wifi,73.25,0.11365399534522885
R09CUCN5VC7X,18323.5,18395.75,pedestrian_1-1-pt_954,303.0,wifi,72.25,0.23844884488448845
ABZUVMJ0SWUD,19324.0,19398.5,pedestrian_1-1-pt_955,1012.75,wifi,74.5,0.0735620834361886
NVR6RCNMAAOK,18866.25,18936.75,pedestrian_1-1-pt_977,473.25,wifi,70.5,0.14896988906497624
TOTYM17TRGJC,19210.75,19265.0,pedestrian_1-1-pt_98,152.5,wifi,54.25,0.3557377049180328
3FSRLNESRFFX,19368.25,19400.0,pedestrian_1-1-pt_980,31.75,wifi,31.75,1.0
PFXF578XKDR5,18140.5,18208.5,pedestrian_1-1-veh_105,250.25,wifi,68.0,0.27172827172827174
Z6V16CZH9HF5,18200.25,18274.5,pedestrian_1-1-veh_114,639.75,wifi,74.25,0.1160609613130129
CXUGV0LM93ZK,19132.0,19201.5,pedestrian_1-1-veh_152,456.75,wifi,69.5,0.15216201423097975
HFA5V3XGMTZT,19295.5,19369.25,pedestrian_1-1-veh_17,414.75,wifi,73.75,0.17781796262808922
TZNQHMF7BGGA,19119.75,19193.0,pedestrian_1-1-veh_202,379.75,wifi,73.25,0.19289005924950625
5NZZDU0M10XT,18401.25,18422.75,pedestrian_1-1-veh_234,21.5,wifi,21.5,1.0
BBIB6LPY3G6N,18238.5,18299.0,pedestrian_1-1-veh_236,239.5,wifi,60.5,0.25260960334029225
8OPB595YIFWS,19213.0,19287.0,pedestrian_1-1-veh_246,597.75,wifi,74.0,0.12379757423672104
SSS2FWTIP0S8,19212.25,19266.75,pedestrian_1-1-veh_248,116.0,wifi,54.5,0.4698275862068966
RLC4JU8RB6X8,18757.25,18811.25,pedestrian_1-1-veh_311,54.0,wifi,54.0,1.0
IOF2V82C3ZFZ,19092.0,19163.5,pedestrian_1-1-veh_359,425.25,wifi,71.5,0.16813639035861258
MKW0NCN2ZFH8,18630.25,18698.25,pedestrian_1-1-veh_406,181.75,wifi,68.0,0.3741403026134801
NG339Q3PUIJO,19329.0,19398.25,pedestrian_1-1-veh_407,487.75,wifi,69.25,0.14197847257816504
675KR77IPTIS,18561.25,18632.0,pedestrian_1-1-veh_415,374.0,wifi,70.75,0.1891711229946524
HYZYP21YDWVB,18684.0,18758.25,pedestrian_1-1-veh_42,392.0,wifi,74.25,0.18941326530612246
G2B7UZZ2V6AT,19162.75,19230.5,pedestrian_1-1-veh_425,467.25,wifi,67.75,0.14499732477260568
HASDNPWFRJO8,18522.25,18587.0,pedestrian_1-1-veh_459,257.0,wifi,64.75,0.2519455252918288
ES6QCO5C3YCA,18427.75,18496.75,pedestrian_1-1-veh_475,163.5,wifi,69.0,0.42201834862385323
LE0NXSD7BXQY,19208.25,19276.25,pedestrian_1-1-veh_503,178.25,wifi,68.0,0.3814866760168303
DQSI280KC3ZV,18269.25,18334.25,pedestrian_1-1-veh_509,247.25,wifi,65.0,0.26289180990899896
2UJRN7H9N7RB,18935.5,19003.25,pedestrian_1-1-veh_531,417.0,wifi,67.75,0.16247002398081534
PKTBM2Y1RFCL,19186.5,19258.25,pedestrian_1-1-veh_544,257.75,wifi,71.75,0.27837051406401553
J4YGPQ90FAWX,18032.25,18092.25,pedestrian_1-1-veh_546,71.75,wifi,60.0,0.8362369337979094
FW1ATYJ9I7UQ,19261.5,19330.25,pedestrian_1-1-veh_569,139.75,wifi,68.75,0.4919499105545617
P7QTVXX3Z2AC,19254.5,19327.5,pedestrian_1-1-veh_572,349.75,wifi,73.0,0.2087205146533238
1CDFPYXT2TJM,18412.25,18475.25,pedestrian_1-1-veh_585,189.5,wifi,63.0,0.3324538258575198
W2008NLMXK36,18734.0,18802.25,pedestrian_1-1-veh_602,242.5,wifi,68.25,0.28144329896907216
TRTGLJIVY0XR,19238.75,19303.0,pedestrian_1-1-veh_608,269.75,wifi,64.25,0.2381835032437442
6DKAYUOMY2R4,19197.25,19253.5,pedestrian_1-1-veh_617,244.75,wifi,56.25,0.22982635342185903
B7LQVA5SVF5K,19153.0,19214.25,pedestrian_1-1-veh_618,277.0,wifi,61.25,0.22111913357400723
G409RH5SBNEB,18583.75,18651.25,pedestrian_1-1-veh_65,391.25,wifi,67.5,0.17252396166134185
POSE8YCN79D2,18157.0,18229.0,pedestrian_1-1-veh_668,186.25,wifi,72.0,0.3865771812080537
KFGGDI4G3NOT,19367.25,19400.0,pedestrian_1-1-veh_689,32.75,wifi,32.75,1.0
3O625KV1Q2YM,18314.25,18388.0,pedestrian_1-1-veh_73,250.75,wifi,73.75,0.29411764705882354
D4VG6QY9680H,18345.5,18408.0,pedestrian_1-1-veh_767,185.5,wifi,62.5,0.33692722371967654
AH0CW6W7GJCJ,18254.75,18314.25,pedestrian_1-1-veh_790,375.75,wifi,59.5,0.15834996673320026
ZF3AM3NKS2I9,18929.0,18990.5,pedestrian_1-1-veh_817,327.5,wifi,61.5,0.18778625954198475
8YU12XWDPRFZ,19175.75,19233.0,pedestrian_1-1-veh_824,329.75,wifi,57.25,0.17361637604245642
P6W7JE5K8KOJ,18315.0,18381.5,pedestrian_1-1-veh_831,229.25,wifi,66.5,0.2900763358778626
ONY640RR6WOP,19287.25,19359.75,pedestrian_1-1-veh_856,112.75,wifi,72.5,0.6430155210643016
WFSKDST27B3L,18893.25,18959.0,pedestrian_1-1-veh_879,113.75,wifi,65.75,0.578021978021978
ZDTCCJYPAD5E,18008.25,18077.0,pedestrian_1-1-veh_886,224.25,wifi,68.75,0.30657748049052397
M4AA5GZFD77E,18780.0,18838.75,pedestrian_1-1-veh_97,398.25,wifi,58.75,0.1475204017576899
3DOXGRU93CQC,18931.0,18999.25,pedestrian_1-2_1002,354.25,wifi,68.25,0.1926605504587156
W9IE88ZVJRYK,19284.25,19353.5,pedestrian_1-2_1025,338.75,wifi,69.25,0.2044280442804428
5QDIYOPH8F40,18169.25,18238.5,pedestrian_1-2_104,261.75,wifi,69.25,0.26456542502387775
3SZL8CVGDAZ3,18670.25,18735.0,pedestrian_1-2_1063,208.5,wifi,64.75,0.3105515587529976
4Z5KT9C4J7J1,18529.0,18595.0,pedestrian_1-2_1066,419.75,wifi,66.0,0.15723645026801666
0N45WGXCJ933,18520.0,18591.75,pedestrian_1-2_1110,330.25,wifi,71.75,0.21725965177895534
1MC6SKZULE14,18867.25,18941.25,pedestrian_1-2_1181,288.25,wifi,74.0,0.2567215958369471
KW2QYQY95DSM,19323.25,19394.5,pedestrian_1-2_1219,137.75,wifi,71.25,0.5172413793103449
ZFRIX6SQVSYI,18637.5,18707.0,pedestrian_1-2_1255,170.0,wifi,69.5,0.4088235294117647
4T1YB03YKIB4,19296.5,19371.25,pedestrian_1-2_1274,216.75,wifi,74.75,0.34486735870818913
Z6M8G0YJX8P8,18447.0,18516.75,pedestrian_1-2_1275,242.5,wifi,69.75,0.2876288659793814
UR7J8ZURWZUZ,18288.75,18345.0,pedestrian_1-2_1285,307.25,wifi,56.25,0.18307567127746135
UUUJGGEIECO1,18816.25,18868.75,pedestrian_1-2_1309,196.0,wifi,52.5,0.26785714285714285
R63WMTF3EERR,18303.25,18350.5,pedestrian_1-2_1312,177.0,wifi,47.25,0.2669491525423729
I8BMNTTIKDGP,18144.75,18217.0,pedestrian_1-2_1313,276.0,wifi,72.25,0.2617753623188406
MT6EUEHF71YE,18227.5,18272.75,pedestrian_1-2_1330,117.5,wifi,45.25,0.3851063829787234
QKXLJPJ7HP15,18320.5,18389.5,pedestrian_1-2_1412,191.75,wifi,69.0,0.35984354628422427
DMMC8V7OC86P,18837.25,18855.75,pedestrian_1-2_1420,18.5,wifi,18.5,1.0
A20JT787E07D,18941.25,19015.0,pedestrian_1-2_1431,181.5,wifi,73.75,0.40633608815426997
2MKIA4SAA9CM,18820.25,18885.25,pedestrian_1-2_1494,224.5,wifi,65.0,0.289532293986637
ZBOKEUGMHCD0,19359.25,19400.0,pedestrian_1-2_1511,40.75,wifi,40.75,1.0
95ERDJIX6PXZ,19395.25,19400.0,pedestrian_1-2_1525,4.75,wifi,4.75,1.0
R8G9IF933ZOP,18925.25,18991.25,pedestrian_1-2_1533,72.5,wifi,66.0,0.9103448275862069
66T4YIKUQ891,18092.25,18163.25,pedestrian_1-2_1559,397.75,wifi,71.0,0.17850408548082966
8W7O66BT1365,18920.25,18986.0,pedestrian_1-2_158,263.25,wifi,65.75,0.24976258309591642
ENLUUG3KB21M,18764.5,18831.75,pedestrian_1-2_1592,330.0,wifi,67.25,0.2037878787878788
WFWUNVBVN0GP,19205.25,19258.0,pedestrian_1-2_1596,194.75,wifi,52.75,0.27086007702182285
SFP5J6I5GUT1,18575.75,18647.75,pedestrian_1-2_1600,343.0,wifi,72.0,0.2099125364431487
APQAW16UX0LB,18199.5,18268.25,pedestrian_1-2_1612,224.0,wifi,68.75,0.30691964285714285
KHHGV74FJIPE,18492.25,18565.25,pedestrian_1-2_163,114.75,wifi,73.0,0.6361655773420479
TJB0VJZSPE2M,18478.25,18544.75,pedestrian_1-2_1640,275.25,wifi,66.5,0.24159854677565848
UHRNWJ6AFKC8,19130.5,19199.25,pedestrian_1-2_1658,339.5,wifi,68.75,0.2025036818851252
E932F9M321O2,18750.25,18796.75,pedestrian_1-2_1660,73.5,wifi,46.5,0.6326530612244898
F6FY63QWQV2Z,18466.25,18522.25,pedestrian_1-2_1667,313.0,wifi,56.0,0.17891373801916932
D0ZS0ORGCCFZ,18703.25,18773.0,pedestrian_1-2_168,102.25,wifi,69.75,0.6821515892420538
FFF38K0LJBQG,18950.25,19021.75,pedestrian_1-2_1688,247.25,wifi,71.5,0.2891809908998989
XJS8MV3XV5M4,18416.0,18482.75,pedestrian_1-2_1707,297.0,wifi,66.75,0.22474747474747475
Q18M01HI8NWC,18662.25,18723.5,pedestrian_1-2_1715,292.75,wifi,61.25,0.20922288642186165
NXYWF4SI6D7N,18064.25,18117.5,pedestrian_1-2_1741,360.0,wifi,53.25,0.14791666666666667
8CMTTYU9QNEN,19095.25,19154.75,pedestrian_1-2_1805,59.5,wifi,59.5,1.0
91XEZFXARPJE,19309.25,19383.0,pedestrian_1-2_1837,90.75,wifi,73.75,0.8126721763085399
5T87OYA1C7R5,19363.25,19400.0,pedestrian_1-2_1875,36.75,wifi,36.75,1.0
0MZVVJEPNYQM,19250.25,19303.0,pedestrian_1-2_1877,199.75,wifi,52.75,0.2640801001251564
YGQ6KGUTKMVU,19253.5,19327.25,pedestrian_1-2_1901,240.5,wifi,73.75,0.30665280665280664
QXR7N8W3IXGQ,18740.25,18810.25,pedestrian_1-2_1914,159.25,wifi,70.0,0.43956043956043955
324W9FF15KXZ,18645.25,18707.5,pedestrian_1-2_1948,220.25,wifi,62.25,0.282633371169126
2J59PYUMWJLT,18914.75,18986.75,pedestrian_1-2_1953,264.25,wifi,72.0,0.27246925260170296
ZVJGHB41FL65,18071.0,18142.75,pedestrian_1-2_1990,196.5,wifi,71.75,0.3651399491094148
OU03TBE3GD4Q,18606.0,18649.0,pedestrian_1-2_2029,116.75,wifi,43.0,0.3683083511777302
76RE35CNIQUQ,18466.25,18480.0,pedestrian_1-2_2030,13.75,wifi,13.75,1.0
LR64I5S4OVNC,19240.25,19300.5,pedestrian_1-2_2034,159.75,wifi,60.25,0.37715179968701096
7TUGL4VYMZJV,19057.0,19128.75,pedestrian_1-2_2061,398.5,wifi,71.75,0.18005018820577165
HSL7SHPGXWHM,19284.25,19350.75,pedestrian_1-2_2094,169.75,wifi,66.5,0.3917525773195876
3VAGBBQRMSS0,18064.25,18134.0,pedestrian_1-2_2171,220.0,wifi,69.75,0.3170454545454545
WX510IJ7F3KV,18286.25,18351.5,pedestrian_1-2_2180,185.0,wifi,65.25,0.3527027027027027
GI49VR6HSG3J,18274.25,18339.5,pedestrian_1-2_2183,186.25,wifi,65.25,0.3503355704697987
ZX6AT9SO505Q,18438.25,18452.5,pedestrian_1-2_2229,14.25,wifi,14.25,1.0
LVIR27N4MD6F,18518.25,18539.0,pedestrian_1-2_2237,20.75,wifi,20.75,1.0
9PLSKUDJVNSZ,18186.25,18225.5,pedestrian_1-2_2287,75.25,wifi,39.25,0.521594684385382
H85VOFWJFNFD,19330.0,19396.75,pedestrian_1-2_2316,182.75,wifi,66.75,0.3652530779753762
FBDXSHSYUHE4,19079.25,19095.0,pedestrian_1-2_2335,15.75,wifi,15.75,1.0
YC2MYO2Y7QCB,18326.75,18397.5,pedestrian_1-2_2337,301.0,wifi,70.75,0.2350498338870432
2UQS23O78EK7,19338.25,19400.0,pedestrian_1-2_2340,61.75,wifi,61.75,1.0
JGTS6S0AZ3VR,18880.5,18930.5,pedestrian_1-2_2422,166.0,wifi,50.0,0.30120481927710846
PX9JUR6703NY,19384.25,19400.0,pedestrian_1-2_2473,15.75,wifi,15.75,1.0
HRA2JTDBG1KT,18253.25,18269.25,pedestrian_1-2_2512,16.0,wifi,16.0,1.0
YQ5ZTXL5DBUW,19260.0,19333.25,pedestrian_1-2_2554,515.5,wifi,73.25,0.14209505334626577
ICTTHC0BWH8Z,18326.25,18400.75,pedestrian_1-2_2564,319.75,wifi,74.5,0.2329945269741986
3MRHF5ASLUAJ,19081.0,19152.5,pedestrian_1-2_258,216.0,wifi,71.5,0.33101851851851855
JOKIB2FHMHAN,18130.25,18138.75,pedestrian_1-2_2580,8.5,wifi,8.5,1.0
7NW7EZ6GEPQB,18581.75,18623.5,pedestrian_1-2_2583,89.5,wifi,41.75,0.4664804469273743
LNK9DLKLF8HB,18727.25,18792.5,pedestrian_1-2_2598,122.25,wifi,65.25,0.5337423312883436
5SVHJV680GM8,19253.25,19322.75,pedestrian_1-2_2613,389.75,wifi,69.5,0.17831943553559973
RKCHHIZY9AIA,19052.5,19121.75,pedestrian_1-2_2620,288.0,wifi,69.25,0.2404513888888889
GZL242FXEUXW,19283.25,19350.25,pedestrian_1-2_2653,116.75,wifi,67.0,0.5738758029978587
SPUUNK6RAW09,18386.25,18446.5,pedestrian_1-2_2670,219.25,wifi,60.25,0.2748004561003421
ZBWZEJMGRRZW,18866.25,18940.25,pedestrian_1-2_2688,302.5,wifi,74.0,0.24462809917355371
1ZOT01PJLE6N,19327.0,19397.25,pedestrian_1-2_2702,283.75,wifi,70.25,0.2475770925110132
TJMF95T2VUYN,19385.25,19400.0,pedestrian_1-2_2708,14.75,wifi,14.75,1.0
L47RCH9XHJJ6,19155.25,19228.5,pedestrian_1-2_2715,147.0,wifi,73.25,0.49829931972789115
LF2DUFIQLJXD,19174.25,19240.5,pedestrian_1-2_2741,535.0,wifi,66.25,0.12383177570093458
632BDUWT1T4O,18521.25,18594.25,pedestrian_1-2_2750,373.0,wifi,73.0,0.19571045576407506
XTHKAK4C9WIP,18417.25,18487.5,pedestrian_1-2_2756,215.75,wifi,70.25,0.32560834298957125
AHCG882IWGA5,19395.25,19400.0,pedestrian_1-2_2763,4.75,wifi,4.75,1.0
LQ32D84GV5I1,19154.25,19169.75,pedestrian_1-2_2797,15.5,wifi,15.5,1.0
41JR9YWRJZUD,18418.75,18488.75,pedestrian_1-2_280,295.0,wifi,70.0,0.23728813559322035
FZX5EBBP4PHO,18041.25,18108.5,pedestrian_1-2_285,122.0,wifi,67.25,0.5512295081967213
I3R6TEPRNNHC,18223.0,18289.0,pedestrian_1-2_2867,190.25,wifi,66.0,0.3469119579500657
00XT2UZWYMK7,19266.0,19320.25,pedestrian_1-2_2871,185.75,wifi,54.25,0.2920592193808883
9TNA87QXBNGZ,18496.25,18557.75,pedestrian_1-2_2944,142.0,wifi,61.5,0.43309859154929575
THRJ4FR4BFC6,19322.25,19383.75,pedestrian_1-2_2965,173.75,wifi,61.5,0.3539568345323741
VKAHQCLD2B1T,19060.0,19117.0,pedestrian_1-2_3052,369.0,wifi,57.0,0.15447154471544716
LTGSQWW02AX9,18663.25,18681.75,pedestrian_1-2_3077,18.5,wifi,18.5,1.0
7OYB1F8Z5INR,19042.5,19117.0,pedestrian_1-2_3080,248.0,wifi,74.5,0.3004032258064516
ISQDD58ICUT3,19167.75,19237.5,pedestrian_1-2_3087,279.0,wifi,69.75,0.25
JMVC3QRFFOSN,19047.25,19121.0,pedestrian_1-2_315,352.75,wifi,73.75,0.2090715804394047
1AZ6X00EYKP0,18393.25,18465.75,pedestrian_1-2_3150,550.5,wifi,72.5,0.13169845594913715
2PW7QR1BC68A,18649.0,18723.75,pedestrian_1-2_3163,368.0,wifi,74.75,0.203125
N2EJVATOL4RV,19057.75,19127.5,pedestrian_1-2_320,217.75,wifi,69.75,0.3203214695752009
V2F98NZXY239,18201.75,18275.5,pedestrian_1-2_3214,149.25,wifi,73.75,0.49413735343383586
4I0IW94RP5U8,18423.5,18496.75,pedestrian_1-2_327,119.0,wifi,73.25,0.615546218487395
EE06DJVK90D4,18336.25,18386.75,pedestrian_1-2_3280,91.5,wifi,50.5,0.5519125683060109
J6Y9ZBBLXEJG,18760.5,18826.5,pedestrian_1-2_3286,458.75,wifi,66.0,0.1438692098092643
EO2Y00O1WBVL,19070.0,19139.75,pedestrian_1-2_3295,336.25,wifi,69.75,0.20743494423791822
H4ZH7HU4GDCQ,19032.25,19081.25,pedestrian_1-2_3338,179.0,wifi,49.0,0.2737430167597765
J6VFXJPN7BCH,19381.25,19400.0,pedestrian_1-2_3345,18.75,wifi,18.75,1.0
NYHH3A17S9PE,18482.0,18556.5,pedestrian_1-2_3386,316.5,wifi,74.5,0.2353870458135861
021AL36B1O5X,19217.75,19278.5,pedestrian_1-2_3417,275.0,wifi,60.75,0.22090909090909092
CSU3CPDXE3ID,18322.75,18384.5,pedestrian_1-2_3462,126.0,wifi,61.75,0.49007936507936506
O2Z225SNTJDK,19026.25,19041.75,pedestrian_1-2_3464,15.5,wifi,15.5,1.0
K3ZHN3KXB6FX,18111.25,18133.0,pedestrian_1-2_3488,21.75,wifi,21.75,1.0
T4A8GXMY21HZ,19305.25,19377.25,pedestrian_1-2_3511,94.75,wifi,72.0,0.7598944591029023
HV3MFNGCMKT8,18570.0,18644.75,pedestrian_1-2_3575,373.5,wifi,74.75,0.2001338688085676
MLHSE4TB1YAT,19180.75,19249.0,pedestrian_1-2_3590,357.75,wifi,68.25,0.19077568134171907
3OM91SAXMPDK,18544.5,18614.5,pedestrian_1-2_3594,459.75,wifi,70.0,0.15225666122892875
7IH2SHIGMSAJ,18212.25,18280.75,pedestrian_1-2_3608,403.25,wifi,68.5,0.1698698078115313
H2KV4J46M0VY,19356.25,19400.0,pedestrian_1-2_3651,84.75,wifi,43.75,0.5162241887905604
M6MDHB0SPADX,18555.25,18600.5,pedestrian_1-2_3663,219.25,wifi,45.25,0.2063854047890536
7NX4K2A90QMT,19331.75,19400.0,pedestrian_1-2_3692,160.75,wifi,68.25,0.42457231726283046
HU1LK4A0SIV3,18177.25,18225.0,pedestrian_1-2_3693,95.0,wifi,47.75,0.5026315789473684
D7RRT7NQEH9V,19316.25,19353.75,pedestrian_1-2_3697,83.75,wifi,37.5,0.44776119402985076
ZVSZFB2CE73A,19105.5,19164.25,pedestrian_1-2_3708,113.5,wifi,58.75,0.5176211453744494
OX0KZEKQ8J2J,18332.5,18403.25,pedestrian_1-2_3720,179.75,wifi,70.75,0.39360222531293465
NBYT3QRPYDEK,19396.25,19400.0,pedestrian_1-2_3748,3.75,wifi,3.75,1.0
8EMLK3YYLL3D,18152.75,18224.0,pedestrian_1-2_3787,149.75,wifi,71.25,0.4757929883138564
SYPE55FF9YJQ,18058.25,18067.5,pedestrian_1-2_3821,9.25,wifi,9.25,1.0
KL7BIXH9KDFC,18963.25,19029.0,pedestrian_1-2_3827,288.5,wifi,65.75,0.22790294627383015
ET14PZYUY2FP,18756.25,18829.0,pedestrian_1-2_3835,446.0,wifi,72.75,0.16311659192825112
OCKIE34B8EVB,18204.5,18265.25,pedestrian_1-2_3838,327.25,wifi,60.75,0.18563789152024446
OGZILJIOLCD6,18767.5,18839.5,pedestrian_1-2_3879,173.25,wifi,72.0,0.4155844155844156
IB8HICNXDIJ9,19168.5,19241.0,pedestrian_1-2_3885,230.5,wifi,72.5,0.31453362255965295
WBVU0CVOR28Z,18491.0,18558.5,pedestrian_1-2_390,198.75,wifi,67.5,0.33962264150943394
Q9HKKBV7MFWO,18736.25,18743.5,pedestrian_1-2_3908,7.25,wifi,7.25,1.0
Q00KB6NZIXGG,18107.25,18178.0,pedestrian_1-2_3940,279.25,wifi,70.75,0.25335720680393914
21PT1HETSGCL,19213.25,19273.5,pedestrian_1-2_3945,186.75,wifi,60.25,0.32262382864792505
7PXJRIX7TMZW,19235.5,19296.75,pedestrian_1-2_4065,222.75,wifi,61.25,0.27497194163860833
VXBDXZJXU901,19284.25,19351.0,pedestrian_1-2_4098,483.75,wifi,66.75,0.13798449612403102
16EJ3AO6E7K5,19103.0,19175.0,pedestrian_1-2_4119,272.75,wifi,72.0,0.26397800183318054
1W6L6MLZR6W0,18256.25,18287.0,pedestrian_1-2_4206,30.75,wifi,30.75,1.0
XOWTAGRRXV71,18853.75,18915.75,pedestrian_1-2_4208,422.75,wifi,62.0,0.14665878178592548
PHIINL634DZZ,19323.25,19378.5,pedestrian_1-2_4249,76.75,wifi,55.25,0.7198697068403909
7X0B1GCUP41U,19346.25,19400.0,pedestrian_1-2_4266,53.75,wifi,53.75,1.0
KBYBB108QC3N,18217.25,18275.5,pedestrian_1-2_4270,211.5,wifi,58.25,0.27541371158392436
ZIZXQG9NJ6XJ,18764.0,18835.75,pedestrian_1-2_4282,249.0,wifi,71.75,0.28815261044176704
D3G7G4KXBZQU,18539.0,18611.25,pedestrian_1-2_430,253.5,wifi,72.25,0.28500986193293887
VPUJXNKC1HE3,19216.75,19282.5,pedestrian_1-2_431,390.75,wifi,65.75,0.16826615483045426
UHXOG5EZKXTB,18554.25,18614.5,pedestrian_1-2_4325,172.5,wifi,60.25,0.3492753623188406
GVWDKXXO8H6W,18085.25,18155.75,pedestrian_1-2_4327,259.75,wifi,70.5,0.2714148219441771
6JSVWWAMG3XU,19282.25,19342.25,pedestrian_1-2_4333,117.75,wifi,60.0,0.5095541401273885
JDXRO4RBAQBD,18708.25,18774.5,pedestrian_1-2_4362,311.0,wifi,66.25,0.21302250803858522
BNCEARHFK046,18662.5,18731.75,pedestrian_1-2_4376,197.0,wifi,69.25,0.35152284263959394
RCF5LH9OPQJ1,18532.25,18605.25,pedestrian_1-2_4386,323.25,wifi,73.0,0.22583139984532097
QMBU7EFFFCTV,18464.25,18532.5,pedestrian_1-2_4388,149.5,wifi,68.25,0.45652173913043476
3NA9GU9WC5GP,19287.75,19357.25,pedestrian_1-2_4433,217.75,wifi,69.5,0.31917336394948337
F8LF1JQLCLX2,18181.5,18246.25,pedestrian_1-2_4454,247.75,wifi,64.75,0.2613521695257316
SDMQAK9U55H1,18862.25,18923.0,pedestrian_1-2_4483,249.25,wifi,60.75,0.24373119358074222
W6Y9GB0E8RXO,18743.25,18814.0,pedestrian_1-2_4533,398.25,wifi,70.75,0.17765222849968612
Y343DUVTR6VU,18605.25,18679.25,pedestrian_1-2_4577,375.5,wifi,74.0,0.1970705725699068
BN7IICQC5SVW,18860.25,18929.0,pedestrian_1-2_4580,202.5,wifi,68.75,0.3395061728395062
B25LLSQMN84K,18998.25,19070.75,pedestrian_1-2_4595,231.25,wifi,72.5,0.31351351351351353
KCK55GHYQCOO,19090.25,19097.25,pedestrian_1-2_4607,7.0,wifi,7.0,1.0
Z7QGOOY87E7Z,18236.0,18299.75,pedestrian_1-2_4609,174.5,wifi,63.75,0.3653295128939828
E7KS2HZV99N0,19255.25,19327.75,pedestrian_1-2_4610,162.25,wifi,72.5,0.44684129429892144
3RLQHPFKXUSF,18124.25,18163.0,pedestrian_1-2_4634,38.75,wifi,38.75,1.0
07R16ORFVCIV,18970.75,19044.0,pedestrian_1-2_4658,240.75,wifi,73.25,0.304257528556594
DQQMYVDTW322,18689.0,18757.5,pedestrian_1-2_4700,408.0,wifi,68.5,0.16789215686274508
IZ9EBNIBSJGN,18586.25,18659.75,pedestrian_1-2_4715,228.0,wifi,73.5,0.3223684210526316
MV2J86FI0R0A,18568.25,18635.25,pedestrian_1-2_4719,179.25,wifi,67.0,0.3737796373779637
BRDNDU195A47,19357.25,19400.0,pedestrian_1-2_4724,42.75,wifi,42.75,1.0
FIGJOJP2N5JY,18620.25,18650.75,pedestrian_1-2_4727,30.5,wifi,30.5,1.0
L46P4MWL56K7,18952.75,19024.5,pedestrian_1-2_4730,631.75,wifi,71.75,0.11357340720221606
2SF7QJRND2YJ,18041.25,18065.0,pedestrian_1-2_4734,23.75,wifi,23.75,1.0
QOUS7X5VYNEB,19348.25,19400.0,pedestrian_1-2_475,51.75,wifi,51.75,1.0
87H4OA3TYI73,18441.25,18516.0,pedestrian_1-2_4753,240.5,wifi,74.75,0.3108108108108108
9G20KLTZKJYK,18572.25,18625.75,pedestrian_1-2_4791,87.5,wifi,53.5,0.6114285714285714
Q1ZX5935S3JM,19207.25,19275.75,pedestrian_1-2_4793,168.0,wifi,68.5,0.40773809523809523
8X9KK9MRZZSP,19193.25,19240.5,pedestrian_1-2_4805,184.5,wifi,47.25,0.25609756097560976
32K52M97P5H3,18309.25,18378.5,pedestrian_1-2_4853,85.5,wifi,69.25,0.8099415204678363
NQ97QGK4Z742,19279.25,19286.5,pedestrian_1-2_4886,7.25,wifi,7.25,1.0
G8V6W34IGKJ1,18635.0,18708.5,pedestrian_1-2_4907,232.75,wifi,73.5,0.3157894736842105
ZFF7ASDDFJ4A,18903.25,18975.75,pedestrian_1-2_4931,189.0,wifi,72.5,0.3835978835978836
BPUY15C9GJ8B,19329.25,19397.5,pedestrian_1-2_4939,70.75,wifi,68.25,0.9646643109540636
374MJOXW95K5,18736.25,18804.25,pedestrian_1-2_4940,338.75,wifi,68.0,0.2007380073800738
6VNPS14GEQAC,19311.25,19384.75,pedestrian_1-2_4950,88.75,wifi,73.5,0.828169014084507
32H4NHDOX52J,18572.25,18645.5,pedestrian_1-2_4955,494.75,wifi,73.25,0.1480545730166751
W26D5AIAOF6N,19086.5,19160.5,pedestrian_1-2_4962,292.25,wifi,74.0,0.25320786997433703
KL3M68LJOZ6M,18677.5,18744.75,pedestrian_1-2_5004,324.25,wifi,67.25,0.20740169622205087
7FF9QAJEPDT2,19017.25,19069.5,pedestrian_1-2_5020,54.0,wifi,52.25,0.9675925925925926
5HNVD78PWVHV,19133.25,19203.5,pedestrian_1-2_5033,181.0,wifi,70.25,0.38812154696132595
0J49X6K9CRHS,19140.75,19213.25,pedestrian_1-2_505,247.5,wifi,72.5,0.29292929292929293
CD1VU6FDO5NB,18254.75,18312.0,pedestrian_1-2_5092,135.0,wifi,57.25,0.42407407407407405
WSZNVEMTXMOR,19381.25,19400.0,pedestrian_1-2_512,18.75,wifi,18.75,1.0
3VT1T4LXDFDG,19163.25,19230.25,pedestrian_1-2_518,210.5,wifi,67.0,0.3182897862232779
OT3KZCZDTC4Z,18632.25,18682.25,pedestrian_1-2_5210,76.5,wifi,50.0,0.6535947712418301
59MGHOIQOTXP,18895.25,18956.5,pedestrian_1-2_5244,216.25,wifi,61.25,0.2832369942196532
3FQ8P2U32J43,19348.25,19393.0,pedestrian_1-2_5245,51.75,wifi,44.75,0.8647342995169082
QUMWSJSAJSLE,19083.0,19153.75,pedestrian_1-2_5248,219.0,wifi,70.75,0.3230593607305936
JCF9IWLJB81U,18907.25,18974.0,pedestrian_1-2_5252,168.5,wifi,66.75,0.3961424332344214
ZL79AIQNKEG0,18634.25,18707.75,pedestrian_1-2_5263,212.75,wifi,73.5,0.345475910693302
F0QBXD6WPSI1,18959.25,19026.5,pedestrian_1-2_5288,180.0,wifi,67.25,0.3736111111111111
4HFS5WC8M0UW,18154.25,18227.25,pedestrian_1-2_5319,258.25,wifi,73.0,0.28267182962245885
764ZZR8QZJ26,18850.5,18923.5,pedestrian_1-2_5364,311.25,wifi,73.0,0.23453815261044178
VCHA79Z240AS,19326.25,19363.5,pedestrian_1-2_5369,37.25,wifi,37.25,1.0
GNLX8MP2NSVZ,19314.25,19363.25,pedestrian_1-2_5414,125.75,wifi,49.0,0.38966202783300197
9E0FTEJKUHWF,18245.25,18310.5,pedestrian_1-2_5421,114.25,wifi,65.25,0.5711159737417943
B3TMS0779680,19265.75,19340.5,pedestrian_1-2_5428,265.75,wifi,74.75,0.2812793979303857
X7NQCN3EQIB8,18314.0,18386.75,pedestrian_1-2_5460,346.25,wifi,72.75,0.21010830324909746
FSYMG1DOZXUH,18156.0,18222.75,pedestrian_1-2_5518,234.5,wifi,66.75,0.2846481876332623
S0CSRGLK685T,18455.5,18526.25,pedestrian_1-2_554,411.25,wifi,70.75,0.17203647416413373
9REOJGKZ3PAE,19017.25,19086.0,pedestrian_1-2_5595,382.75,wifi,68.75,0.17962116263879818
MXRML0XP0ND4,18257.25,18289.75,pedestrian_1-2_5640,47.25,wifi,32.5,0.6878306878306878
86SMMC640XBS,18845.0,18913.75,pedestrian_1-2_5641,333.25,wifi,68.75,0.20630157539384847
M7PZPO5PAT0C,18325.75,18394.75,pedestrian_1-2_5687,258.25,wifi,69.0,0.2671829622458858
3644CKECH7T3,18461.25,18531.75,pedestrian_1-2_573,83.25,wifi,70.5,0.8468468468468469
9FGWOT44LEBI,18200.5,18272.75,pedestrian_1-2_5739,361.75,wifi,72.25,0.19972356599861782
HTR6F51UJUG6,19113.25,19149.25,pedestrian_1-2_5745,53.0,wifi,36.0,0.6792452830188679
PV2W3ZUOLUW8,18935.25,18950.5,pedestrian_1-2_5752,15.25,wifi,15.25,1.0
4SGPJH9D43WJ,18302.25,18331.0,pedestrian_1-2_5753,28.75,wifi,28.75,1.0
RUIG7Q99KHNK,18011.25,18076.0,pedestrian_1-2_5770,159.75,wifi,64.75,0.405320813771518
TFGHMSWO7FYI,18694.25,18759.75,pedestrian_1-2_5788,255.0,wifi,65.5,0.2568627450980392
KLD0BJIC4YK9,18061.25,18135.0,pedestrian_1-2_5791,146.5,wifi,73.75,0.5034129692832765
OGUQKYWNUVYN,18740.75,18811.25,pedestrian_1-2_582,302.25,wifi,70.5,0.23325062034739455
EKIURXBZHG8Y,18688.75,18745.25,pedestrian_1-2_584,266.25,wifi,56.5,0.21220657276995306
MBT9MPR7LSQT,18973.25,19015.25,pedestrian_1-2_5900,64.75,wifi,42.0,0.6486486486486487
H9MEZE004KHT,18703.0,18763.0,pedestrian_1-2_5927,149.0,wifi,60.0,0.40268456375838924
K1EIRPES3FKP,18373.75,18441.25,pedestrian_1-2_593,218.5,wifi,67.5,0.30892448512585813
S2909JDPZNES,18256.5,18319.25,pedestrian_1-2_5943,232.0,wifi,62.75,0.2704741379310345
7CK193F01AQX,18760.75,18820.75,pedestrian_1-2_5951,119.5,wifi,60.0,0.502092050209205
F88I1ZY2WM06,19366.25,19400.0,pedestrian_1-2_597,33.75,wifi,33.75,1.0
Z3IH4A2AG89E,18297.25,18370.0,pedestrian_1-2_6007,346.25,wifi,72.75,0.21010830324909746
OW0VMY7CYYWK,19222.75,19296.0,pedestrian_1-2_6013,236.75,wifi,73.25,0.3093980992608237
VK9IAR0Q1OWA,19222.25,19297.0,pedestrian_1-2_6041,76.0,wifi,74.75,0.9835526315789473
RC90XJ5JL61V,18036.25,18106.5,pedestrian_1-2_609,136.75,wifi,70.25,0.5137111517367459
MWRE0059UE5S,18507.75,18582.0,pedestrian_1-2_634,411.5,wifi,74.25,0.18043742405832322
14ETQQCDVM2Q,18052.25,18124.0,pedestrian_1-2_638,266.75,wifi,71.75,0.2689784442361762
0PCNR4412XZ4,18352.25,18425.25,pedestrian_1-2_651,372.75,wifi,73.0,0.19584171696847752
D8HVYB7MEYKZ,18438.75,18513.25,pedestrian_1-2_668,268.25,wifi,74.5,0.2777260018639329
4MJIH6DFOACX,18329.25,18402.5,pedestrian_1-2_722,331.0,wifi,73.25,0.2212990936555891
3CSNCE63A2U6,18491.25,18565.5,pedestrian_1-2_752,261.75,wifi,74.25,0.2836676217765043
H7Q3KTAX67ML,18811.25,18882.25,pedestrian_1-2_782,419.0,wifi,71.0,0.16945107398568018
A6CKCXYDUF7L,18682.5,18742.5,pedestrian_1-2_811,261.25,wifi,60.0,0.22966507177033493
LH27NSNBI1B6,18619.5,18678.75,pedestrian_1-2_829,156.5,wifi,59.25,0.37859424920127793
DQ26VFMOU03R,18687.25,18759.5,pedestrian_1-2_848,214.75,wifi,72.25,0.33643771827706637
6FDJH4DUQ8OS,19107.25,19169.5,pedestrian_1-2_899,216.25,wifi,62.25,0.2878612716763006
YHI0263BHDLN,18375.75,18434.75,pedestrian_1-2_937,194.5,wifi,59.0,0.3033419023136247
6UNJ1IA0QAPP,18884.25,18949.0,pedestrian_1-2_949,190.75,wifi,64.75,0.3394495412844037
UXDL06L83LCP,18239.75,18304.0,pedestrian_1-2_950,273.0,wifi,64.25,0.23534798534798534
5TUNP4RUJ049,19379.25,19400.0,pedestrian_1-2_960,20.75,wifi,20.75,1.0
4QPVC2362LNN,18449.5,18519.75,pedestrian_1-2_969,304.75,wifi,70.25,0.23051681706316654
1YH0GWCWUPVB,18139.75,18185.75,pedestrian_1-3_1010,85.5,wifi,46.0,0.5380116959064327
QQ1YQXX4MLP0,18985.5,19056.0,pedestrian_1-3_1027,260.75,wifi,70.5,0.27037392138063276
TNK38CIFLE3D,18505.25,18576.5,pedestrian_1-3_1067,201.75,wifi,71.25,0.35315985130111527
NYEU7MOL8IN3,18530.25,18585.75,pedestrian_1-3_1104,152.0,wifi,55.5,0.3651315789473684
8205M1QLJICI,18346.25,18355.0,pedestrian_1-3_1112,8.75,wifi,8.75,1.0
FQ2NXBH192QK,19299.75,19367.0,pedestrian_1-3_1140,238.75,wifi,67.25,0.28167539267015707
8KC6FJO3MY76,18152.25,18189.25,pedestrian_1-3_1151,85.0,wifi,37.0,0.43529411764705883
Z00XLK8OLAAN,18674.0,18731.25,pedestrian_1-3_1184,156.5,wifi,57.25,0.365814696485623
GFP82130EHJC,18817.5,18875.0,pedestrian_1-3_1198,116.0,wifi,57.5,0.4956896551724138
GWJJSW0R89OJ,18188.25,18256.5,pedestrian_1-3_1202,180.75,wifi,68.25,0.3775933609958506
GFOIP18QUCP4,18381.25,18447.5,pedestrian_1-3_1209,233.75,wifi,66.25,0.28342245989304815
3PGZ1PR4EZS4,18387.25,18443.0,pedestrian_1-3_1264,179.5,wifi,55.75,0.31058495821727017
G5YLDMDCEI8Z,19119.75,19180.75,pedestrian_1-3_1287,171.5,wifi,61.0,0.3556851311953353
TGR4WSY0IMKX,18935.5,19001.25,pedestrian_1-3_1336,299.75,wifi,65.75,0.21934945788156798
2VMR0946Z922,19284.25,19355.25,pedestrian_1-3_1374,115.75,wifi,71.0,0.6133909287257019
LPXE0PQF8SJ0,18534.5,18595.5,pedestrian_1-3_1447,235.25,wifi,61.0,0.2592986184909671
IWG6SL6MUDVK,18549.25,18576.0,pedestrian_1-3_1500,26.75,wifi,26.75,1.0
1IM7I9FSJLEM,18759.5,18819.5,pedestrian_1-3_1604,329.75,wifi,60.0,0.1819560272934041
8630H3KWWE9W,19252.25,19323.75,pedestrian_1-3_1670,147.75,wifi,71.5,0.48392554991539766
L9CN84OK9QMG,18493.25,18534.5,pedestrian_1-3_17,41.25,wifi,41.25,1.0
8KQUZF6OW6GP,18937.25,18998.75,pedestrian_1-3_1707,285.25,wifi,61.5,0.21560035056967572
LA428XN5M9AR,19067.5,19139.75,pedestrian_1-3_1723,333.75,wifi,72.25,0.21647940074906366
HBB8FFZHQ259,18348.25,18392.75,pedestrian_1-3_1734,76.5,wifi,44.5,0.5816993464052288
XNI8QWCW54SF,18828.5,18898.5,pedestrian_1-3_1737,202.0,wifi,70.0,0.3465346534653465
I9YM39U9ZJ2D,18309.25,18367.5,pedestrian_1-3_1785,103.25,wifi,58.25,0.5641646489104116
23LSTJPVQH1T,18092.0,18150.25,pedestrian_1-3_1790,177.25,wifi,58.25,0.32863187588152326
42OVZZHBGDWW,19072.25,19135.75,pedestrian_1-3_1811,82.5,wifi,63.5,0.7696969696969697
C9293NTN1VLR,18258.75,18332.5,pedestrian_1-3_1821,297.25,wifi,73.75,0.248107653490328
QS0TNISAQBQE,19119.5,19175.25,pedestrian_1-3_1830,215.25,wifi,55.75,0.2590011614401858
REUD3PV3E5IR,18383.5,18453.5,pedestrian_1-3_1864,330.75,wifi,70.0,0.21164021164021163
B2ZN3Z5MT76D,18806.25,18869.5,pedestrian_1-3_1888,178.25,wifi,63.25,0.3548387096774194
DUW18D3NEXQD,18491.75,18556.0,pedestrian_1-3_1987,171.75,wifi,64.25,0.37409024745269287
XR8M0X2W5B1N,18570.5,18615.5,pedestrian_1-3_2015,122.75,wifi,45.0,0.3665987780040733
GYX33A8HBXCK,18031.25,18097.0,pedestrian_1-3_2018,81.75,wifi,65.75,0.8042813455657493
L55HA5LLR1SU,18657.25,18731.25,pedestrian_1-3_2043,372.75,wifi,74.0,0.19852448021462105
URIXS8S3QTRI,18950.5,19022.0,pedestrian_1-3_2047,345.75,wifi,71.5,0.20679681851048445
KLONHD6VOQ80,18632.25,18699.0,pedestrian_1-3_2053,188.0,wifi,66.75,0.3550531914893617
F06C0SKU82TA,18981.25,19021.25,pedestrian_1-3_2076,40.0,wifi,40.0,1.0
5CBKVX0CC5MT,18444.25,18496.25,pedestrian_1-3_2083,117.5,wifi,52.0,0.4425531914893617
WVOHEFP93OX7,19292.25,19366.25,pedestrian_1-3_2171,107.75,wifi,74.0,0.6867749419953596
JFIEAH0WL2WM,19064.25,19119.0,pedestrian_1-3_2174,163.0,wifi,54.75,0.33588957055214724
Q0X7WYGTWP23,18109.25,18155.5,pedestrian_1-3_2180,61.5,wifi,46.25,0.7520325203252033
L0Y0JCET0PFH,18561.75,18621.75,pedestrian_1-3_2187,124.75,wifi,60.0,0.48096192384769537
9W368RTXZMIS,18010.25,18077.25,pedestrian_1-3_2221,199.5,wifi,67.0,0.3358395989974937
7F374YR00H4E,19362.25,19400.0,pedestrian_1-3_2234,37.75,wifi,37.75,1.0
J67IV37MU8O8,18199.25,18256.75,pedestrian_1-3_2269,112.75,wifi,57.5,0.5099778270509978
3RJRUE2NRDTN,18624.75,18668.5,pedestrian_1-3_2274,110.5,wifi,43.75,0.39592760180995473
IFQD0LJ728O3,18453.0,18500.75,pedestrian_1-3_2278,94.5,wifi,47.75,0.5052910052910053
QPFA1L2K4U5N,18932.25,18956.75,pedestrian_1-3_228,24.5,wifi,24.5,1.0
KW60R4OU752Q,19265.25,19330.75,pedestrian_1-3_2280,134.75,wifi,65.5,0.48608534322820035
XRO8ZB1WT99A,18541.25,18595.5,pedestrian_1-3_2300,109.25,wifi,54.25,0.4965675057208238
GN3JFBAV226C,19043.25,19115.5,pedestrian_1-3_2308,72.25,wifi,72.25,1.0
2V1Z2H232K7F,18907.25,18977.5,pedestrian_1-3_2319,155.25,wifi,70.25,0.4524959742351047
O0UODCO5QH35,18347.5,18402.75,pedestrian_1-3_2323,175.5,wifi,55.25,0.3148148148148148
B6NGH5S3EQZX,18661.5,18716.5,pedestrian_1-3_2328,123.0,wifi,55.0,0.44715447154471544
R7MDLUIHD097,19342.25,19394.75,pedestrian_1-3_234,147.75,wifi,52.5,0.3553299492385787
ZHZG9FS732S2,18248.25,18320.0,pedestrian_1-3_2369,219.5,wifi,71.75,0.32687927107061504
GLVDUMS5NPM6,18001.25,18061.75,pedestrian_1-3_2374,165.75,wifi,60.5,0.3650075414781297
U7G7FTDUJTQK,19229.75,19296.75,pedestrian_1-3_2382,262.25,wifi,67.0,0.2554814108674929
ZDPP1Q94P2SL,18830.25,18901.5,pedestrian_1-3_2395,309.0,wifi,71.25,0.23058252427184467
C28ZQ3WSBD8V,18003.25,18052.5,pedestrian_1-3_2410,49.25,wifi,49.25,1.0
WK8H3Z0XBTLT,19298.25,19364.5,pedestrian_1-3_2424,101.75,wifi,66.25,0.6511056511056511
EAM3N7RJCP9H,18460.25,18521.0,pedestrian_1-3_2440,105.25,wifi,60.75,0.5771971496437055
I7PYL8UYMGU0,18056.25,18113.75,pedestrian_1-3_2454,73.25,wifi,57.5,0.7849829351535836
FYZWBE5UCJDJ,18521.25,18595.25,pedestrian_1-3_2502,309.5,wifi,74.0,0.23909531502423265
V3UHFQK6GJ8P,18790.25,18848.25,pedestrian_1-3_2504,110.25,wifi,58.0,0.5260770975056689
8WHJP7YFY0ZE,19326.75,19394.75,pedestrian_1-3_2528,131.75,wifi,68.0,0.5161290322580645
ZF64AW2IW9WF,18264.5,18338.25,pedestrian_1-3_2529,201.0,wifi,73.75,0.36691542288557216
IZ6JGFRNUYIL,18353.25,18407.25,pedestrian_1-3_2566,221.5,wifi,54.0,0.24379232505643342
15CDG0EJIDOZ,19101.25,19148.75,pedestrian_1-3_2599,47.5,wifi,47.5,1.0
KS2V4AV06YBU,19153.25,19217.5,pedestrian_1-3_2643,191.5,wifi,64.25,0.33550913838120106
FAGM14Q4E2XI,18476.25,18527.75,pedestrian_1-3_2646,113.0,wifi,51.5,0.4557522123893805
VL32Q86VG0EB,18183.5,18230.5,pedestrian_1-3_268,189.25,wifi,47.0,0.24834874504623514
0GP61AB7YL8I,19087.0,19153.25,pedestrian_1-3_2702,232.75,wifi,66.25,0.284640171858217
W4CSNS3LAMZX,18281.0,18353.0,pedestrian_1-3_2707,236.0,wifi,72.0,0.3050847457627119
JEOCNX6JTQGH,19302.25,19360.5,pedestrian_1-3_2746,97.75,wifi,58.25,0.5959079283887468
MA963DG4OKPE,19064.25,19120.75,pedestrian_1-3_2762,70.5,wifi,56.5,0.8014184397163121
03Q5F3HHC93L,18488.25,18551.0,pedestrian_1-3_2783,107.25,wifi,62.75,0.585081585081585
0K6TSQUZ0N8C,19028.25,19098.0,pedestrian_1-3_2797,237.25,wifi,69.75,0.2939936775553214
KN0PB7JE814W,18517.25,18575.25,pedestrian_1-3_288,142.5,wifi,58.0,0.4070175438596491
XC9FTV7I7K75,18241.25,18306.25,pedestrian_1-3_2881,263.0,wifi,65.0,0.24714828897338403
0LTTK5LBJQOG,18996.0,19067.0,pedestrian_1-3_2897,182.75,wifi,71.0,0.38850889192886456
M8DR8MVZW44J,18431.0,18501.5,pedestrian_1-3_2955,119.25,wifi,70.5,0.5911949685534591
7TD8MKGIXTCI,19009.25,19076.75,pedestrian_1-3_2985,204.5,wifi,67.5,0.33007334963325186
ICL09871WWZU,18536.75,18607.5,pedestrian_1-3_3008,236.0,wifi,70.75,0.2997881355932203
G7XLVI0K78BO,18162.25,18226.0,pedestrian_1-3_3046,113.5,wifi,63.75,0.5616740088105727
2LYEVCPAR34J,18963.25,19020.5,pedestrian_1-3_3076,57.25,wifi,57.25,1.0
XWB5RZCTY75A,18714.5,18767.25,pedestrian_1-3_3118,320.75,wifi,52.75,0.16445830085736554
EKO51HUJBGSB,18867.25,18913.25,pedestrian_1-3_3132,78.75,wifi,46.0,0.5841269841269842
53RT6ACG8Y2L,19331.0,19400.0,pedestrian_1-3_3148,174.75,wifi,69.0,0.3948497854077253
4QTYD8U72ZX2,18135.25,18207.0,pedestrian_1-3_321,195.75,wifi,71.75,0.3665389527458493
42NOVWT1X36O,18252.75,18305.5,pedestrian_1-3_3239,149.5,wifi,52.75,0.3528428093645485
ACE607364UX2,19092.0,19166.0,pedestrian_1-3_3240,332.5,wifi,74.0,0.22255639097744362
REEI1GHBZ6VI,19298.25,19361.75,pedestrian_1-3_3245,101.75,wifi,63.5,0.6240786240786241
JRU228JXW9YV,18787.0,18859.0,pedestrian_1-3_3249,212.25,wifi,72.0,0.3392226148409894
Q21KU21C4F7F,19259.25,19292.25,pedestrian_1-3_3253,36.0,wifi,33.0,0.9166666666666666
I1FTT0AR65MM,18529.0,18599.75,pedestrian_1-3_3263,286.5,wifi,70.75,0.2469458987783595
ZCFWUA30NN6P,18010.25,18070.5,pedestrian_1-3_3320,123.0,wifi,60.25,0.4898373983739837
YNYWWOB8V2U8,19250.0,19318.5,pedestrian_1-3_3334,157.0,wifi,68.5,0.43630573248407645
78Z76U6T8R8R,18669.5,18732.25,pedestrian_1-3_3339,283.75,wifi,62.75,0.2211453744493392
FYF48823GWQD,18368.25,18426.0,pedestrian_1-3_3352,125.0,wifi,57.75,0.462
88SMNWW6IDXK,18622.75,18695.0,pedestrian_1-3_3380,326.75,wifi,72.25,0.22111706197398623
9DK4CWLZ61PN,19026.25,19096.75,pedestrian_1-3_340,144.75,wifi,70.5,0.48704663212435234
RPZURWWDVL4Q,19164.25,19219.25,pedestrian_1-3_3426,173.5,wifi,55.0,0.3170028818443804
M1M0DF479UPB,18194.25,18252.75,pedestrian_1-3_3428,142.75,wifi,58.5,0.4098073555166375
FS0DX1YX4GXU,18436.25,18478.0,pedestrian_1-3_3457,109.75,wifi,41.75,0.3804100227790433
Q7GT9BT3KRO4,18549.5,18616.5,pedestrian_1-3_3474,210.0,wifi,67.0,0.319047619047619
3W735SSYQSKT,18628.25,18702.75,pedestrian_1-3_3478,231.5,wifi,74.5,0.32181425485961124
5ZW41NI7XOJ9,18102.25,18158.5,pedestrian_1-3_3480,168.25,wifi,56.25,0.3343239227340267
RCMPM045LKJ8,19348.25,19386.75,pedestrian_1-3_3497,51.75,wifi,38.5,0.7439613526570048
UOMVHRCBO4RC,18757.5,18822.25,pedestrian_1-3_3509,275.75,wifi,64.75,0.23481414324569355
201HYZ9ULPEW,18875.25,18923.5,pedestrian_1-3_3528,68.0,wifi,48.25,0.7095588235294118
FFEME3MYQLCX,19088.25,19158.0,pedestrian_1-3_3542,256.75,wifi,69.75,0.27166504381694256
X9C8R8BHO8JU,19124.25,19168.0,pedestrian_1-3_3579,62.5,wifi,43.75,0.7
6SV3NL7B422K,19339.25,19390.0,pedestrian_1-3_3581,60.75,wifi,50.75,0.8353909465020576
VSB0XXX43GEV,19278.25,19338.25,pedestrian_1-3_360,61.25,wifi,60.0,0.9795918367346939
7DB46CTG6XMY,18850.25,18906.75,pedestrian_1-3_3641,177.0,wifi,56.5,0.3192090395480226
Z9AKCNXZJS3U,18654.25,18709.75,pedestrian_1-3_3670,61.5,wifi,55.5,0.9024390243902439
PZSKCSN9R4HA,18329.25,18379.75,pedestrian_1-3_3730,183.5,wifi,50.5,0.27520435967302453
CDNZIG8PTJ51,18336.25,18398.25,pedestrian_1-3_3737,165.5,wifi,62.0,0.37462235649546827
QS22YAD4MW1P,18486.25,18560.0,pedestrian_1-3_3752,108.5,wifi,73.75,0.6797235023041475
WG1LYK41DDVK,18328.25,18375.5,pedestrian_1-3_3759,142.25,wifi,47.25,0.3321616871704745
S9PSUPISUWBY,18502.75,18555.5,pedestrian_1-3_3763,269.75,wifi,52.75,0.19555143651529194
Z9ZORP34A9OI,19099.25,19128.5,pedestrian_1-3_3776,29.25,wifi,29.25,1.0
CV8GZCB307Z1,18945.75,18987.5,pedestrian_1-3_3793,72.25,wifi,41.75,0.5778546712802768
ZKFGJGVV95DF,19356.25,19400.0,pedestrian_1-3_3809,43.75,wifi,43.75,1.0
Q49AMK9XAG67,18078.25,18133.75,pedestrian_1-3_3834,92.75,wifi,55.5,0.5983827493261455
RKEDW3OOPEGA,18392.75,18465.5,pedestrian_1-3_3840,233.0,wifi,72.75,0.31223175965665234
YAYL4C57N000,18943.75,19012.5,pedestrian_1-3_3872,267.75,wifi,68.75,0.2567693744164332
GQETLSTSRQ0X,19098.25,19173.0,pedestrian_1-3_3895,272.5,wifi,74.75,0.2743119266055046
1LR74ZR4MNJY,18836.25,18904.0,pedestrian_1-3_3899,273.25,wifi,67.75,0.24794144556267156
TRUQR1L14LY7,18673.25,18695.25,pedestrian_1-3_3901,22.0,wifi,22.0,1.0
W7UK653WH8LO,19381.25,19400.0,pedestrian_1-3_3975,18.75,wifi,18.75,1.0
RO8FMKI0DO6I,18999.25,19062.75,pedestrian_1-3_400,242.25,wifi,63.5,0.26212590299277605
7VZF25Z1OFXM,19214.25,19276.5,pedestrian_1-3_4025,185.75,wifi,62.25,0.3351278600269179
JGMZ0UCIGRL6,19230.25,19303.5,pedestrian_1-3_403,119.25,wifi,73.25,0.6142557651991615
YQE3GZXYSCV6,18806.25,18837.5,pedestrian_1-3_4051,37.0,wifi,31.25,0.8445945945945946
U0E7R86V3PW5,19337.25,19400.0,pedestrian_1-3_4072,62.75,wifi,62.75,1.0
3DMZMDDWALSE,19227.5,19294.75,pedestrian_1-3_4124,298.75,wifi,67.25,0.22510460251046024
QE33N447UF98,19103.5,19154.75,pedestrian_1-3_4155,199.75,wifi,51.25,0.2565707133917397
PRHJ0QYW6OQ7,18215.0,18288.0,pedestrian_1-3_4166,200.0,wifi,73.0,0.365
ELGAI8UREMOT,18548.25,18607.0,pedestrian_1-3_4168,107.25,wifi,58.75,0.5477855477855478
K86AZW47YIKA,18102.25,18175.5,pedestrian_1-3_4170,151.25,wifi,73.25,0.484297520661157
B8NI9RVITU7F,18895.0,18968.25,pedestrian_1-3_425,303.5,wifi,73.25,0.2413509060955519
WOWSEMPTRJSH,19259.25,19320.25,pedestrian_1-3_4253,140.75,wifi,61.0,0.433392539964476
V241O5L54Z7A,19002.25,19044.5,pedestrian_1-3_4259,72.25,wifi,42.25,0.5847750865051903
OR9E59FJ6UV1,18654.25,18721.25,pedestrian_1-3_4262,198.25,wifi,67.0,0.3379571248423707
P7AX6ZFA08Y3,19174.25,19249.0,pedestrian_1-3_4287,151.5,wifi,74.75,0.4933993399339934
TL9HK462HEJZ,19362.25,19400.0,pedestrian_1-3_4289,37.75,wifi,37.75,1.0
SI53AU03JCZL,18437.25,18487.25,pedestrian_1-3_432,70.75,wifi,50.0,0.7067137809187279
Z5F1F6ZEGZ5B,18147.25,18206.25,pedestrian_1-3_4323,261.25,wifi,59.0,0.22583732057416267
K64KNLPEVCYL,18690.75,18761.75,pedestrian_1-3_4341,255.25,wifi,71.0,0.2781586679725759
WVKR4KN2K2FC,19287.25,19349.25,pedestrian_1-3_4390,112.75,wifi,62.0,0.549889135254989
CT568WSM0T3J,19324.0,19394.5,pedestrian_1-3_4412,392.75,wifi,70.5,0.17950350095480586
WESL4KHLNMZT,18607.75,18673.0,pedestrian_1-3_4422,160.5,wifi,65.25,0.40654205607476634
H79E90PH3CUO,19220.5,19286.0,pedestrian_1-3_4441,216.75,wifi,65.5,0.3021914648212226
QX6YNKGEEXZT,19161.0,19226.0,pedestrian_1-3_4468,252.5,wifi,65.0,0.25742574257425743
S7JCEDGCIR2Y,19185.0,19243.0,pedestrian_1-3_4474,226.5,wifi,58.0,0.2560706401766004
M7B8CPP2AVF3,19315.25,19366.75,pedestrian_1-3_448,124.75,wifi,51.5,0.41282565130260523
8646SRYWA1IC,18319.0,18391.0,pedestrian_1-3_4492,253.75,wifi,72.0,0.28374384236453204
15604URLXNXG,18193.25,18264.0,pedestrian_1-3_4518,153.75,wifi,70.75,0.46016260162601624
WSSFY8AWC1F1,18935.25,18999.0,pedestrian_1-3_4567,125.0,wifi,63.75,0.51
L2F6OVOUABIQ,18450.25,18506.25,pedestrian_1-3_4644,129.5,wifi,56.0,0.43243243243243246
20M6GW077AEX,19240.0,19311.5,pedestrian_1-3_4663,327.5,wifi,71.5,0.2183206106870229
89X00PDKIP3N,18909.25,18959.0,pedestrian_1-3_4666,49.75,wifi,49.75,1.0
3RMIQSS0F6PG,18467.25,18532.25,pedestrian_1-3_4690,139.0,wifi,65.0,0.4676258992805755
2T9T32FFP9SD,18482.25,18533.0,pedestrian_1-3_4695,65.5,wifi,50.75,0.7748091603053435
W68HCFWLTR50,19057.75,19131.25,pedestrian_1-3_47,244.0,wifi,73.5,0.3012295081967213
69J6T5DQ0KJC,19377.25,19400.0,pedestrian_1-3_4714,22.75,wifi,22.75,1.0
33OIS4MOY6G9,18467.25,18478.0,pedestrian_1-3_4738,10.75,wifi,10.75,1.0
28X3KNX5LQDG,18388.0,18460.75,pedestrian_1-3_4740,278.75,wifi,72.75,0.2609865470852018
6GGQH59QYPHF,18183.25,18249.5,pedestrian_1-3_4761,81.25,wifi,66.25,0.8153846153846154
UP64RZK1L8DU,18253.75,18324.75,pedestrian_1-3_4771,300.0,wifi,71.0,0.23666666666666666
2ZSJAT0U9NUR,18718.25,18752.5,pedestrian_1-3_4775,34.25,wifi,34.25,1.0
OL5M1X9NCSVU,19225.25,19286.0,pedestrian_1-3_479,295.0,wifi,60.75,0.2059322033898305
M4EXH5L5GT02,19231.75,19302.0,pedestrian_1-3_4803,359.0,wifi,70.25,0.19568245125348188
7VKBG0P4QC57,18745.25,18808.25,pedestrian_1-3_4822,244.75,wifi,63.0,0.2574055158324821
8VRCI482G86D,19336.25,19378.5,pedestrian_1-3_4828,63.75,wifi,42.25,0.6627450980392157
DL7V4GMG1OQW,18053.25,18120.0,pedestrian_1-3_4838,113.5,wifi,66.75,0.5881057268722467
ZYKE9BFX3AIN,19275.75,19340.5,pedestrian_1-3_4845,111.0,wifi,64.75,0.5833333333333334
F2ABRZFWXS2M,19336.0,19400.0,pedestrian_1-3_4859,204.75,wifi,64.0,0.3125763125763126
3UD7YB4XOIUU,19118.25,19157.25,pedestrian_1-3_4875,64.5,wifi,39.0,0.6046511627906976
WO39CC88C1C0,19096.25,19166.5,pedestrian_1-3_4881,274.25,wifi,70.25,0.2561531449407475
KNDGS4WFY5DG,19172.25,19201.25,pedestrian_1-3_4944,29.0,wifi,29.0,1.0
TMUC9PKN04C0,18557.25,18600.25,pedestrian_1-3_4954,73.25,wifi,43.0,0.5870307167235495
P1NXS6LUJ02E,18982.25,19032.75,pedestrian_1-3_5020,59.0,wifi,50.5,0.8559322033898306
8D64JYI3WY0J,18943.25,19016.5,pedestrian_1-3_5041,152.0,wifi,73.25,0.4819078947368421
IKUD7TIAEPYG,19342.75,19400.0,pedestrian_1-3_5073,92.75,wifi,57.25,0.6172506738544474
U4BTAR7UHTVX,18599.25,18669.5,pedestrian_1-3_510,204.0,wifi,70.25,0.3443627450980392
046XKQH1YUJR,18546.25,18610.0,pedestrian_1-3_5117,199.25,wifi,63.75,0.3199498117942284
OV9GTFXHFBAQ,18526.25,18586.0,pedestrian_1-3_5123,72.25,wifi,59.75,0.8269896193771626
LN778JPQOI6J,18317.75,18379.25,pedestrian_1-3_5139,242.5,wifi,61.5,0.2536082474226804
HS3MI4268CAS,19320.0,19388.5,pedestrian_1-3_5144,136.75,wifi,68.5,0.5009140767824497
3PKR3O91WYQE,19001.25,19062.0,pedestrian_1-3_5244,134.0,wifi,60.75,0.4533582089552239
2PMWU7QY9IQP,18567.25,18633.0,pedestrian_1-3_5269,162.25,wifi,65.75,0.4052388289676425
Z8JX0S163FMR,18364.5,18427.25,pedestrian_1-3_528,156.0,wifi,62.75,0.40224358974358976
ZTBPSCZHHHZ0,19390.25,19400.0,pedestrian_1-3_5310,9.75,wifi,9.75,1.0
WPJAVULTN2LF,18251.0,18306.25,pedestrian_1-3_5334,251.0,wifi,55.25,0.2201195219123506
NXHIKF29LYJ3,18525.5,18598.75,pedestrian_1-3_5347,324.0,wifi,73.25,0.22608024691358025
Y4OMUPJNR9Z4,18947.0,19017.0,pedestrian_1-3_5354,143.25,wifi,70.0,0.4886561954624782
V2OY1LPY3UOM,18022.25,18087.25,pedestrian_1-3_5363,85.75,wifi,65.0,0.7580174927113703
VX8OXV5SN58S,18064.75,18111.25,pedestrian_1-3_537,160.5,wifi,46.5,0.2897196261682243
PMPLD7IGNGCV,18147.25,18217.0,pedestrian_1-3_5372,291.25,wifi,69.75,0.23948497854077253
CUNEK1LN9Q7Z,18158.75,18214.25,pedestrian_1-3_5373,121.25,wifi,55.5,0.4577319587628866
CZ912YVMWLSP,18821.25,18877.25,pedestrian_1-3_54,339.75,wifi,56.0,0.1648270787343635
WIXO2SU12R6J,18966.5,19037.0,pedestrian_1-3_5420,335.25,wifi,70.5,0.21029082774049218
NJCHW83V1WU5,19162.75,19222.75,pedestrian_1-3_5451,409.5,wifi,60.0,0.14652014652014653
7SCF1CIX7KLK,19356.75,19400.0,pedestrian_1-3_547,82.75,wifi,43.25,0.5226586102719033
U7EXKL3HQY7S,18507.75,18564.25,pedestrian_1-3_5475,191.75,wifi,56.5,0.29465449804432853
KTEH4ZV23IMS,19225.0,19287.5,pedestrian_1-3_5499,146.25,wifi,62.5,0.42735042735042733
T9406TYZD2LN,19309.25,19363.25,pedestrian_1-3_5503,90.75,wifi,54.0,0.5950413223140496
9E8EEG977L60,18648.5,18716.0,pedestrian_1-3_5534,271.25,wifi,67.5,0.2488479262672811
CDNN3BY5FP7N,18297.25,18356.25,pedestrian_1-3_5537,229.25,wifi,59.0,0.257360959651036
ZK65I0TMNFAB,18181.25,18247.75,pedestrian_1-3_5578,67.25,wifi,66.5,0.9888475836431226
Y9QAT8ASBXMO,18762.0,18832.75,pedestrian_1-3_5580,198.75,wifi,70.75,0.3559748427672956
WQXGLYK0S8H6,18571.0,18633.0,pedestrian_1-3_563,248.25,wifi,62.0,0.2497482376636455
KR850WKE6BB2,18260.25,18327.75,pedestrian_1-3_618,212.5,wifi,67.5,0.3176470588235294
CNIKYZ7TW8ZI,19289.25,19327.25,pedestrian_1-3_624,110.75,wifi,38.0,0.3431151241534989
XZOP1M2Q6Y87,19275.25,19331.25,pedestrian_1-3_629,124.75,wifi,56.0,0.44889779559118237
UM2AEDBL7UQD,18440.25,18482.0,pedestrian_1-3_635,88.5,wifi,41.75,0.4717514124293785
W3WFONV4NZ05,18149.25,18201.0,pedestrian_1-3_643,153.0,wifi,51.75,0.3382352941176471
VHQ0B0UY17QU,18705.5,18772.0,pedestrian_1-3_644,329.75,wifi,66.5,0.20166793025018953
7CXL3Y3PQPC8,19322.25,19375.0,pedestrian_1-3_648,77.75,wifi,52.75,0.6784565916398714
H6R4DS08V9TM,18356.5,18429.75,pedestrian_1-3_738,213.0,wifi,73.25,0.3438967136150235
J008CIZTTRM5,18251.75,18299.0,pedestrian_1-3_741,157.5,wifi,47.25,0.3
NDO4BWA3DQUZ,19365.25,19400.0,pedestrian_1-3_743,34.75,wifi,34.75,1.0
A8JMZAP7JAIE,18955.75,19014.5,pedestrian_1-3_80,310.25,wifi,58.75,0.18936341659951653
ZNRN7CIQLNQA,19212.75,19284.0,pedestrian_1-3_809,121.0,wifi,71.25,0.5888429752066116
BG94NSYHSAWJ,18348.75,18407.75,pedestrian_1-3_824,108.5,wifi,59.0,0.543778801843318
DZ4RIT0KXGF2,18947.25,18978.75,pedestrian_1-3_874,39.5,wifi,31.5,0.7974683544303798
KLYB2CGNAIWE,18199.75,18271.25,pedestrian_1-3_90,323.5,wifi,71.5,0.22102009273570325
W6065NOE9FUZ,18880.25,18950.25,pedestrian_1-3_906,257.0,wifi,70.0,0.2723735408560311
VNFFPGJ97J2B,19306.25,19364.0,pedestrian_1-3_941,93.75,wifi,57.75,0.616
2GSZ3DRGBL20,18989.75,19061.0,pedestrian_1-3_990,201.0,wifi,71.25,0.35447761194029853
PT2CBAH6U822,18714.25,18764.75,pedestrian_2-1_1127,124.25,wifi,50.5,0.40643863179074446
LML0HO3NNZFU,18220.25,18281.0,pedestrian_2-1_1149,211.75,wifi,60.75,0.28689492325855964
NCGC7K3OXZ64,18648.75,18718.25,pedestrian_2-1_1248,343.25,wifi,69.5,0.202476329206118
FU1240PT9SKL,18376.25,18447.0,pedestrian_2-1_1272,241.25,wifi,70.75,0.2932642487046632
C5VIJV8AHGRM,18312.25,18386.0,pedestrian_2-1_1302,249.25,wifi,73.75,0.2958876629889669
U2EL8VA96P9L,18184.0,18253.75,pedestrian_2-1_1337,388.5,wifi,69.75,0.17953667953667954
JTFLFFKK1G2L,19233.25,19298.75,pedestrian_2-1_1388,592.75,wifi,65.5,0.11050189793336145
4P1FAIBQIG5O,19321.25,19387.0,pedestrian_2-1_1407,78.75,wifi,65.75,0.834920634920635
8REJZQ2MYGDA,19303.0,19377.25,pedestrian_2-1_1463,422.75,wifi,74.25,0.17563571850975754
0G2SKFVTTMRN,19032.25,19058.25,pedestrian_2-1_1609,26.0,wifi,26.0,1.0
7N8FQKNAH8FQ,18053.25,18121.75,pedestrian_2-1_1662,118.0,wifi,68.5,0.5805084745762712
ZYZPEBD93QP2,18854.75,18922.5,pedestrian_2-1_1770,133.0,wifi,67.75,0.5093984962406015
4PP4ZBHRPZVF,18400.25,18459.0,pedestrian_2-1_1834,125.0,wifi,58.75,0.47
Z9JFR5MZU5TP,19270.25,19287.5,pedestrian_2-1_2028,17.25,wifi,17.25,1.0
RSHU8300P88Q,19243.25,19300.5,pedestrian_2-1_2045,128.75,wifi,57.25,0.4446601941747573
5XLZUW6KGFSR,18798.25,18867.25,pedestrian_2-1_213,406.25,wifi,69.0,0.16984615384615384
VVK5HI6FV5AZ,18885.25,18924.75,pedestrian_2-1_2136,54.75,wifi,39.5,0.7214611872146118
H9LRC5P88S5M,18821.25,18860.5,pedestrian_2-1_2243,45.75,wifi,39.25,0.8579234972677595
0IX8R418YW4D,18529.5,18593.25,pedestrian_2-1_2293,181.25,wifi,63.75,0.35172413793103446
QFX6S129I5S1,18186.5,18232.5,pedestrian_2-1_2330,111.25,wifi,46.0,0.4134831460674157
UB952ELA037V,19116.0,19188.75,pedestrian_2-1_2349,297.5,wifi,72.75,0.2445378151260504
WZZ5OY1O1J43,19223.0,19293.5,pedestrian_2-1_2384,283.75,wifi,70.5,0.24845814977973568
X6YZACM6KHOT,18573.75,18644.5,pedestrian_2-1_2475,349.5,wifi,70.75,0.20243204577968527
1J6KC1T79PTE,19053.0,19118.5,pedestrian_2-1_2536,190.75,wifi,65.5,0.34338138925294887
RKR3BL04761C,18534.75,18603.75,pedestrian_2-1_2807,457.0,wifi,69.0,0.15098468271334792
2H5UIOFWGCFX,19312.25,19373.5,pedestrian_2-1_2848,87.75,wifi,61.25,0.698005698005698
U767XS1NH2SU,19309.25,19373.5,pedestrian_2-1_2925,445.75,wifi,64.25,0.1441390914189568
ZRE5GJ7SFMA3,18508.25,18580.5,pedestrian_2-1_2969,332.75,wifi,72.25,0.21712997746055598
93UATWXW8NJP,19233.25,19301.25,pedestrian_2-1_3058,425.75,wifi,68.0,0.15971814445096888
4UP23ZFTPIDE,19058.25,19128.0,pedestrian_2-1_3101,184.0,wifi,69.75,0.37907608695652173
245AR4LTWQ8V,18460.25,18482.0,pedestrian_2-1_3136,21.75,wifi,21.75,1.0
YUSXUL5S201Z,18121.25,18186.5,pedestrian_2-1_3320,193.5,wifi,65.25,0.3372093023255814
UUUMHGDRFCPQ,18519.25,18526.25,pedestrian_2-1_3376,7.0,wifi,7.0,1.0
8XG1ZJHR1WRF,18821.0,18895.25,pedestrian_2-1_3390,393.5,wifi,74.25,0.18869123252858958
H1QHENYQQPRQ,19378.25,19400.0,pedestrian_2-1_3444,21.75,wifi,21.75,1.0
SVIWJ1AS91OJ,18402.75,18455.25,pedestrian_2-1_3498,187.75,wifi,52.5,0.2796271637816245
AA4PA3GGYE2B,18579.25,18651.25,pedestrian_2-1_3545,707.0,wifi,72.0,0.10183875530410184
EZEMLX1G6OFX,18591.25,18664.25,pedestrian_2-1_3601,453.75,wifi,73.0,0.16088154269972452
VR04V5MAPV09,18554.75,18627.5,pedestrian_2-1_3621,166.0,wifi,72.75,0.4382530120481928
D4NJAW3H6IYO,19187.5,19262.25,pedestrian_2-1_3626,470.5,wifi,74.75,0.15887353878852284
355HNINV2XER,18701.5,18775.5,pedestrian_2-1_3641,483.0,wifi,74.0,0.15320910973084886
ORZV14A929DF,18950.25,19022.5,pedestrian_2-1_3664,449.75,wifi,72.25,0.16064480266814898
MEZ3C149N36X,18967.75,19034.25,pedestrian_2-1_3710,170.75,wifi,66.5,0.38945827232796487
9W5YYP4FWDHN,18745.75,18813.5,pedestrian_2-1_3714,482.0,wifi,67.75,0.14056016597510373
SW3JA0AYRY7Z,18777.75,18850.0,pedestrian_2-1_3764,521.0,wifi,72.25,0.13867562380038387
YN96PDGXZ307,18304.5,18364.75,pedestrian_2-1_3869,363.0,wifi,60.25,0.1659779614325069
M2HMBX35TXDR,18959.25,19027.75,pedestrian_2-1_3918,78.5,wifi,68.5,0.8726114649681529
M1XAFAHTM1VV,19010.25,19029.25,pedestrian_2-1_3944,19.0,wifi,19.0,1.0
ZDOUDRBP8UIW,18826.25,18875.0,pedestrian_2-1_4111,302.0,wifi,48.75,0.16142384105960264
BF774Q8FGUYI,18360.5,18399.5,pedestrian_2-1_4127,108.75,wifi,39.0,0.3586206896551724
496SAF6RI7DC,18817.5,18889.75,pedestrian_2-1_4148,280.75,wifi,72.25,0.25734639358860195
KDNKKZAIA5KB,18482.25,18546.5,pedestrian_2-1_420,170.25,wifi,64.25,0.37738619676945667
QJRK0RO6Q44Z,19183.25,19234.0,pedestrian_2-1_4232,194.0,wifi,50.75,0.2615979381443299
HJLYF7AHYOMZ,18290.25,18299.25,pedestrian_2-1_4331,9.0,wifi,9.0,1.0
CVVNX2QE0FFH,18573.25,18646.25,pedestrian_2-1_44,135.5,wifi,73.0,0.5387453874538746
K3ZSAS2VKPOC,18179.25,18236.75,pedestrian_2-1_4638,364.5,wifi,57.5,0.15775034293552812
243CR4N0VCTF,19232.5,19306.5,pedestrian_2-1_4686,575.0,wifi,74.0,0.12869565217391304
F2GKS8SJN9G7,18986.0,19060.5,pedestrian_2-1_4792,436.25,wifi,74.5,0.17077363896848138
LHOI71TLQHD7,19183.25,19228.25,pedestrian_2-1_4811,45.0,wifi,45.0,1.0
UQRVCLOHX23V,18873.25,18930.5,pedestrian_2-1_4909,57.25,wifi,57.25,1.0
0TALK0DX9QKI,18524.25,18576.0,pedestrian_2-1_4930,51.75,wifi,51.75,1.0
MRT854V0NLRX,19296.25,19340.75,pedestrian_2-1_4968,103.75,wifi,44.5,0.42891566265060244
VDX62OW9DNBC,19314.25,19369.75,pedestrian_2-1_4976,85.75,wifi,55.5,0.6472303206997084
LYVCLESI5HJL,18285.25,18299.25,pedestrian_2-1_5001,14.0,wifi,14.0,1.0
OL7TVYWRQSYY,18378.25,18451.25,pedestrian_2-1_5021,455.25,wifi,73.0,0.16035145524437122
ZS43MKLK61H3,18231.5,18306.0,pedestrian_2-1_5204,606.0,wifi,74.5,0.12293729372937294
8H7YHWGWLT50,19174.25,19236.25,pedestrian_2-1_530,308.25,wifi,62.0,0.20113544201135442
XGKWTIFRGQC1,18284.0,18354.5,pedestrian_2-1_5419,310.0,wifi,70.5,0.22741935483870968
L4J0E36U8X4F,18187.25,18195.75,pedestrian_2-1_5435,8.5,wifi,8.5,1.0
NIJM4W5QJY3O,19213.25,19233.5,pedestrian_2-1_5450,20.25,wifi,20.25,1.0
79TCISRCCE6H,18739.25,18795.0,pedestrian_2-1_5672,451.75,wifi,55.75,0.12340896513558385
B59LNFWJLNP4,18928.0,19002.0,pedestrian_2-1_5754,559.75,wifi,74.0,0.13220187583742743
B5JGJRMG9GEF,19081.0,19142.0,pedestrian_2-1_5772,216.5,wifi,61.0,0.2817551963048499
RMFNI5YXU1OE,19000.75,19074.5,pedestrian_2-1_5773,484.75,wifi,73.75,0.1521402784940691
WC0E1IZ0SZ7J,19183.25,19257.25,pedestrian_2-1_5799,216.75,wifi,74.0,0.3414071510957324
PZO0X4AKQRM8,18776.5,18848.75,pedestrian_2-1_5805,340.0,wifi,72.25,0.2125
AH81V0COG6QY,19106.75,19169.25,pedestrian_2-1_5841,333.5,wifi,62.5,0.1874062968515742
S5C4C9OWBAOP,19179.25,19235.75,pedestrian_2-1_5851,141.5,wifi,56.5,0.3992932862190813
VR66VVAD4JQV,19398.25,19400.0,pedestrian_2-1_5856,1.75,wifi,1.75,1.0
FI1IO5SVDDAO,19232.5,19307.0,pedestrian_2-1_5911,231.75,wifi,74.5,0.3214670981661273
JC0WXR240P4N,18154.25,18166.0,pedestrian_2-1_6021,11.75,wifi,11.75,1.0
ZJHXTXC7D70O,18584.25,18627.25,pedestrian_2-1_6130,83.0,wifi,43.0,0.5180722891566265
7OSXLQDTC2HL,19328.25,19383.5,pedestrian_2-1_6204,71.75,wifi,55.25,0.7700348432055749
C01LA3MPXN46,18739.5,18812.0,pedestrian_2-1_6236,428.75,wifi,72.5,0.16909620991253643
Z24INNWF22IU,18535.25,18549.25,pedestrian_2-1_6256,14.0,wifi,14.0,1.0
6KSAO90MEDJ5,18534.25,18537.75,pedestrian_2-1_6274,3.5,wifi,3.5,1.0
T14OOJNR3OYT,18406.25,18474.5,pedestrian_2-1_63,348.75,wifi,68.25,0.1956989247311828
13SJVNOKE4F7,18549.25,18622.75,pedestrian_2-1_677,269.25,wifi,73.5,0.27298050139275765
UT97TO9WQ072,18952.25,19019.5,pedestrian_2-1_696,447.75,wifi,67.25,0.15019542155220547
17APCGKYW0DN,19358.75,19400.0,pedestrian_2-1_804,114.75,wifi,41.25,0.35947712418300654
VX67QVX74FYE,19072.25,19134.0,pedestrian_2-1_834,476.75,wifi,61.75,0.12952281069743052
Y5ZC1UD4POOZ,19319.5,19363.25,pedestrian_2-1_842,113.75,wifi,43.75,0.38461538461538464
