id,start_timestep,last_timestep,duration,ideal_duration,user_id,protocol,privacy_score
29JCPQGKD7NR,18200.0,18254.75,54.75,118.0,pedestrian_1-1-pt_1006,wifi,0.4639830508474576
Z0S79UZIFHRD,18213.25,18345.0,131.75,150.75,pedestrian_1-1-pt_1134,wifi,0.8739635157545605
G752VM00106J,18209.25,18343.75,134.5,154.75,pedestrian_1-1-pt_1142,wifi,0.8691437802907916
VAUEUKZQDS1C,18323.75,18362.5,38.75,76.75,pedestrian_1-1-pt_1253,wifi,0.504885993485342
EE8RV355BF81,18272.5,18346.0,73.5,220.75,pedestrian_1-1-pt_1669,wifi,0.332955832389581
73PAM7XUVCIV,18184.0,18255.5,71.5,314.75,pedestrian_1-1-pt_1673,wifi,0.22716441620333597
4IVFESPQ3CVC,18207.25,18242.0,34.75,34.75,pedestrian_1-1-pt_1747,wifi,1.0
MFZ66S2M5F29,18273.25,18346.5,73.25,334.75,pedestrian_1-1-pt_1773,wifi,0.21882001493651979
X33N8KFU7UTU,18256.75,18317.75,61.0,165.75,pedestrian_1-1-pt_1780,wifi,0.3680241327300151
245ST5EHGDGN,18323.25,18354.25,31.0,40.75,pedestrian_1-1-pt_1949,wifi,0.7607361963190185
BX7IZ880SXAU,18350.25,18364.0,13.75,13.75,pedestrian_1-1-pt_2162,wifi,1.0
0IUVDKALXIJA,18069.25,18140.5,71.25,294.75,pedestrian_1-1-pt_2201,wifi,0.24173027989821882
X3Q95XRL63RO,18271.25,18333.75,62.5,92.75,pedestrian_1-1-pt_2342,wifi,0.6738544474393531
PNBNBQ2ZZBL4,18324.5,18364.0,39.5,70.75,pedestrian_1-1-pt_237,wifi,0.558303886925795
3WN8SUJJHBIL,18191.5,18261.25,69.75,349.75,pedestrian_1-1-pt_2382,wifi,0.19942816297355254
WQX62PL2PPY3,18118.25,18184.75,66.5,309.75,pedestrian_1-1-pt_2498,wifi,0.21468926553672316
B2DMRAOQ2AKM,18204.25,18268.25,64.0,189.75,pedestrian_1-1-pt_250,wifi,0.3372859025032938
IVX6576GDG5J,18253.25,18314.5,61.25,110.75,pedestrian_1-1-pt_2534,wifi,0.5530474040632054
Q7K4P0580VKN,18118.5,18187.75,69.25,285.75,pedestrian_1-1-pt_255,wifi,0.24234470691163604
7K5SB2DPZJ8Z,18257.0,18328.25,71.25,277.75,pedestrian_1-1-pt_2770,wifi,0.2565256525652565
7QTPCQFUP66W,18249.75,18354.75,105.0,280.75,pedestrian_1-1-pt_2835,wifi,0.37399821905609976
9TAZBX5O989N,18170.75,18236.25,65.5,104.75,pedestrian_1-1-pt_306,wifi,0.6252983293556086
DA3KZTOIABDE,18294.25,18330.5,36.25,69.75,pedestrian_1-1-pt_317,wifi,0.5197132616487455
O8VVA1239V3O,18259.5,18322.5,63.0,227.75,pedestrian_1-1-pt_319,wifi,0.27661909989023054
TXGHP15OQ3DX,18256.25,18310.5,54.25,107.75,pedestrian_1-1-pt_325,wifi,0.5034802784222738
MZGFQK003UA6,18299.75,18364.0,64.25,333.75,pedestrian_1-1-pt_3251,wifi,0.19250936329588014
GJ1H3F6LT8OG,18260.0,18333.25,73.25,331.75,pedestrian_1-1-pt_3431,wifi,0.22079879427279578
841574HOZU6Y,18122.25,18137.25,15.0,15.0,pedestrian_1-1-pt_3629,wifi,1.0
ND7AYY0RLXFM,18273.0,18343.5,70.5,126.75,pedestrian_1-1-pt_3804,wifi,0.5562130177514792
K0589YOJ610Q,18328.25,18364.0,35.75,35.75,pedestrian_1-1-pt_3920,wifi,1.0
E39U3KKEK8B6,18187.0,18252.0,65.0,266.75,pedestrian_1-1-pt_4026,wifi,0.2436738519212746
F6NMU15XAKCE,18202.25,18273.75,71.5,161.75,pedestrian_1-1-pt_4067,wifi,0.4420401854714065
KW05LWXSU7P2,18321.0,18354.75,33.75,74.75,pedestrian_1-1-pt_4147,wifi,0.451505016722408
RWSFB9N2EGWF,18065.25,18126.75,61.5,298.75,pedestrian_1-1-pt_4187,wifi,0.20585774058577405
4OYX95KSBIKU,18177.5,18246.0,68.5,252.75,pedestrian_1-1-pt_438,wifi,0.27101879327398615
QU8P847B9BMV,18238.5,18312.0,73.5,287.75,pedestrian_1-1-pt_4472,wifi,0.2554300608166811
29Y687J8XVYX,18312.25,18348.25,36.0,51.75,pedestrian_1-1-pt_4489,wifi,0.6956521739130435
CAB9ONB94CA9,18175.25,18237.5,62.25,188.75,pedestrian_1-1-pt_4537,wifi,0.32980132450331123
YM66U8XIXKFX,18073.25,18142.5,69.25,290.75,pedestrian_1-1-pt_4658,wifi,0.23817712811693895
V1G14R9SCEX0,18352.25,18364.0,11.75,11.75,pedestrian_1-1-pt_4671,wifi,1.0
CSJEKUDOFH21,18280.5,18341.75,61.25,118.75,pedestrian_1-1-pt_4748,wifi,0.5157894736842106
NTW1X9LY78UX,18173.25,18220.5,47.25,190.75,pedestrian_1-1-pt_4804,wifi,0.24770642201834864
6SPL2DQCRYQ9,18340.25,18364.0,23.75,23.75,pedestrian_1-1-pt_4996,wifi,1.0
3NFKJICKRUZV,18315.25,18348.75,33.5,48.75,pedestrian_1-1-pt_4999,wifi,0.6871794871794872
W68T5O33P8BV,18227.5,18287.0,59.5,239.75,pedestrian_1-1-pt_5048,wifi,0.24817518248175183
YSGGL0MWNGF9,18038.25,18098.5,60.25,189.0,pedestrian_1-1-pt_5078,wifi,0.3187830687830688
1YDS86IRAJ1G,18075.25,18135.0,59.75,288.75,pedestrian_1-1-pt_5139,wifi,0.20692640692640693
B8VJDKQK9RHE,18145.25,18184.0,38.75,38.75,pedestrian_1-1-pt_5167,wifi,1.0
393WVHO1QLF4,18273.75,18346.0,72.25,243.75,pedestrian_1-1-pt_530,wifi,0.2964102564102564
H8ETL1UDED8Y,18263.25,18334.0,70.75,100.75,pedestrian_1-1-pt_5392,wifi,0.7022332506203474
L2N7LRU5S0QB,18306.25,18354.25,48.0,57.75,pedestrian_1-1-pt_5498,wifi,0.8311688311688312
17W7KMACGHVP,18304.25,18353.5,49.25,59.75,pedestrian_1-1-pt_5612,wifi,0.8242677824267782
QJHAJEZMA1KX,18253.5,18327.25,73.75,219.75,pedestrian_1-1-pt_5809,wifi,0.33560864618885095
VXURR392NJ8L,18160.0,18233.75,73.75,242.75,pedestrian_1-1-pt_5990,wifi,0.3038105046343975
TKINDCDXW6Z1,18106.25,18171.75,65.5,257.75,pedestrian_1-1-pt_6139,wifi,0.2541222114451988
Z99G18C8MA7N,18225.25,18287.0,61.75,138.75,pedestrian_1-1-pt_6141,wifi,0.44504504504504505
Q731OOOZ651N,18285.0,18352.5,67.5,179.75,pedestrian_1-1-pt_6157,wifi,0.37552155771905427
I3ONKC3XSR4Z,18186.25,18254.25,68.0,228.75,pedestrian_1-1-pt_6201,wifi,0.2972677595628415
VO4H0OWQUWTS,18016.25,18084.25,68.0,347.75,pedestrian_1-1-pt_6269,wifi,0.19554277498202732
COZL3KJTEK93,18172.75,18236.5,63.75,223.75,pedestrian_1-1-pt_6355,wifi,0.2849162011173184
QRVPZE924GO2,18046.25,18104.0,57.75,170.25,pedestrian_1-1-pt_6561,wifi,0.3392070484581498
P3H1O8YX7VRE,18220.25,18290.25,70.0,225.75,pedestrian_1-1-pt_6908,wifi,0.31007751937984496
HH8RU41SVVAY,18294.25,18362.75,68.5,111.75,pedestrian_1-1-pt_6979,wifi,0.6129753914988815
KXMH1CDRMWSP,18274.0,18335.0,61.0,170.75,pedestrian_1-1-pt_7040,wifi,0.35724743777452417
120Q2ERDFE5Q,18141.25,18206.5,65.25,187.75,pedestrian_1-1-pt_7054,wifi,0.34753661784287615
HITFSYQCIB5G,18196.25,18266.5,70.25,167.75,pedestrian_1-1-pt_7123,wifi,0.4187779433681073
S15DQP0FF2Z1,18256.5,18312.75,56.25,250.75,pedestrian_1-1-pt_720,wifi,0.22432701894317048
PLER7W33613Y,18001.25,18068.75,67.5,362.75,pedestrian_1-1-pt_7251,wifi,0.18607856650585802
4KQRL9XSBVXM,18305.25,18353.25,48.0,58.75,pedestrian_1-1-pt_7368,wifi,0.8170212765957446
01IMLIJHU8KV,18216.25,18265.5,49.25,49.25,pedestrian_1-1-pt_7440,wifi,1.0
XS8R3MMH7T30,18317.25,18364.0,46.75,46.75,pedestrian_1-1-pt_7699,wifi,1.0
B2ONH5JPYWA8,18286.75,18342.5,55.75,170.75,pedestrian_1-1-pt_7915,wifi,0.32650073206442165
1IHV6VPL3C5Q,18162.75,18236.25,73.5,350.75,pedestrian_1-1-pt_8143,wifi,0.20955096222380612
NQ6G0GISD0Y7,18045.25,18108.0,62.75,66.5,pedestrian_1-1-pt_8289,wifi,0.943609022556391
5BHNR7IXDSZB,18194.5,18259.0,64.5,343.75,pedestrian_1-1-pt_8365,wifi,0.18763636363636363
ZTKJ4ZPCQBXR,18332.25,18364.0,31.75,31.75,pedestrian_1-1-pt_8392,wifi,1.0
XXDM1Q7CQKP8,18272.25,18339.0,66.75,141.75,pedestrian_1-1-pt_841,wifi,0.4708994708994709
EY7BO02KLOZM,18284.25,18358.0,73.75,79.75,pedestrian_1-1-pt_8424,wifi,0.9247648902821317
CDSO9SFBHL3U,18131.25,18205.25,74.0,232.75,pedestrian_1-1-pt_8536,wifi,0.317937701396348
BDEJO9M0KVUS,18277.25,18338.75,61.5,86.75,pedestrian_1-1-pt_8545,wifi,0.7089337175792507
VY3DHQIIWZ6B,18278.25,18333.25,55.0,85.75,pedestrian_1-1-pt_8551,wifi,0.641399416909621
DDD48EQDH4UV,18300.5,18335.5,35.0,96.75,pedestrian_1-1-pt_8567,wifi,0.36175710594315247
3W9S96V6BZNF,18217.25,18263.75,46.5,183.75,pedestrian_1-1-pt_8583,wifi,0.2530612244897959
4PZYPIABKW7V,18362.25,18364.0,1.75,1.75,pedestrian_1-1-pt_8597,wifi,1.0
CSEXZ8OG2KEV,18234.25,18292.0,57.75,269.75,pedestrian_1-1-pt_8618,wifi,0.21408711770157554
FHOCKL5ZJHOB,18124.5,18192.0,67.5,360.75,pedestrian_1-1-pt_8637,wifi,0.18711018711018712
BH6F4BGJ9UU1,18271.25,18325.5,54.25,92.75,pedestrian_1-1-pt_8643,wifi,0.5849056603773585
P736K87ARGQ3,18269.5,18344.0,74.5,150.75,pedestrian_1-1-pt_8714,wifi,0.494195688225539
B8G2XARODD46,18044.75,18116.5,71.75,188.25,pedestrian_1-1-pt_8795,wifi,0.38114209827357237
C15RCQX8N5LB,18299.0,18364.0,65.0,334.75,pedestrian_1-1-pt_8810,wifi,0.1941747572815534
ERLL5G3S87EY,18287.25,18339.75,52.5,76.75,pedestrian_1-1-pt_8872,wifi,0.6840390879478827
UO0MCOU6W4TN,18248.25,18299.5,51.25,115.75,pedestrian_1-1-pt_8982,wifi,0.4427645788336933
7E8P3GMA7BZO,18274.25,18323.25,49.0,89.75,pedestrian_1-1-pt_954,wifi,0.5459610027855153
PFXF578XKDR5,18140.5,18208.5,68.0,250.25,pedestrian_1-1-veh_105,wifi,0.27172827172827174
Z6V16CZH9HF5,18200.25,18274.5,74.25,163.75,pedestrian_1-1-veh_114,wifi,0.4534351145038168
BBIB6LPY3G6N,18238.5,18299.0,60.5,239.5,pedestrian_1-1-veh_236,wifi,0.25260960334029225
AKNK5SAQF35G,18354.25,18364.0,9.75,9.75,pedestrian_1-1-veh_475,wifi,1.0
DQSI280KC3ZV,18269.25,18334.25,65.0,240.75,pedestrian_1-1-veh_509,wifi,0.2699896157840083
J4YGPQ90FAWX,18032.25,18092.25,60.0,71.75,pedestrian_1-1-veh_546,wifi,0.8362369337979094
POSE8YCN79D2,18157.0,18229.0,72.0,186.25,pedestrian_1-1-veh_668,wifi,0.3865771812080537
3O625KV1Q2YM,18314.25,18364.0,49.75,49.75,pedestrian_1-1-veh_73,wifi,1.0
YGG0CFMIAJTI,18306.25,18345.25,39.0,57.75,pedestrian_1-1-veh_767,wifi,0.6753246753246753
AH0CW6W7GJCJ,18254.75,18314.25,59.5,293.75,pedestrian_1-1-veh_790,wifi,0.2025531914893617
J1H5ZVVY1HDU,18264.25,18314.75,50.5,180.75,pedestrian_1-1-veh_831,wifi,0.2793914246196404
ZDTCCJYPAD5E,18008.25,18077.0,68.75,224.25,pedestrian_1-1-veh_886,wifi,0.30657748049052397
5QDIYOPH8F40,18169.25,18238.5,69.25,194.75,pedestrian_1-2_104,wifi,0.355584082156611
3LJOPK7PX13G,18357.25,18364.0,6.75,6.75,pedestrian_1-2_1066,wifi,1.0
1JCPCL0BDNUA,18316.25,18364.0,47.75,47.75,pedestrian_1-2_1110,wifi,1.0
UR7J8ZURWZUZ,18288.75,18345.0,56.25,225.75,pedestrian_1-2_1285,wifi,0.24916943521594684
R63WMTF3EERR,18303.25,18350.5,47.25,104.75,pedestrian_1-2_1312,wifi,0.4510739856801909
I8BMNTTIKDGP,18144.75,18217.0,72.25,260.75,pedestrian_1-2_1313,wifi,0.27708533077660596
MT6EUEHF71YE,18227.5,18272.75,45.25,117.5,pedestrian_1-2_1330,wifi,0.3851063829787234
UQR4TTWXY5V9,18270.25,18320.25,50.0,93.75,pedestrian_1-2_1412,wifi,0.5333333333333333
DC71UGG3D6DJ,18279.75,18357.0,77.25,271.75,pedestrian_1-2_1559,wifi,0.2842686292548298
9GJJQOHEYRXY,18341.25,18364.0,22.75,22.75,pedestrian_1-2_1600,wifi,1.0
APQAW16UX0LB,18199.5,18268.25,68.75,198.75,pedestrian_1-2_1612,wifi,0.34591194968553457
NXYWF4SI6D7N,18064.25,18117.5,53.25,299.75,pedestrian_1-2_1741,wifi,0.17764804003336113
ZVJGHB41FL65,18071.0,18142.75,71.75,196.5,pedestrian_1-2_1990,wifi,0.3651399491094148
3VAGBBQRMSS0,18064.25,18134.0,69.75,220.0,pedestrian_1-2_2171,wifi,0.3170454545454545
WX510IJ7F3KV,18286.25,18351.5,65.25,185.0,pedestrian_1-2_2180,wifi,0.3527027027027027
GI49VR6HSG3J,18274.25,18339.5,65.25,89.75,pedestrian_1-2_2183,wifi,0.7270194986072424
9PLSKUDJVNSZ,18186.25,18225.5,39.25,75.25,pedestrian_1-2_2287,wifi,0.521594684385382
Z0FL9SFQEXOW,18267.5,18326.5,59.0,128.75,pedestrian_1-2_2337,wifi,0.458252427184466
HRA2JTDBG1KT,18253.25,18269.25,16.0,16.0,pedestrian_1-2_2512,wifi,1.0
31DKWPAC0EYU,18265.25,18326.0,60.75,98.75,pedestrian_1-2_2564,wifi,0.6151898734177215
JOKIB2FHMHAN,18130.25,18138.75,8.5,8.5,pedestrian_1-2_2580,wifi,1.0
1CVO3B09HFE1,18332.25,18364.0,31.75,31.75,pedestrian_1-2_2670,wifi,1.0
IZOS248Z4CLQ,18355.25,18364.0,8.75,8.75,pedestrian_1-2_280,wifi,1.0
FZX5EBBP4PHO,18041.25,18108.5,67.25,122.0,pedestrian_1-2_285,wifi,0.5512295081967213
I3R6TEPRNNHC,18223.0,18289.0,66.0,182.75,pedestrian_1-2_2867,wifi,0.36114911080711354
EZ6OHFQGCDYZ,18291.25,18358.25,67.0,136.75,pedestrian_1-2_3150,wifi,0.489945155393053
V2F98NZXY239,18201.75,18275.5,73.75,149.25,pedestrian_1-2_3214,wifi,0.49413735343383586
EE06DJVK90D4,18336.25,18364.0,27.75,27.75,pedestrian_1-2_3280,wifi,1.0
Z7GUNTSHJJE9,18329.25,18364.0,34.75,34.75,pedestrian_1-2_3386,wifi,1.0
CSU3CPDXE3ID,18322.75,18364.0,41.25,79.75,pedestrian_1-2_3462,wifi,0.5172413793103449
K3ZHN3KXB6FX,18111.25,18133.0,21.75,21.75,pedestrian_1-2_3488,wifi,1.0
RYOHQ154K6HA,18327.25,18364.0,36.75,36.75,pedestrian_1-2_3575,wifi,1.0
S1HYHK2Y9HDA,18231.25,18294.5,63.25,132.75,pedestrian_1-2_3594,wifi,0.4764595103578154
7IH2SHIGMSAJ,18212.25,18280.75,68.5,151.75,pedestrian_1-2_3608,wifi,0.4514003294892916
HU1LK4A0SIV3,18177.25,18225.0,47.75,95.0,pedestrian_1-2_3693,wifi,0.5026315789473684
CZUK5PXKS9JY,18291.25,18332.25,41.0,72.75,pedestrian_1-2_3720,wifi,0.563573883161512
8EMLK3YYLL3D,18152.75,18224.0,71.25,149.75,pedestrian_1-2_3787,wifi,0.4757929883138564
SYPE55FF9YJQ,18058.25,18067.5,9.25,9.25,pedestrian_1-2_3821,wifi,1.0
OCKIE34B8EVB,18204.5,18265.25,60.75,327.25,pedestrian_1-2_3838,wifi,0.18563789152024446
Q00KB6NZIXGG,18107.25,18178.0,70.75,279.25,pedestrian_1-2_3940,wifi,0.25335720680393914
1W6L6MLZR6W0,18256.25,18287.0,30.75,30.75,pedestrian_1-2_4206,wifi,1.0
KBYBB108QC3N,18217.25,18275.5,58.25,200.75,pedestrian_1-2_4270,wifi,0.2901618929016189
GVWDKXXO8H6W,18085.25,18155.75,70.5,259.75,pedestrian_1-2_4327,wifi,0.2714148219441771
F8LF1JQLCLX2,18181.5,18246.25,64.75,247.75,pedestrian_1-2_4454,wifi,0.2613521695257316
Z7QGOOY87E7Z,18236.0,18299.75,63.75,174.5,pedestrian_1-2_4609,wifi,0.3653295128939828
3RLQHPFKXUSF,18124.25,18163.0,38.75,38.75,pedestrian_1-2_4634,wifi,1.0
4OTJPZY72H1K,18363.25,18364.0,0.75,0.75,pedestrian_1-2_4700,wifi,1.0
2SF7QJRND2YJ,18041.25,18065.0,23.75,23.75,pedestrian_1-2_4734,wifi,1.0
32K52M97P5H3,18309.25,18364.0,54.75,54.75,pedestrian_1-2_4853,wifi,1.0
C49JTQA0YNIV,18280.25,18328.75,48.5,83.75,pedestrian_1-2_4955,wifi,0.5791044776119403
CD1VU6FDO5NB,18254.75,18312.0,57.25,135.0,pedestrian_1-2_5092,wifi,0.42407407407407405
4HFS5WC8M0UW,18154.25,18227.25,73.0,209.75,pedestrian_1-2_5319,wifi,0.34803337306317045
9E0FTEJKUHWF,18245.25,18310.5,65.25,114.25,pedestrian_1-2_5421,wifi,0.5711159737417943
4YPZB9QQ1CD0,18246.25,18313.75,67.5,117.75,pedestrian_1-2_5460,wifi,0.5732484076433121
FSYMG1DOZXUH,18156.0,18222.75,66.75,234.5,pedestrian_1-2_5518,wifi,0.2846481876332623
QFVNFRP33A5M,18130.25,18187.5,57.25,233.75,pedestrian_1-2_554,wifi,0.2449197860962567
MXRML0XP0ND4,18257.25,18289.75,32.5,47.25,pedestrian_1-2_5640,wifi,0.6878306878306878
WUNE8VOT1ZRL,18260.5,18325.5,65.0,165.75,pedestrian_1-2_5687,wifi,0.39215686274509803
9FGWOT44LEBI,18200.5,18272.75,72.25,213.75,pedestrian_1-2_5739,wifi,0.33801169590643276
4SGPJH9D43WJ,18302.25,18331.0,28.75,28.75,pedestrian_1-2_5753,wifi,1.0
RUIG7Q99KHNK,18011.25,18076.0,64.75,159.75,pedestrian_1-2_5770,wifi,0.405320813771518
KLD0BJIC4YK9,18061.25,18135.0,73.75,146.5,pedestrian_1-2_5791,wifi,0.5034129692832765
V499GYHV7LVV,18338.25,18364.0,25.75,25.75,pedestrian_1-2_593,wifi,1.0
S2909JDPZNES,18256.5,18319.25,62.75,163.75,pedestrian_1-2_5943,wifi,0.383206106870229
Z3IH4A2AG89E,18297.25,18364.0,66.75,66.75,pedestrian_1-2_6007,wifi,1.0
RC90XJ5JL61V,18036.25,18106.5,70.25,136.75,pedestrian_1-2_609,wifi,0.5137111517367459
14ETQQCDVM2Q,18052.25,18124.0,71.75,266.75,pedestrian_1-2_638,wifi,0.2689784442361762
YRDGRO87I0GP,18124.25,18195.5,71.25,239.75,pedestrian_1-2_651,wifi,0.29718456725756
4MJIH6DFOACX,18329.25,18364.0,34.75,34.75,pedestrian_1-2_722,wifi,1.0
A25DXE6VXALA,18283.5,18329.5,46.0,123.75,pedestrian_1-2_937,wifi,0.3717171717171717
UXDL06L83LCP,18239.75,18304.0,64.25,216.75,pedestrian_1-2_950,wifi,0.2964244521337947
1YH0GWCWUPVB,18139.75,18185.75,46.0,85.5,pedestrian_1-3_1010,wifi,0.5380116959064327
8205M1QLJICI,18346.25,18355.0,8.75,8.75,pedestrian_1-3_1112,wifi,1.0
8KC6FJO3MY76,18152.25,18189.25,37.0,85.0,pedestrian_1-3_1151,wifi,0.43529411764705883
GWJJSW0R89OJ,18188.25,18256.5,68.25,180.75,pedestrian_1-3_1202,wifi,0.3775933609958506
0P17ALN50WPT,18231.25,18273.25,42.0,132.75,pedestrian_1-3_1209,wifi,0.3163841807909605
4GPRP7E0DBXM,18347.25,18364.0,16.75,16.75,pedestrian_1-3_1264,wifi,1.0
8OH6PUE7EYBY,18316.25,18348.0,31.75,47.75,pedestrian_1-3_1734,wifi,0.6649214659685864
I9YM39U9ZJ2D,18309.25,18364.0,54.75,54.75,pedestrian_1-3_1785,wifi,1.0
23LSTJPVQH1T,18092.0,18150.25,58.25,177.25,pedestrian_1-3_1790,wifi,0.32863187588152326
C9293NTN1VLR,18258.75,18332.5,73.75,208.75,pedestrian_1-3_1821,wifi,0.3532934131736527
F4A0L2I2VHEM,18196.25,18265.0,68.75,167.75,pedestrian_1-3_1864,wifi,0.4098360655737705
GYX33A8HBXCK,18031.25,18097.0,65.75,81.75,pedestrian_1-3_2018,wifi,0.8042813455657493
Q0X7WYGTWP23,18109.25,18155.5,46.25,61.5,pedestrian_1-3_2180,wifi,0.7520325203252033
9W368RTXZMIS,18010.25,18077.25,67.0,199.5,pedestrian_1-3_2221,wifi,0.3358395989974937
J67IV37MU8O8,18199.25,18256.75,57.5,112.75,pedestrian_1-3_2269,wifi,0.5099778270509978
EHMWX9S6ZFC7,18310.25,18347.25,37.0,53.75,pedestrian_1-3_2323,wifi,0.6883720930232559
ZHZG9FS732S2,18248.25,18320.0,71.75,161.75,pedestrian_1-3_2369,wifi,0.4435857805255023
GLVDUMS5NPM6,18001.25,18061.75,60.5,165.75,pedestrian_1-3_2374,wifi,0.3650075414781297
C28ZQ3WSBD8V,18003.25,18052.5,49.25,49.25,pedestrian_1-3_2410,wifi,1.0
I7PYL8UYMGU0,18056.25,18113.75,57.5,73.25,pedestrian_1-3_2454,wifi,0.7849829351535836
ZF64AW2IW9WF,18264.5,18338.25,73.75,201.0,pedestrian_1-3_2529,wifi,0.36691542288557216
2KYS0H7BRLFQ,18302.5,18353.0,50.5,127.75,pedestrian_1-3_2566,wifi,0.3953033268101761
VL32Q86VG0EB,18183.5,18230.5,47.0,189.25,pedestrian_1-3_268,wifi,0.24834874504623514
W4CSNS3LAMZX,18281.0,18353.0,72.0,236.0,pedestrian_1-3_2707,wifi,0.3050847457627119
XC9FTV7I7K75,18241.25,18306.25,65.0,122.75,pedestrian_1-3_2881,wifi,0.5295315682281059
G7XLVI0K78BO,18162.25,18226.0,63.75,113.5,pedestrian_1-3_3046,wifi,0.5616740088105727
4QTYD8U72ZX2,18135.25,18207.0,71.75,195.75,pedestrian_1-3_321,wifi,0.3665389527458493
42NOVWT1X36O,18252.75,18305.5,52.75,142.75,pedestrian_1-3_3239,wifi,0.36952714535901926
ZCFWUA30NN6P,18010.25,18070.5,60.25,123.0,pedestrian_1-3_3320,wifi,0.4898373983739837
M1M0DF479UPB,18194.25,18252.75,58.5,142.75,pedestrian_1-3_3428,wifi,0.4098073555166375
5ZW41NI7XOJ9,18102.25,18158.5,56.25,168.25,pedestrian_1-3_3480,wifi,0.3343239227340267
TAGRDTT4ZM3J,18235.25,18283.75,48.5,128.75,pedestrian_1-3_3730,wifi,0.3766990291262136
CDNZIG8PTJ51,18336.25,18364.0,27.75,27.75,pedestrian_1-3_3737,wifi,1.0
WG1LYK41DDVK,18328.25,18364.0,35.75,35.75,pedestrian_1-3_3759,wifi,1.0
LTOGZ7BQTYFQ,18299.25,18344.0,44.75,64.75,pedestrian_1-3_3763,wifi,0.6911196911196911
Q49AMK9XAG67,18078.25,18133.75,55.5,92.75,pedestrian_1-3_3834,wifi,0.5983827493261455
HFX6E4WHHNJS,18323.75,18364.0,40.25,110.75,pedestrian_1-3_3840,wifi,0.36343115124153497
PRHJ0QYW6OQ7,18215.0,18288.0,73.0,200.0,pedestrian_1-3_4166,wifi,0.365
K86AZW47YIKA,18102.25,18222.5,120.25,151.25,pedestrian_1-3_4170,wifi,0.7950413223140496
Z5F1F6ZEGZ5B,18147.25,18206.25,59.0,216.75,pedestrian_1-3_4323,wifi,0.2722029988465975
BZHQ4VD7PY1K,18187.25,18249.0,61.75,217.75,pedestrian_1-3_4492,wifi,0.2835820895522388
15604URLXNXG,18193.25,18264.0,70.75,153.75,pedestrian_1-3_4518,wifi,0.46016260162601624
5Q2R271P31R2,18260.25,18323.0,62.75,163.75,pedestrian_1-3_4740,wifi,0.383206106870229
6GGQH59QYPHF,18183.25,18249.5,66.25,81.25,pedestrian_1-3_4761,wifi,0.8153846153846154
UP64RZK1L8DU,18253.75,18324.75,71.0,239.75,pedestrian_1-3_4771,wifi,0.2961418143899896
DL7V4GMG1OQW,18053.25,18120.0,66.75,113.5,pedestrian_1-3_4838,wifi,0.5881057268722467
LN778JPQOI6J,18317.75,18364.0,46.25,87.75,pedestrian_1-3_5139,wifi,0.5270655270655271
13Z7562G62HR,18327.25,18364.0,36.75,36.75,pedestrian_1-3_528,wifi,1.0
WPJAVULTN2LF,18251.0,18306.25,55.25,158.75,pedestrian_1-3_5334,wifi,0.3480314960629921
V2OY1LPY3UOM,18022.25,18087.25,65.0,85.75,pedestrian_1-3_5363,wifi,0.7580174927113703
VX8OXV5SN58S,18064.75,18111.25,46.5,160.5,pedestrian_1-3_537,wifi,0.2897196261682243
PMPLD7IGNGCV,18147.25,18217.0,69.75,216.75,pedestrian_1-3_5372,wifi,0.3217993079584775
CUNEK1LN9Q7Z,18158.75,18214.25,55.5,121.25,pedestrian_1-3_5373,wifi,0.4577319587628866
CDNN3BY5FP7N,18297.25,18356.25,59.0,66.75,pedestrian_1-3_5537,wifi,0.8838951310861424
ZK65I0TMNFAB,18181.25,18247.75,66.5,67.25,pedestrian_1-3_5578,wifi,0.9888475836431226
KR850WKE6BB2,18260.25,18327.75,67.5,103.75,pedestrian_1-3_618,wifi,0.6506024096385542
W3WFONV4NZ05,18149.25,18201.0,51.75,153.0,pedestrian_1-3_643,wifi,0.3382352941176471
FBLU2E0IKNSE,18310.25,18356.25,46.0,53.75,pedestrian_1-3_738,wifi,0.8558139534883721
J008CIZTTRM5,18251.75,18299.0,47.25,157.5,pedestrian_1-3_741,wifi,0.3
UNYQRSWRWEO5,18299.25,18348.5,49.25,64.75,pedestrian_1-3_824,wifi,0.7606177606177607
KLYB2CGNAIWE,18199.75,18271.25,71.5,297.75,pedestrian_1-3_90,wifi,0.2401343408900084
LML0HO3NNZFU,18220.25,18281.0,60.75,211.75,pedestrian_2-1_1149,wifi,0.28689492325855964
C5VIJV8AHGRM,18312.25,18364.0,51.75,51.75,pedestrian_2-1_1302,wifi,1.0
U2EL8VA96P9L,18184.0,18253.75,69.75,228.75,pedestrian_2-1_1337,wifi,0.30491803278688523
7N8FQKNAH8FQ,18053.25,18121.75,68.5,118.0,pedestrian_2-1_1662,wifi,0.5805084745762712
5KHD5S0C92P5,18362.25,18364.0,1.75,1.75,pedestrian_2-1_1834,wifi,1.0
QFX6S129I5S1,18186.5,18232.5,46.0,111.25,pedestrian_2-1_2330,wifi,0.4134831460674157
YUSXUL5S201Z,18121.25,18186.5,65.25,193.5,pedestrian_2-1_3320,wifi,0.3372093023255814
LTAF4V25IAUO,18362.25,18364.0,1.75,1.75,pedestrian_2-1_3498,wifi,1.0
2OPAGSFOXP21,18151.0,18218.75,67.75,340.75,pedestrian_2-1_3545,wifi,0.1988261188554659
XHTWQ2Z23MTI,18295.25,18364.0,68.75,68.75,pedestrian_2-1_3641,wifi,1.0
YN96PDGXZ307,18304.5,18364.0,59.5,202.75,pedestrian_2-1_3869,wifi,0.2934648581997534
JYP0B7I4ZJC6,18325.25,18360.25,35.0,38.75,pedestrian_2-1_4127,wifi,0.9032258064516129
HJLYF7AHYOMZ,18290.25,18299.25,9.0,9.0,pedestrian_2-1_4331,wifi,1.0
K3ZSAS2VKPOC,18179.25,18236.75,57.5,291.75,pedestrian_2-1_4638,wifi,0.19708654670094258
LYVCLESI5HJL,18285.25,18299.25,14.0,14.0,pedestrian_2-1_5001,wifi,1.0
ZS43MKLK61H3,18231.5,18306.0,74.5,164.75,pedestrian_2-1_5204,wifi,0.45220030349013657
XGKWTIFRGQC1,18284.0,18354.5,70.5,154.75,pedestrian_2-1_5419,wifi,0.4555735056542811
L4J0E36U8X4F,18187.25,18195.75,8.5,8.5,pedestrian_2-1_5435,wifi,1.0
GN90X5IQ5V7H,18343.25,18364.0,20.75,20.75,pedestrian_2-1_5672,wifi,1.0
JC0WXR240P4N,18154.25,18166.0,11.75,11.75,pedestrian_2-1_6021,wifi,1.0
VSTUJ0V1CL2E,18219.25,18268.0,48.75,177.75,pedestrian_2-1_63,wifi,0.2742616033755274
