id1,id2,start_timestep,last_timestep,duration,user_id,ideal_duration,protocol_id1,protocol_id2,privacy_score
GJGJ54SCHLXP,IN29P3P2AE2X,18001.25,18193.5,192.25,pedestrian_1-2_1990,196.5,wifi,lte,0.9783715012722646
PLER7W33613Y,7S7VXI6QPAWH,18001.25,18358.5,357.25,pedestrian_1-1-pt_7251,1181.75,wifi,lte,0.3023059022635921
TKJS90SEYF1R,GLVDUMS5NPM6,18001.25,18159.25,158.0,pedestrian_1-3_2374,165.75,lte,wifi,0.9532428355957768
HK2I9BRODF4N,C28ZQ3WSBD8V,18003.25,18052.5,49.25,pedestrian_1-3_2410,49.25,lte,wifi,1.0
IL0TOSIZATEO,GN60IZZHIYTO,18003.25,18652.25,649.0,pedestrian_1-1-pt_8637,660.0,wifi,lte,0.9833333333333333
ZURHIZ5IPCI8,R69UJBJY5O0T,18004.25,18246.75,242.5,pedestrian_1-1-veh_105,250.25,wifi,lte,0.9690309690309691
6UPMGCJC0Q4N,8MU0U68RWA1O,18006.25,18325.0,318.75,pedestrian_1-2_3838,327.25,lte,wifi,0.974025974025974
ZDTCCJYPAD5E,S3BDRXV0BMWL,18008.25,18227.75,219.5,pedestrian_1-1-veh_886,224.25,wifi,lte,0.9788182831661093
IOPYL30H38RJ,77FGUYBO7J8M,18008.25,18116.25,108.0,pedestrian_1-3_4838,113.5,wifi,lte,0.9515418502202643
O0UCADZHEO8I,QD861X3P8BAJ,18009.25,18185.25,176.0,pedestrian_1-1-pt_8795,188.25,wifi,lte,0.9349269588313412
PUZHCDHOL0T7,9W368RTXZMIS,18010.25,18209.25,199.0,pedestrian_1-3_2221,199.5,lte,wifi,0.9974937343358395
ZCFWUA30NN6P,1RXMBGSYLIQG,18010.25,18127.0,116.75,pedestrian_1-3_3320,123.0,wifi,lte,0.9491869918699187
5C5NHSBFZVPF,RUIG7Q99KHNK,18011.25,18168.5,157.25,pedestrian_1-2_5770,159.75,lte,wifi,0.9843505477308294
ZCUGJ5PPXB8Y,0MGTRIS86ZNL,18013.25,18374.5,361.25,pedestrian_1-1-pt_8143,709.25,lte,wifi,0.5093408530137469
2LEM2BUR20FX,5KQ913700IL2,18014.25,18408.0,393.75,pedestrian_1-1-pt_2382,1361.0,wifi,lte,0.28930933137398973
VO4H0OWQUWTS,MFP7RPYM6EOU,18016.25,18448.75,432.5,pedestrian_1-1-pt_6269,1029.25,wifi,lte,0.4202088899684236
PAJKBO4Z2TSU,OWCZX3MYAAHC,18020.25,18155.75,135.5,pedestrian_1-1-pt_8365,566.5,wifi,lte,0.23918799646954986
JB6DT1B0L8T2,V2OY1LPY3UOM,18022.25,18101.25,79.0,pedestrian_1-3_5363,85.75,lte,wifi,0.9212827988338192
QTQCZPK6ACPM,7MSPB4P3IZRB,18023.25,18322.0,298.75,pedestrian_2-1_3545,707.0,wifi,lte,0.4225601131541726
2J6TJCVHIOW3,DB4HW1V9NHT5,18027.25,18186.25,159.0,pedestrian_1-3_537,160.5,wifi,lte,0.9906542056074766
S6SVAND3JOMW,ECMGHSA2NVB9,18029.25,18412.5,383.25,pedestrian_1-1-pt_1773,576.0,lte,wifi,0.6653645833333334
GSZDF42GV74H,G4G475PNF8RH,18029.25,18165.75,136.5,pedestrian_1-1-pt_8810,1370.75,lte,wifi,0.09958052161225607
X212F7T6EFTN,3QTN7UDWBEK9,18030.25,18448.25,418.0,pedestrian_1-1-pt_3251,421.0,lte,wifi,0.9928741092636579
MFQSNU5Z6R5S,10OQ35R5CC3E,18031.25,18212.75,181.5,pedestrian_1-1-pt_7054,187.75,wifi,lte,0.966711051930759
G71UU4IJNVX2,4RS74NCBSIE7,18031.25,18216.5,185.25,pedestrian_2-1_3320,193.5,wifi,lte,0.9573643410852714
EEDOMJ1TQUUC,GYX33A8HBXCK,18031.25,18112.75,81.5,pedestrian_1-3_2018,81.75,lte,wifi,0.9969418960244648
2Z0SY6TF0AFA,SDR5S0U1LYMW,18032.25,18696.75,664.5,pedestrian_1-1-pt_3431,1367.75,wifi,lte,0.48583439956132335
J4YGPQ90FAWX,04ZGFDC1QXOC,18032.25,18095.5,63.25,pedestrian_1-1-veh_546,71.75,wifi,lte,0.8815331010452961
05LD9NV7P2RN,RC90XJ5JL61V,18036.25,18172.75,136.5,pedestrian_1-2_609,136.75,lte,wifi,0.9981718464351006
YSGGL0MWNGF9,8889U6CTX14P,18038.25,18098.5,60.25,pedestrian_1-1-pt_5078,189.0,wifi,lte,0.3187830687830688
2SF7QJRND2YJ,4AKXINNEVQ2L,18041.25,18065.0,23.75,pedestrian_1-2_4734,23.75,wifi,lte,1.0
FZX5EBBP4PHO,H12NXMSNQJ9G,18041.25,18161.0,119.75,pedestrian_1-2_285,122.0,wifi,lte,0.9815573770491803
NQ6G0GISD0Y7,O1R8DKST0UKU,18045.25,18109.0,63.75,pedestrian_1-1-pt_8289,66.5,wifi,lte,0.9586466165413534
QRVPZE924GO2,L8IHR7ET6VCS,18046.25,18207.75,161.5,pedestrian_1-1-pt_6561,170.25,wifi,lte,0.9486049926578561
YDU7VRXP0TE3,ZPB1MUNHYFQM,18048.25,18220.75,172.5,pedestrian_1-3_1790,177.25,wifi,lte,0.9732016925246827
M58HJY05EAN2,XC1VCVXLEH8F,18049.25,18467.5,418.25,pedestrian_1-1-pt_1673,418.75,wifi,lte,0.9988059701492538
14ETQQCDVM2Q,YOMPUZ1VEDGW,18052.25,18316.5,264.25,pedestrian_1-2_638,266.75,wifi,lte,0.9906279287722587
JFNZS4WYI5TI,WHOQR4208R8Q,18052.25,18322.75,270.5,pedestrian_1-2_3940,279.25,lte,wifi,0.9686660698299016
7N8FQKNAH8FQ,HG89YIXBSSF9,18053.25,18166.0,112.75,pedestrian_2-1_1662,118.0,wifi,lte,0.9555084745762712
5W17BOUPCRFE,YUD9J9X3EGZH,18054.25,18676.0,621.75,pedestrian_1-1-pt_2498,1345.75,wifi,lte,0.46201003158090287
I7PYL8UYMGU0,BS7SFQ3FB83B,18056.25,18115.75,59.5,pedestrian_1-3_2454,73.25,wifi,lte,0.8122866894197952
63NEPBZ2Z9OV,SYPE55FF9YJQ,18058.25,18067.5,9.25,pedestrian_1-2_3821,9.25,lte,wifi,1.0
SB7KPHMJ4J37,63YCHL2EXUTJ,18060.25,18238.0,177.75,pedestrian_1-3_268,189.25,lte,wifi,0.9392338177014531
UJ0ZGZFNFOG4,KLD0BJIC4YK9,18061.25,18203.25,142.0,pedestrian_1-2_5791,146.5,lte,wifi,0.9692832764505119
NXYWF4SI6D7N,KCFRZUK1F72R,18064.25,18418.25,354.0,pedestrian_1-2_1741,360.0,wifi,lte,0.9833333333333333
8NKNT5PZ8WGF,3VAGBBQRMSS0,18064.25,18134.0,69.75,pedestrian_1-2_2171,220.0,lte,wifi,0.3170454545454545
QTS0MFALNCZQ,RWSFB9N2EGWF,18065.25,18684.75,619.5,pedestrian_1-1-pt_4187,707.75,lte,wifi,0.8753090780642883
7PP8VVVVUM4Y,0C9ID4ZFCGR5,18066.25,18328.5,262.25,pedestrian_1-3_90,323.5,lte,wifi,0.8106646058732612
Z3M8HU45TARS,EU95BPHY94HE,18069.25,18315.75,246.5,pedestrian_1-2_4454,247.75,wifi,lte,0.9949545913218971
0IUVDKALXIJA,QYB1RGGIX0MC,18069.25,18522.5,453.25,pedestrian_1-1-pt_2201,458.5,wifi,lte,0.9885496183206107
M9OALWPSTUS0,FE9SUMHQAB61,18070.25,18371.0,300.75,pedestrian_1-1-veh_790,375.75,wifi,lte,0.8003992015968064
TISI89YVL74D,1RF647LDUQRQ,18072.25,18234.0,161.75,pedestrian_2-1_4638,364.5,lte,wifi,0.443758573388203
EE9LC1SIOCDO,YM66U8XIXKFX,18073.25,18695.25,622.0,pedestrian_1-1-pt_4658,642.0,lte,wifi,0.9688473520249221
7CIW6QSPGHB4,MQ2JUN2LXMFY,18073.25,18255.5,182.25,pedestrian_1-1-veh_668,186.25,lte,wifi,0.978523489932886
DLZP1H2WZATP,JXJXOH9TWW5G,18073.25,18348.25,275.0,pedestrian_1-1-pt_2770,277.75,lte,wifi,0.9900990099009901
5QIEG117JETS,1YDS86IRAJ1G,18075.25,18698.75,623.5,pedestrian_1-1-pt_5139,956.5,lte,wifi,0.6518557239937272
IQEZVVC4T6L1,YQIBPT5SEIMC,18076.25,18621.75,545.5,pedestrian_1-1-pt_4472,1083.0,lte,wifi,0.5036934441366574
IQ1P68NSQ42U,BG3VUIH8Q7IJ,18078.25,18695.75,617.5,pedestrian_1-1-pt_255,928.75,wifi,lte,0.6648721399730821
T22YUP9IOR7E,Q49AMK9XAG67,18078.25,18170.25,92.0,pedestrian_1-3_3834,92.75,lte,wifi,0.9919137466307277
CJFWWRJ1LL0X,T57E0GWFQZGD,18083.25,18181.5,98.25,pedestrian_1-1-pt_2835,1108.75,wifi,lte,0.08861330326944758
GVWDKXXO8H6W,D8HSSNEE0EV1,18085.25,18344.0,258.75,pedestrian_1-2_4327,259.75,wifi,lte,0.9961501443695862
52K1IAHXLKX9,66T4YIKUQ891,18092.25,18490.0,397.75,pedestrian_1-2_1559,397.75,lte,wifi,1.0
0BH4H96BGK8U,GSC58NCDOUJF,18094.25,18697.25,603.0,pedestrian_1-1-pt_8618,1305.75,wifi,lte,0.4618035611717404
GZZ9Z8YG6AST,393IATS3D90N,18097.25,18668.0,570.75,pedestrian_1-1-pt_4026,1302.75,wifi,lte,0.43811168681635004
YBX3IDG6R7ZH,RKRNBPLN3XAQ,18100.25,18178.75,78.5,pedestrian_1-3_1010,85.5,wifi,lte,0.9181286549707602
P4MKV2MKPDX8,K86AZW47YIKA,18102.25,18251.0,148.75,pedestrian_1-3_4170,151.25,lte,wifi,0.9834710743801653
5ZW41NI7XOJ9,0VR5LXP5OWIP,18102.25,18264.75,162.5,pedestrian_1-3_3480,168.25,wifi,lte,0.9658246656760773
OXEW1Y5XFJBC,HI0YM4N8KZJF,18102.25,18261.0,158.75,pedestrian_1-2_5518,234.5,wifi,lte,0.6769722814498934
PAI2SJOMEXTM,L18A8YV4V9VC,18103.25,18348.75,245.5,pedestrian_1-2_1313,276.0,wifi,lte,0.8894927536231884
TKINDCDXW6Z1,YB5TYR8MQQ90,18106.25,18344.5,238.25,pedestrian_1-1-pt_6139,729.0,wifi,lte,0.3268175582990398
EOGXZ5G3RYZU,NRDPQNW9FLFS,18109.25,18289.25,180.0,pedestrian_1-1-veh_236,239.5,wifi,lte,0.7515657620041754
CGHGNXAXZQ41,Q0X7WYGTWP23,18109.25,18169.5,60.25,pedestrian_1-3_2180,61.5,lte,wifi,0.9796747967479674
GH2D6YM2JO6E,P91Y5M9VIRYD,18111.25,18659.0,547.75,pedestrian_1-1-pt_438,1288.75,lte,wifi,0.4250242483026188
4KKYI34ZORQ7,K3ZHN3KXB6FX,18111.25,18133.0,21.75,pedestrian_1-2_3488,21.75,lte,wifi,1.0
TPZ0OUEB2WL7,3353T1KC1VTC,18112.25,18230.25,118.0,pedestrian_1-3_5373,121.25,lte,wifi,0.9731958762886598
HYIQDKRNB9EN,W60UFL0AL0X9,18113.25,18563.75,450.5,pedestrian_1-1-pt_720,494.75,wifi,lte,0.9105608893380496
TT2LVU8EF7Z4,0NDV1HU2KI7C,18113.25,18226.0,112.75,pedestrian_1-3_3046,113.5,wifi,lte,0.9933920704845814
JVVYKOYSZBA9,3ZL6XFBZ7LE7,18119.25,18192.25,73.0,pedestrian_1-3_1151,85.0,lte,wifi,0.8588235294117647
STBZ8300XQQ1,TD8GTUT9RKO3,18120.25,18376.0,255.75,pedestrian_1-1-pt_530,612.5,lte,wifi,0.4175510204081633
4807AL87541S,PCG0UISOQ72S,18121.25,18172.0,50.75,pedestrian_2-1_2330,111.25,lte,wifi,0.45617977528089887
OYWBKZ7CV0P7,1L1208NTKEWG,18121.25,18401.0,279.75,pedestrian_1-1-pt_5990,793.25,wifi,lte,0.35266309486290576
FEH3B6ZMRASJ,J94L45LZ22ZS,18121.25,18264.75,143.5,pedestrian_1-2_3787,149.75,lte,wifi,0.9582637729549248
841574HOZU6Y,S41HO3IL6PAN,18122.25,18137.25,15.0,pedestrian_1-1-pt_3629,15.0,wifi,lte,1.0
0JHHQJSVM5S7,FPWF0EPKCMFD,18123.25,18353.0,229.75,pedestrian_1-3_2707,236.0,wifi,lte,0.9735169491525424
Y6DAR0JR2F4Y,MA36UOLI19M3,18123.25,18365.5,242.25,pedestrian_1-1-veh_509,247.25,wifi,lte,0.9797775530839231
YNYE1OA7XYWW,VX9HO86SKB5K,18124.25,18436.25,312.0,pedestrian_1-1-pt_5048,329.5,lte,wifi,0.9468892261001517
R3U0XR56WTTF,70J736VAOKAL,18124.25,18334.0,209.75,pedestrian_2-1_1149,211.75,lte,wifi,0.9905548996458088
3RLQHPFKXUSF,4BJ371ZSIG55,18124.25,18163.0,38.75,pedestrian_1-2_4634,38.75,wifi,lte,1.0
X3SHNN8BLIBK,QMDQ6JK91Z4Q,18124.25,18410.75,286.5,pedestrian_1-3_4771,300.0,wifi,lte,0.955
G7A59NNHPB83,YRDGRO87I0GP,18124.25,18495.75,371.5,pedestrian_1-2_651,372.75,lte,wifi,0.9966465459423206
N3TO0F9A2HML,9NGIYRDZLRMY,18125.25,18295.25,170.0,pedestrian_1-2_4609,174.5,lte,wifi,0.9742120343839542
JOKIB2FHMHAN,HL9JRE045H2V,18130.25,18138.75,8.5,pedestrian_1-2_2580,8.5,wifi,lte,1.0
QFVNFRP33A5M,CVONNBQ3VCYW,18130.25,18332.0,201.75,pedestrian_1-2_554,411.25,wifi,lte,0.4905775075987842
72OYHP423OUF,CDSO9SFBHL3U,18131.25,18692.25,561.0,pedestrian_1-1-pt_8536,1268.75,lte,wifi,0.4421674876847291
FDA1WRHK6AHN,7C5ST81W27CK,18133.25,18236.25,103.0,pedestrian_1-1-pt_306,104.75,wifi,lte,0.9832935560859188
7VBX0860406Y,U6ZSPZU7N86Q,18134.25,18323.25,189.0,pedestrian_1-3_4166,200.0,wifi,lte,0.945
AAD30AYUA8W9,DDTYMXRIA08C,18135.25,18408.0,272.75,pedestrian_1-1-pt_6201,272.75,wifi,lte,1.0
4QTYD8U72ZX2,Z876G9DIGTFE,18135.25,18326.5,191.25,pedestrian_1-3_321,195.75,wifi,lte,0.9770114942528736
11ASN52NPZJC,NQPE19AG42QR,18135.25,18519.75,384.5,pedestrian_2-1_1337,388.5,lte,wifi,0.9897039897039897
M4OT4L8AD2L6,7I9BYJ8Z31T1,18136.25,18558.5,422.25,pedestrian_1-1-pt_319,1020.25,lte,wifi,0.4138691497182063
F8H5J34M54HN,HXN6P6SP7CVM,18138.25,18340.0,201.75,pedestrian_1-2_1285,307.25,wifi,lte,0.6566314076484947
XRREOUJ7N1MC,83TCJ799YBXL,18138.25,18449.0,310.75,pedestrian_1-1-pt_6908,1086.25,wifi,lte,0.28607594936708863
3RHANZSHKOO2,ZCX2WYKAI9WA,18140.25,18573.0,432.75,pedestrian_1-1-pt_6355,435.5,lte,wifi,0.9936854190585533
KP1K2P4IWYE6,VMGRTUNCSPRL,18142.25,18191.0,48.75,pedestrian_1-3_2529,201.0,wifi,lte,0.24253731343283583
Q4CSL251KXF4,16KBZETU8BF0,18142.25,18322.5,180.25,pedestrian_1-3_1202,180.75,wifi,lte,0.9972337482710927
BO574S2EN2GU,EWE03DGTV5CP,18143.25,18693.0,549.75,pedestrian_1-1-pt_1669,612.25,lte,wifi,0.897917517354022
6AQYGCVJG3O3,RIEPM26YMUCD,18144.25,18694.25,550.0,pedestrian_1-1-pt_5809,977.5,wifi,lte,0.5626598465473146
B8VJDKQK9RHE,IUGEAPES4DSG,18145.25,18184.0,38.75,pedestrian_1-1-pt_5167,38.75,wifi,lte,1.0
X35QCMPHIGSK,TUCC1W9SF0TZ,18146.25,18391.5,245.25,pedestrian_1-3_4492,253.75,lte,wifi,0.9665024630541872
1LR8K6UO4T3I,A7FYJXBI0BL5,18147.25,18417.0,269.75,pedestrian_1-2_950,273.0,wifi,lte,0.9880952380952381
64P6IAZUOUKF,PMPLD7IGNGCV,18147.25,18438.0,290.75,pedestrian_1-3_5372,291.25,lte,wifi,0.9982832618025751
E18RFRW9UHJ0,Z5F1F6ZEGZ5B,18147.25,18406.0,258.75,pedestrian_1-3_4323,261.25,lte,wifi,0.9904306220095693
75A5645X60Q3,W3WFONV4NZ05,18149.25,18295.5,146.25,pedestrian_1-3_643,153.0,lte,wifi,0.9558823529411765
OUGKHQBKXF1S,E3VQXNXJY5RE,18150.25,18268.25,118.0,pedestrian_1-1-pt_1006,118.0,wifi,lte,1.0
21AZC76HE5C1,VU8886DPIMO7,18150.25,18500.5,350.25,pedestrian_1-2_5739,361.75,wifi,lte,0.9682100898410505
T8RCIP4XASMX,SUINWUFDFAVU,18150.25,18212.75,62.5,pedestrian_1-2_2287,75.25,wifi,lte,0.8305647840531561
SD9IXTE366E7,559RIM352W00,18153.25,18300.5,147.25,pedestrian_1-2_3214,149.25,wifi,lte,0.9865996649916248
HWRAFNEAS1K7,4HFS5WC8M0UW,18154.25,18402.75,248.5,pedestrian_1-2_5319,258.25,lte,wifi,0.9622458857696031
JC0WXR240P4N,6GPGUEOG6K0N,18154.25,18166.0,11.75,pedestrian_2-1_6021,11.75,wifi,lte,1.0
CEEJEQHI7ZM7,P70W1XPEDG7J,18155.25,18392.5,237.25,pedestrian_1-3_1821,297.25,lte,wifi,0.7981497056349874
LY6NH5O29523,UCD6LM9NP8QC,18161.25,18364.75,203.5,pedestrian_2-1_3869,363.0,lte,wifi,0.5606060606060606
3VYS3CPRNWAY,HFXOG7EEHHA5,18163.25,18369.0,205.75,pedestrian_1-2_4270,211.5,wifi,lte,0.9728132387706856
YG969WJS089A,SOZQB35NEEAP,18165.25,18268.25,103.0,pedestrian_1-2_1612,224.0,lte,wifi,0.45982142857142855
5QDIYOPH8F40,W7ZAHMNHUMM8,18169.25,18275.5,106.25,pedestrian_1-2_104,261.75,wifi,lte,0.4059216809933142
GUIPT56NOK5H,NTW1X9LY78UX,18173.25,18528.5,355.25,pedestrian_1-1-pt_4804,812.5,lte,wifi,0.43723076923076926
F9K48RB9K1Y4,BEIDEZUYFTCG,18174.25,18351.5,177.25,pedestrian_1-2_2180,185.0,lte,wifi,0.9581081081081081
UHX2O22OOP6Y,DPIAJ7NGX7ZU,18174.25,18699.75,525.5,pedestrian_1-1-pt_250,815.25,wifi,lte,0.64458754983134
RA3F6DIF6YDX,CAB9ONB94CA9,18175.25,18451.25,276.0,pedestrian_1-1-pt_4537,1224.75,lte,wifi,0.22535211267605634
HU1LK4A0SIV3,2Z28GAKLQLMH,18177.25,18270.75,93.5,pedestrian_1-2_3693,95.0,wifi,lte,0.9842105263157894
QO06AIXMH15I,BNCV0XZTNHPH,18180.25,18436.25,256.0,pedestrian_1-1-pt_8583,256.25,wifi,lte,0.9990243902439024
05OXCC7SQFHX,TNLI8NPW2KW2,18181.25,18351.75,170.5,pedestrian_1-2_2867,190.25,wifi,lte,0.8961892247043364
ZK65I0TMNFAB,Y7FD2PZAZWEV,18181.25,18247.75,66.5,pedestrian_1-3_5578,67.25,wifi,lte,0.9888475836431226
GIEXBDV0OA1V,ZA2HNYHJKM5W,18182.25,18217.0,34.75,pedestrian_1-3_741,157.5,lte,wifi,0.22063492063492063
3GQLDS19UBZT,JO67WSTYJCJP,18183.25,18300.75,117.5,pedestrian_1-2_1330,117.5,wifi,lte,1.0
7OF3DYFKEJVC,BQCPQLJJU024,18183.25,18409.75,226.5,pedestrian_1-1-veh_831,229.25,lte,wifi,0.9880043620501636
6GGQH59QYPHF,E353GGSMQ4YH,18183.25,18252.0,68.75,pedestrian_1-3_4761,81.25,wifi,lte,0.8461538461538461
3KBU2V0WQWPU,RW01G95W96QG,18184.25,18667.0,482.75,pedestrian_1-1-pt_6157,1215.75,wifi,lte,0.3970799917746247
QHJ76SNXSS4F,9UHJT0HY3NBO,18186.25,18531.25,345.0,pedestrian_2-1_63,348.75,lte,wifi,0.989247311827957
L4J0E36U8X4F,MP73QO5L8R3G,18187.25,18195.75,8.5,pedestrian_2-1_5435,8.5,wifi,lte,1.0
15604URLXNXG,GLDAJ2DKNWYQ,18193.25,18335.5,142.25,pedestrian_1-3_4518,153.75,wifi,lte,0.9252032520325203
QAB9Q0FT3YKG,F79WS4M91ENZ,18193.25,18463.75,270.5,pedestrian_1-1-pt_7915,289.25,lte,wifi,0.9351771823681936
D0C1EDV1R1R2,QNJS3HIZ8JL8,18193.25,18691.25,498.0,pedestrian_1-1-pt_7040,730.0,lte,wifi,0.6821917808219178
M1M0DF479UPB,ULQ721IF1MOB,18194.25,18328.75,134.5,pedestrian_1-3_3428,142.75,wifi,lte,0.9422066549912435
CWWHY0HUSMUH,HITFSYQCIB5G,18196.25,18448.0,251.75,pedestrian_1-1-pt_7123,672.5,lte,wifi,0.37434944237918216
YFZ61BM5V4HO,F4A0L2I2VHEM,18196.25,18516.0,319.75,pedestrian_1-3_1864,330.75,lte,wifi,0.9667422524565382
U8VDH84TRH1L,EUXZGGXORCQE,18196.25,18300.5,104.25,pedestrian_1-2_5421,114.25,lte,wifi,0.912472647702407
776FS43FLHBY,IXGIWAEJ4LRU,18198.25,18613.0,414.75,pedestrian_1-1-pt_1780,909.25,wifi,lte,0.456145174594446
17ECOI4EIRC7,VJ2KVI1Q11LR,18198.25,18445.25,247.0,pedestrian_1-2_5687,258.25,lte,wifi,0.9564375605033882
OS1YE60612N9,J67IV37MU8O8,18199.25,18310.25,111.0,pedestrian_1-3_2269,112.75,lte,wifi,0.9844789356984479
HA3EFZ5PIHJG,WGA8PF15PSQG,18199.25,18689.25,490.0,pedestrian_2-1_5204,606.0,wifi,lte,0.8085808580858086
5NBDATB75G5Z,Z6V16CZH9HF5,18200.25,18694.0,493.75,pedestrian_1-1-veh_114,639.75,lte,wifi,0.7717858538491599
UIT3MHKFYXSO,BRXHQD1GWPZH,18200.25,18322.0,121.75,pedestrian_1-2_5943,232.0,lte,wifi,0.5247844827586207
RUXL4QIIKIP9,ZZ9V5SW6LTJ8,18200.25,18460.75,260.5,pedestrian_1-3_4740,278.75,lte,wifi,0.9345291479820628
F6NMU15XAKCE,IWYXL40G7CDI,18202.25,18496.0,293.75,pedestrian_1-1-pt_4067,733.5,wifi,lte,0.4004771642808453
ZWHK45EKLYU3,5O8RH5BK3QN8,18202.25,18421.25,219.0,pedestrian_1-3_2369,219.5,lte,wifi,0.9977220956719818
PGAF6VPI4UXW,7D2G1RV14CPL,18205.25,18441.0,235.75,pedestrian_1-3_5334,251.0,lte,wifi,0.9392430278884463
4IVFESPQ3CVC,J0VAOYIG46ZC,18207.25,18242.0,34.75,pedestrian_1-1-pt_1747,34.75,wifi,lte,1.0
G752VM00106J,FAA8AAD8CNLE,18209.25,18697.0,487.75,pedestrian_1-1-pt_1142,1190.75,wifi,lte,0.4096157883686752
X87W65PMTNT6,9HN98XOGQNBB,18209.25,18516.25,307.0,pedestrian_2-1_5419,310.0,lte,wifi,0.9903225806451613
JN6ZGTEC8LHG,7IH2SHIGMSAJ,18212.25,18609.0,396.75,pedestrian_1-2_3608,403.25,lte,wifi,0.9838809671419715
53TNEWTCBY1T,FTC8RC6RJLSZ,18213.25,18481.25,268.0,pedestrian_1-1-pt_8714,1186.75,wifi,lte,0.22582683800294923
OSIB2DLOZ0CR,Z0S79UZIFHRD,18213.25,18692.75,479.5,pedestrian_1-1-pt_1134,1186.75,lte,wifi,0.40404465978512744
2BBDA5SGX2D6,3T6ON4IGUHR1,18214.25,18312.0,97.75,pedestrian_1-2_5092,135.0,wifi,lte,0.7240740740740741
01IMLIJHU8KV,0N7V77TN25QL,18216.25,18265.5,49.25,pedestrian_1-1-pt_7440,49.25,wifi,lte,1.0
MW3DONAB7AXU,TWJ8HZ78ZK7D,18221.25,18302.0,80.75,pedestrian_1-3_3239,149.5,wifi,lte,0.540133779264214
72RHLXI99HM4,1L9ASVC888EK,18222.25,18700.75,478.5,pedestrian_1-1-pt_841,1177.75,wifi,lte,0.4062831670558268
Z99G18C8MA7N,0BRJI1CY0NDP,18225.25,18604.25,379.0,pedestrian_1-1-pt_6141,393.5,wifi,lte,0.963151207115629
BH4FOSPHJ6JC,Q9034F0FLCL0,18227.25,18657.25,430.0,pedestrian_1-2_3150,550.5,lte,wifi,0.7811080835603996
0P17ALN50WPT,RWS8JX9CP7PY,18231.25,18273.25,42.0,pedestrian_1-3_1209,233.75,wifi,lte,0.17967914438502675
DTE99CJA4W85,S1HYHK2Y9HDA,18231.25,18688.0,456.75,pedestrian_1-2_3594,459.75,lte,wifi,0.9934747145187602
PULBVA4CFW9S,NI52SVX96HVT,18235.25,18394.0,158.75,pedestrian_1-2_2337,301.0,wifi,lte,0.5274086378737541
TAGRDTT4ZM3J,1I8XYXPA4KI8,18235.25,18413.25,178.0,pedestrian_1-3_3730,183.5,wifi,lte,0.9700272479564033
TQSX0J89DUR3,4JTFCGTKO8F8,18236.25,18450.25,214.0,pedestrian_1-3_2566,221.5,wifi,lte,0.9661399548532731
9RTLABF2BVBK,HJDWOYXVD5ZN,18237.25,18396.5,159.25,pedestrian_1-1-pt_3804,163.75,wifi,lte,0.9725190839694656
ZQJQAZ9JYGVZ,3L5XAG6JT182,18240.25,18433.0,192.75,pedestrian_1-2_937,194.5,lte,wifi,0.9910025706940874
XC9FTV7I7K75,V2G89U1ASSHI,18241.25,18499.75,258.5,pedestrian_1-3_2881,263.0,wifi,lte,0.9828897338403042
BCJ1QZCX2XM6,H5BABDBG26G9,18245.25,18678.75,433.5,pedestrian_1-1-pt_4748,922.5,wifi,lte,0.46991869918699186
WUI6I9R385NC,4YPZB9QQ1CD0,18246.25,18588.25,342.0,pedestrian_1-2_5460,346.25,lte,wifi,0.9877256317689531
ZGGJNG2QPFW0,UO0MCOU6W4TN,18248.25,18563.75,315.5,pedestrian_1-1-pt_8982,319.5,lte,wifi,0.9874804381846636
5QMSMHVPLAQK,UMHFVG0141LX,18252.25,18699.5,447.25,pedestrian_1-1-pt_6979,1147.75,lte,wifi,0.3896754519712481
S1C4GNKK2GT5,HRA2JTDBG1KT,18253.25,18269.25,16.0,pedestrian_1-2_2512,16.0,lte,wifi,1.0
06R20HCYHNA4,IVX6576GDG5J,18253.25,18564.75,311.5,pedestrian_1-1-pt_2534,1146.75,lte,wifi,0.27163723566601267
RTU9QBOMJCR0,F0UECUIMCXZR,18253.25,18291.5,38.25,pedestrian_1-3_3840,233.0,lte,wifi,0.16416309012875535
1ERI93JUVUSD,1W6L6MLZR6W0,18256.25,18287.0,30.75,pedestrian_1-2_4206,30.75,lte,wifi,1.0
TXGHP15OQ3DX,H9A00FETBDFQ,18256.25,18638.0,381.75,pedestrian_1-1-pt_325,819.75,wifi,lte,0.4656907593778591
ZRJGQIPYYMOZ,MXRML0XP0ND4,18257.25,18302.0,44.75,pedestrian_1-2_5640,47.25,lte,wifi,0.9470899470899471
59N4SRN8FN2P,NJAFLFNKSPPS,18259.25,18426.25,167.0,pedestrian_1-2_1312,177.0,wifi,lte,0.943502824858757
KR850WKE6BB2,EX63UCRVKBMV,18260.25,18464.25,204.0,pedestrian_1-3_618,212.5,wifi,lte,0.96
H8ETL1UDED8Y,JJGS62A0VMJM,18263.25,18367.25,104.0,pedestrian_1-1-pt_5392,397.75,wifi,lte,0.26147077309868005
31DKWPAC0EYU,V115ZC2B5ZFF,18265.25,18576.25,311.0,pedestrian_1-2_2564,319.75,wifi,lte,0.9726348709929633
ZAYPPGV7ALLM,BKOM30EF6T51,18267.25,18644.0,376.75,pedestrian_1-1-pt_8567,794.25,lte,wifi,0.4743468681145735
UQR4TTWXY5V9,4JY2LUN1YUYA,18270.25,18368.75,98.5,pedestrian_1-2_1412,191.75,wifi,lte,0.5136897001303781
TC6RHJV91WAB,BH6F4BGJ9UU1,18271.25,18431.0,159.75,pedestrian_1-1-pt_8643,562.5,lte,wifi,0.284
98UYEL57BKW6,X3Q95XRL63RO,18271.25,18505.25,234.0,pedestrian_1-1-pt_2342,307.5,lte,wifi,0.7609756097560976
7E8P3GMA7BZO,SF1PXZVBO8ZR,18274.25,18574.5,300.25,pedestrian_1-1-pt_954,303.0,wifi,lte,0.990924092409241
GI49VR6HSG3J,6FC7VZN6J4U8,18274.25,18451.0,176.75,pedestrian_1-2_2183,186.25,wifi,lte,0.9489932885906041
52RIR2NY1AS0,O1A8FH0VZWLW,18276.25,18517.25,241.0,pedestrian_1-3_5139,242.5,wifi,lte,0.9938144329896907
LY6JRZIFTBKF,BDEJO9M0KVUS,18277.25,18393.25,116.0,pedestrian_1-1-pt_8545,954.75,lte,wifi,0.12149777428646243
VY3DHQIIWZ6B,TUB417HVB2BS,18278.25,18399.5,121.25,pedestrian_1-1-pt_8551,248.5,wifi,lte,0.4879275653923541
C49JTQA0YNIV,WW3IV9OS86PD,18280.25,18706.5,426.25,pedestrian_1-2_4955,494.75,wifi,lte,0.8615462354724608
E3PVUQG0D298,EY7BO02KLOZM,18284.25,18479.25,195.0,pedestrian_1-1-pt_8424,234.5,lte,wifi,0.8315565031982942
8MK294AWMXK9,T0ZJYU35V89S,18284.25,18409.0,124.75,pedestrian_1-2_3462,126.0,wifi,lte,0.9900793650793651
GHGGEMCOB1MP,LYVCLESI5HJL,18285.25,18299.25,14.0,pedestrian_2-1_5001,14.0,lte,wifi,1.0
T9IZQ3VIOAVO,OG3V8H0VSGGZ,18287.25,18323.5,36.25,pedestrian_1-1-pt_1253,719.75,wifi,lte,0.050364709968739145
ERLL5G3S87EY,ZA5ZBIJAIEDD,18287.25,18698.0,410.75,pedestrian_1-1-pt_8872,1112.75,wifi,lte,0.3691305324646147
514ZNI2LXCP3,DL4XJ11ZV9TS,18289.25,18636.5,347.25,pedestrian_1-1-pt_4147,1110.75,lte,wifi,0.312626603646185
HJLYF7AHYOMZ,EQ2D0K7LAJNW,18290.25,18299.25,9.0,pedestrian_2-1_4331,9.0,wifi,lte,1.0
OB45D6P4OCQA,CZUK5PXKS9JY,18291.25,18434.75,143.5,pedestrian_1-2_3720,179.75,lte,wifi,0.7983310152990264
NRIM2N7N2T6Z,AXH5MZ25BR5I,18293.25,18696.0,402.75,pedestrian_1-1-pt_237,578.5,wifi,lte,0.6961970613656007
TQMN3T77U6FB,DA3KZTOIABDE,18294.25,18494.75,200.5,pedestrian_1-1-pt_317,1105.75,lte,wifi,0.18132489260682794
XHTWQ2Z23MTI,863PDS6QMFRU,18295.25,18580.0,284.75,pedestrian_2-1_3641,483.0,wifi,lte,0.589544513457557
EWBTNKDJYQAN,CDNN3BY5FP7N,18297.25,18492.25,195.0,pedestrian_1-3_5537,229.25,lte,wifi,0.8505997818974919
V2M5KSRQ64TY,Z3IH4A2AG89E,18297.25,18637.0,339.75,pedestrian_1-2_6007,346.25,lte,wifi,0.9812274368231046
LTOGZ7BQTYFQ,B242MH3SJ3RS,18299.25,18568.0,268.75,pedestrian_1-3_3763,269.75,wifi,lte,0.9962928637627433
UNYQRSWRWEO5,SR73ZF8ZRXEC,18299.25,18403.0,103.75,pedestrian_1-3_824,108.5,wifi,lte,0.956221198156682
4SGPJH9D43WJ,B94EC2J1OP91,18302.25,18331.0,28.75,pedestrian_1-2_5753,28.75,wifi,lte,1.0
17W7KMACGHVP,51ENHI3ZIMWL,18304.25,18695.0,390.75,pedestrian_1-1-pt_5612,458.25,wifi,lte,0.8527004909983633
KTWGBAY4QW3K,4KQRL9XSBVXM,18305.25,18700.0,394.75,pedestrian_1-1-pt_7368,1094.75,lte,wifi,0.3605846083580726
L2N7LRU5S0QB,MK3IMZEXH1IJ,18306.25,18399.25,93.0,pedestrian_1-1-pt_5498,445.5,wifi,lte,0.20875420875420875
YGG0CFMIAJTI,70R8GNQQS9PU,18306.25,18408.0,101.75,pedestrian_1-1-veh_767,185.5,wifi,lte,0.5485175202156334
32K52M97P5H3,H9L8YVKIP3E7,18309.25,18388.5,79.25,pedestrian_1-2_4853,85.5,wifi,lte,0.9269005847953217
I9YM39U9ZJ2D,WMCT6OY5F0S2,18309.25,18409.5,100.25,pedestrian_1-3_1785,103.25,wifi,lte,0.9709443099273608
D6E2KUBHCXIU,EHMWX9S6ZFC7,18310.25,18439.75,129.5,pedestrian_1-3_2323,175.5,lte,wifi,0.7378917378917379
QFF1S6KVUV4Q,FBLU2E0IKNSE,18310.25,18494.5,184.25,pedestrian_1-3_738,213.0,lte,wifi,0.8650234741784038
C5VIJV8AHGRM,B4VZHLOAS453,18312.25,18548.5,236.25,pedestrian_2-1_1302,249.25,wifi,lte,0.9478435305917753
71XIHGKQHTLK,,18312.25,18486.25,174.0,pedestrian_1-1-pt_4489,1087.75,lte,,0.1599632268444036
3O625KV1Q2YM,CSYBXKPCZ2GC,18314.25,18557.25,243.0,pedestrian_1-1-veh_73,250.75,wifi,lte,0.9690927218344965
0Z70WIBCF5JM,3NFKJICKRUZV,18315.25,18610.5,295.25,pedestrian_1-1-pt_4999,1084.75,lte,wifi,0.2721825305369901
6C4HVC2IKXXA,1JCPCL0BDNUA,18316.25,18519.75,203.5,pedestrian_1-2_1110,330.25,lte,wifi,0.6161998485995458
8OH6PUE7EYBY,X9UB5ADLE92N,18316.25,18382.5,66.25,pedestrian_1-3_1734,76.5,wifi,lte,0.8660130718954249
2GZWQ52S22XI,XS8R3MMH7T30,18317.25,18700.5,383.25,pedestrian_1-1-pt_7699,1082.75,lte,wifi,0.35395982452089586
245ST5EHGDGN,GQK21Z5PQUTO,18323.25,18694.25,371.0,pedestrian_1-1-pt_1949,1076.75,wifi,lte,0.3445553749709775
FYZDWWWHCVCQ,JYP0B7I4ZJC6,18325.25,18429.0,103.75,pedestrian_2-1_4127,108.75,lte,wifi,0.9540229885057471
13Z7562G62HR,V1E5IEZN84HT,18327.25,18475.5,148.25,pedestrian_1-3_528,156.0,wifi,lte,0.9503205128205128
RYOHQ154K6HA,MOGUGITRFCOL,18327.25,18696.25,369.0,pedestrian_1-2_3575,373.5,wifi,lte,0.9879518072289156
WG1LYK41DDVK,0X15HVNA4608,18328.25,18463.25,135.0,pedestrian_1-3_3759,142.25,wifi,lte,0.9490333919156415
K0589YOJ610Q,RSF9X49H30N0,18328.25,18463.25,135.0,pedestrian_1-1-pt_3920,312.5,wifi,lte,0.432
GJ6I72TX568S,Z7GUNTSHJJE9,18329.25,18612.5,283.25,pedestrian_1-2_3386,316.5,lte,wifi,0.8949447077409163
00WCLJTM290V,4MJIH6DFOACX,18329.25,18655.5,326.25,pedestrian_1-2_722,331.0,lte,wifi,0.9856495468277946
H09IM90H49F8,1CVO3B09HFE1,18332.25,18446.5,114.25,pedestrian_1-2_2670,219.25,lte,wifi,0.5210946408209807
HDMIP1H01321,ZTKJ4ZPCQBXR,18332.25,18423.25,91.0,pedestrian_1-1-pt_8392,592.75,lte,wifi,0.15352172079291437
I5SCF8M66N04,CDNZIG8PTJ51,18336.25,18501.5,165.25,pedestrian_1-3_3737,165.5,lte,wifi,0.9984894259818731
I3IEWC6A6LO2,EE06DJVK90D4,18336.25,18422.25,86.0,pedestrian_1-2_3280,91.5,lte,wifi,0.9398907103825137
V499GYHV7LVV,TGCHO91S0I06,18338.25,18552.0,213.75,pedestrian_1-2_593,218.5,wifi,lte,0.9782608695652174
6SPL2DQCRYQ9,3O4EBZM2KK97,18340.25,18515.75,175.5,pedestrian_1-1-pt_4996,640.25,wifi,lte,0.27411167512690354
9GJJQOHEYRXY,JRF8MI3X3A9Y,18341.25,18647.75,306.5,pedestrian_1-2_1600,343.0,wifi,lte,0.8935860058309038
3CIU928DJ1SM,GN90X5IQ5V7H,18343.25,18514.5,171.25,pedestrian_2-1_5672,451.75,lte,wifi,0.3790813503043719
8205M1QLJICI,9U9G5NSQISKC,18346.25,18355.0,8.75,pedestrian_1-3_1112,8.75,wifi,lte,1.0
4GPRP7E0DBXM,31RSXLHSZP5I,18347.25,18516.5,169.25,pedestrian_1-3_1264,179.5,wifi,lte,0.9428969359331476
BX7IZ880SXAU,UPJBP0MOIZNH,18350.25,18546.25,196.0,pedestrian_1-1-pt_2162,899.5,wifi,lte,0.2178988326848249
V1G14R9SCEX0,ZE2Q2GU5WTWE,18352.25,18697.5,345.25,pedestrian_1-1-pt_4671,946.75,wifi,lte,0.3646686031159229
AW6AQMGM438E,AKNK5SAQF35G,18354.25,18496.75,142.5,pedestrian_1-1-veh_475,163.5,lte,wifi,0.8715596330275229
DTW1N0EM9M2F,IZOS248Z4CLQ,18355.25,18610.0,254.75,pedestrian_1-2_280,295.0,lte,wifi,0.8635593220338983
M2KCWWC1L76O,3LJOPK7PX13G,18357.25,18438.75,81.5,pedestrian_1-2_1066,419.75,lte,wifi,0.19416319237641452
4PZYPIABKW7V,VDR8F0FAMYO8,18362.25,18493.0,130.75,pedestrian_1-1-pt_8597,775.25,wifi,lte,0.16865527249274428
LTAF4V25IAUO,V60DSK9VVFT0,18362.25,18489.5,127.25,pedestrian_2-1_3498,187.75,wifi,lte,0.677762982689747
5KHD5S0C92P5,,18362.25,18400.0,37.75,pedestrian_2-1_1834,125.0,wifi,,0.302
T0KPCYHZ21NQ,4OTJPZY72H1K,18363.25,18674.5,311.25,pedestrian_1-2_4700,408.0,lte,wifi,0.7628676470588235
DJADCUJF0TRR,,18364.25,18434.25,70.0,pedestrian_1-1-pt_6931,1035.75,wifi,,0.06758387641805455
WGE7DU9M9XBV,HBJGU9CEWZAG,18366.25,18627.75,261.5,pedestrian_1-2_1707,297.0,lte,wifi,0.8804713804713805
SMU38P1P53F9,X4E6WGAG1T0V,18366.25,18698.75,332.5,pedestrian_1-1-pt_6877,333.25,lte,wifi,0.9977494373593399
A9SWRVI5W268,L03Z2YZNSKGM,18367.25,18508.0,140.75,pedestrian_1-1-pt_6456,308.5,lte,wifi,0.45623987034035657
ASYIY92HOHCK,KG20TFGLW9MS,18367.25,18601.0,233.75,pedestrian_1-2_1275,242.5,wifi,lte,0.9639175257731959
6DH0RT5GF8VN,FYF48823GWQD,18368.25,18470.0,101.75,pedestrian_1-3_3352,125.0,lte,wifi,0.814
JY1ETLNNBH1C,57M96E7TSJE7,18371.25,18680.0,308.75,pedestrian_1-1-pt_2844,1028.75,lte,wifi,0.3001215066828676
3YCKQ14XTKDH,0VDUCL7HX9ZL,18373.25,18417.5,44.25,pedestrian_1-1-pt_1440,1026.75,lte,wifi,0.04309715120525932
I4IBRZ5VWXM0,A94R1XLIX8J2,18376.25,18482.0,105.75,pedestrian_2-1_420,170.25,lte,wifi,0.6211453744493393
FU1240PT9SKL,JFINSBV5AJDP,18376.25,18616.0,239.75,pedestrian_2-1_1272,241.25,wifi,lte,0.9937823834196892
DGER7U5SBVWQ,NNDCXTX1R1AF,18378.25,18573.0,194.75,pedestrian_1-2_390,198.75,wifi,lte,0.979874213836478
OL7TVYWRQSYY,DJWOVCISGQO6,18378.25,18665.0,286.75,pedestrian_2-1_5021,455.25,wifi,lte,0.629873695771554
XMI042J3F8WF,77S6O4SGUCH2,18380.25,18699.25,319.0,pedestrian_1-1-pt_6309,460.75,lte,wifi,0.6923494302767227
JR8MHPEY16DV,I8CJUAOOIWAF,18382.25,18490.5,108.25,pedestrian_1-3_2955,119.25,wifi,lte,0.9077568134171907
HK2NSUP1FIAK,PRYFS9HHBOA4,18382.25,18496.75,114.5,pedestrian_1-2_327,119.0,lte,wifi,0.9621848739495799
A7JHCIURVJC8,56BJ7CY68HH2,18384.25,18654.75,270.5,pedestrian_1-2_1667,313.0,wifi,lte,0.8642172523961661
05ZLLT9YLNLK,6EXMCKDDQ2Z9,18384.25,18443.25,59.0,pedestrian_1-3_1987,171.75,wifi,lte,0.3435225618631732
JPP2T8HG1Q1L,GF9OKD8XQUT9,18386.25,18533.5,147.25,pedestrian_1-1-pt_762,648.5,lte,wifi,0.22706245181187357
2VW636J7OJHB,7WH0HBFBFWBP,18387.25,18644.25,257.0,pedestrian_1-1-pt_955,1012.75,lte,wifi,0.2537645025919526
NDPNEXRG061R,DQ7B213QQHFA,18388.25,18696.75,308.5,pedestrian_1-1-veh_415,374.0,lte,wifi,0.8248663101604278
QMXSTCVI3XDX,6OKAUFEE9PVY,18391.25,18634.75,243.5,pedestrian_1-1-pt_1797,1008.75,lte,wifi,0.24138785625774473
ALBIOATO8JL9,EMT5Z2Y6N4ON,18393.25,18590.5,197.25,pedestrian_1-2_668,268.25,wifi,lte,0.7353215284249767
2V34MJEXLKAY,UZHXF0YB6JQP,18396.25,18543.5,147.25,pedestrian_1-2_4388,149.5,wifi,lte,0.9849498327759197
6YM09RZKD67X,LA92EFRV3G8B,18397.25,18685.75,288.5,pedestrian_1-1-pt_6243,1002.75,lte,wifi,0.28770880079780603
MDU299GH89B2,ZXZG2M3FXU94,18401.25,18691.0,289.75,pedestrian_1-1-pt_3626,881.0,lte,wifi,0.3288876276958002
VT47H5LF8NXE,5NZZDU0M10XT,18401.25,18422.75,21.5,pedestrian_1-1-veh_234,21.5,lte,wifi,1.0
PKURI4CE9INV,UKSUHPOI98CZ,18402.25,18600.75,198.5,pedestrian_1-1-pt_4023,997.75,wifi,lte,0.19894763217238787
5UFHLE95NF3U,NJVLAVAA3MQS,18402.25,18581.0,178.75,pedestrian_1-1-pt_1770,448.0,wifi,lte,0.3989955357142857
WHX0RYQ0XWQE,1QA26DU1LLWL,18403.25,18641.5,238.25,pedestrian_1-2_634,411.5,wifi,lte,0.5789793438639125
QZTFWR84GDLG,QBH4QHBR9PMO,18404.25,18696.75,292.5,pedestrian_1-1-pt_5258,995.75,lte,wifi,0.29374843083103186
UVSQ7W9K9XKL,JY5C05D6NVQT,18406.25,18498.25,92.0,pedestrian_1-3_2278,94.5,lte,wifi,0.9735449735449735
BJS4AIGXTH5F,GIMFDUU1ISF0,18407.25,18556.75,149.5,pedestrian_1-1-pt_6031,673.5,wifi,lte,0.22197475872308833
BT187B81SRDI,XND7OJAXQCRL,18410.25,18692.5,282.25,pedestrian_2-1_1248,343.25,lte,wifi,0.8222869628550619
U9ZOMMSW4UIR,6TNYEIULLI04,18411.25,18652.0,240.75,pedestrian_1-1-pt_3615,988.75,lte,wifi,0.24348925410872313
1CDFPYXT2TJM,AESLYZDLNLK8,18412.25,18599.5,187.25,pedestrian_1-1-veh_585,189.5,wifi,lte,0.9881266490765171
EUS0U7WNTY5Q,S7GX6REOATZ5,18412.25,18697.5,285.25,pedestrian_2-1_3714,482.0,wifi,lte,0.591804979253112
WJSWH1WNLVLA,YYYKWY20TF43,18414.25,18700.0,285.75,pedestrian_1-1-pt_4463,985.75,wifi,lte,0.2898808014202384
LJ2LNY0ZR0EI,7Y1IW9RCLHFS,18414.25,18509.75,95.5,pedestrian_1-2_969,304.75,wifi,lte,0.3133716160787531
7YEWD94V28ZL,XTHKAK4C9WIP,18417.25,18619.0,201.75,pedestrian_1-2_2756,215.75,lte,wifi,0.9351100811123986
F1704YRXJIEM,JJWWSMO2NNIT,18418.25,18699.0,280.75,pedestrian_1-1-pt_776,981.75,wifi,lte,0.28596893302775656
4ADGRI50MXEI,3X2EMTUPKCUP,18419.25,18691.75,272.5,pedestrian_1-1-pt_5443,980.75,wifi,lte,0.2778485852663778
MI320P2NGAS6,REBCJ4DJ7NOW,18421.25,18596.5,175.25,pedestrian_1-1-pt_4466,610.75,wifi,lte,0.28694228407695455
HOQEHA21LD37,A95QHC2SK8UO,18421.25,18698.25,277.0,pedestrian_2-1_2807,457.0,lte,wifi,0.6061269146608315
4IPFTE2PM9JD,B7XF64T5YIN3,18422.25,18528.75,106.5,pedestrian_1-3_3263,286.5,lte,wifi,0.3717277486910995
F6D0VENH2VUO,7ADM5Y7JFUTV,18423.25,18640.25,217.0,pedestrian_1-1-pt_4262,710.25,lte,wifi,0.30552622316085887
45WYGUT5SD7M,S6J1LXRABXG9,18428.25,18656.5,228.25,pedestrian_1-1-pt_1720,971.75,lte,wifi,0.23488551582197068
P6BYD2OIF9Q8,EEPH044SQIAB,18432.25,18533.25,101.0,pedestrian_1-1-pt_6673,101.0,lte,wifi,1.0
VRTEVG0JSRO9,7HK9EON624FS,18434.25,18630.75,196.5,pedestrian_1-3_1067,201.75,wifi,lte,0.9739776951672863
4IUN2S935ORZ,FS0DX1YX4GXU,18436.25,18541.75,105.5,pedestrian_1-3_3457,109.75,lte,wifi,0.9612756264236902
SI53AU03JCZL,5PRE735LFUID,18437.25,18501.5,64.25,pedestrian_1-3_432,70.75,wifi,lte,0.9081272084805654
NMF4UXLX9BKH,0FR851946VT6,18438.25,18665.5,227.25,pedestrian_1-3_5347,324.0,lte,wifi,0.7013888888888888
BNPTG1WY0ZPI,ZX6AT9SO505Q,18438.25,18452.5,14.25,pedestrian_1-2_2229,14.25,lte,wifi,1.0
5ZMPHCYR1CLA,UM2AEDBL7UQD,18440.25,18524.25,84.0,pedestrian_1-3_635,88.5,lte,wifi,0.9491525423728814
87H4OA3TYI73,CK0MRNULDWMP,18441.25,18629.5,188.25,pedestrian_1-2_4753,240.5,wifi,lte,0.7827442827442828
XCU6G953RAQ9,C822DEAB9UH8,18442.25,18648.75,206.5,pedestrian_1-2_3163,368.0,lte,wifi,0.561141304347826
SXZ6EVHTWZW9,AXFGK5PW87SJ,18442.25,18674.5,232.25,pedestrian_1-1-pt_6651,377.0,wifi,lte,0.6160477453580901
7OM93J2RR3XU,AQIBZIB24GUW,18442.25,18599.25,157.0,pedestrian_1-3_5475,191.75,lte,wifi,0.81877444589309
5CBKVX0CC5MT,G346J61UCWI4,18444.25,18555.5,111.25,pedestrian_1-3_2083,117.5,wifi,lte,0.9468085106382979
GTIU6TN12QIR,BK3U5NU529I7,18444.25,18693.0,248.75,pedestrian_1-1-pt_560,324.0,wifi,lte,0.7677469135802469
MHU7XZW4OLDT,TKNYJEHF1279,18446.25,18668.5,222.25,pedestrian_1-1-pt_4215,415.75,lte,wifi,0.534576067348166
C73O57ZJ6SWI,N9YRS8KXVYJF,18449.25,18678.75,229.5,pedestrian_1-3_1447,235.25,wifi,lte,0.975557917109458
47IOC1J6U2LX,L2F6OVOUABIQ,18450.25,18576.0,125.75,pedestrian_1-3_4644,129.5,lte,wifi,0.971042471042471
KI5AV4KNLDSD,MMGPK6W12YFZ,18451.25,18696.5,245.25,pedestrian_1-1-pt_3727,948.75,lte,wifi,0.258498023715415
98VK3D6HHK7S,5N8SNQ8FAXP2,18452.25,18747.75,295.5,pedestrian_1-1-pt_494,947.75,wifi,lte,0.3117910841466631
6UJG84XW2NRE,Z6B9M8SJ413W,18453.25,18679.5,226.25,pedestrian_1-1-pt_7314,526.5,wifi,lte,0.42972459639126304
J1HYPIZ4YJH0,QO2F7L9AXVJB,18453.25,18698.25,245.0,pedestrian_1-1-pt_5464,734.75,wifi,lte,0.3334467505954406
DMXIBPHP61TL,HKA0ZOPS9IL3,18457.25,18642.0,184.75,pedestrian_1-3_563,248.25,wifi,lte,0.7442094662638469
BWXOKN0VKL90,2Q4WMAAOJVI4,18457.25,18560.5,103.25,pedestrian_1-3_2783,107.25,wifi,lte,0.9627039627039627
F4G0ATG2I33F,245AR4LTWQ8V,18460.25,18482.0,21.75,pedestrian_2-1_3136,21.75,lte,wifi,1.0
EAM3N7RJCP9H,B6Z6VCF0DU04,18460.25,18564.25,104.0,pedestrian_1-3_2440,105.25,wifi,lte,0.9881235154394299
3644CKECH7T3,7CDKKQCZ6FJ4,18461.25,18544.5,83.25,pedestrian_1-2_573,83.25,wifi,lte,1.0
PDJ7IEF185II,6UW5N45GCMJ6,18461.25,18684.0,222.75,pedestrian_1-1-pt_29,938.75,lte,wifi,0.23728362183754995
HD8LCYRHFFXH,7JO2TUQIPEP2,18462.25,18697.0,234.75,pedestrian_1-1-pt_4329,633.75,wifi,lte,0.37041420118343193
SARHDWGP6FLI,PKGF3X46Z0FH,18462.25,18572.25,110.0,pedestrian_1-2_163,114.75,lte,wifi,0.9586056644880174
FM2WSFBYGXR9,E3AQPLB8AD6M,18465.25,18602.25,137.0,pedestrian_1-3_288,142.5,lte,wifi,0.9614035087719298
PV419PFAFBI1,EJHM5ETONJ05,18465.25,18593.25,128.0,pedestrian_2-1_2293,181.25,wifi,lte,0.7062068965517241
YGKDXXHG9JJS,76RE35CNIQUQ,18466.25,18480.0,13.75,pedestrian_1-2_2030,13.75,lte,wifi,1.0
5OWSYGUY4PJH,3RMIQSS0F6PG,18467.25,18597.25,130.0,pedestrian_1-3_4690,139.0,lte,wifi,0.935251798561151
GUWPWZOT0FD5,T9CIQRVYLP7L,18467.25,18692.75,225.5,pedestrian_1-1-veh_65,391.25,wifi,lte,0.5763578274760384
VVKOGS2VC8A9,33OIS4MOY6G9,18467.25,18478.0,10.75,pedestrian_1-3_4738,10.75,lte,wifi,1.0
KWW9OY4AOT9K,19CZO6GEBVKS,18469.25,18700.5,231.25,pedestrian_1-1-pt_1270,930.75,wifi,lte,0.24845554660220254
LC9LWVRFW2BI,WDJMQ9LVVQML,18470.25,18669.5,199.25,pedestrian_1-1-pt_8002,929.75,wifi,lte,0.2143049206776015
J2S663996UT3,NPKZYOERU6JK,18472.25,18583.75,111.5,pedestrian_1-1-pt_3858,111.5,lte,wifi,1.0
TIEZULAKJS51,2DY29VNQIXI0,18475.25,18696.0,220.75,pedestrian_1-2_430,253.5,wifi,lte,0.8708086785009862
1MAQZT3W9XSF,8S4IM08AZ2DM,18475.25,18685.5,210.25,pedestrian_1-1-pt_1665,924.75,wifi,lte,0.2273587456069208
T0AKK2EKGUX8,FAGM14Q4E2XI,18476.25,18585.0,108.75,pedestrian_1-3_2646,113.0,lte,wifi,0.9623893805309734
TJB0VJZSPE2M,EMAM0BY7UWZN,18478.25,18664.0,185.75,pedestrian_1-2_1640,275.25,wifi,lte,0.6748410535876476
59UGVXJVRH5I,RW5MTIQFLJZA,18480.25,18699.75,219.5,pedestrian_1-2_4715,228.0,wifi,lte,0.9627192982456141
W1DUR0UDRDZ6,GSCC0AJTOKAP,18482.25,18673.25,191.0,pedestrian_1-1-pt_2277,917.75,wifi,lte,0.2081176791065105
2T9T32FFP9SD,,18482.25,18547.75,65.5,pedestrian_1-3_4695,65.5,wifi,,1.0
OT5KR6UB69KE,4K27ZDCEX65J,18483.25,18689.5,206.25,pedestrian_1-1-pt_6996,409.75,lte,wifi,0.5033557046979866
BSJC6CCDXHMQ,CNXPY258HXKM,18485.25,18700.0,214.75,pedestrian_1-3_3008,236.0,lte,wifi,0.909957627118644
QS22YAD4MW1P,Y36NW40LV8MS,18486.25,18594.0,107.75,pedestrian_1-3_3752,108.5,wifi,lte,0.9930875576036866
LWSEP2M9DVGV,P1N5QVPY8YDC,18487.25,18601.5,114.25,pedestrian_1-3_5534,271.25,lte,wifi,0.42119815668202765
MCMWR5HB6OD6,9CSPNOLTZ0OI,18487.25,18634.75,147.5,pedestrian_1-2_4907,232.75,lte,wifi,0.6337271750805585
JV8LJXA39ESN,5H7BYVOH6KZC,18489.25,18694.75,205.5,pedestrian_1-1-pt_871,558.0,wifi,lte,0.3682795698924731
3IGUZD9PPB3S,,18490.25,18691.0,200.75,pedestrian_1-1-pt_953,644.5,wifi,,0.31148176881303336
GFKZID9H8WM5,,18490.25,18710.5,220.25,pedestrian_1-3_2502,309.5,wifi,,0.7116316639741519
DAOUTI1ORXG6,3CSNCE63A2U6,18491.25,18690.5,199.25,pedestrian_1-2_752,261.75,lte,wifi,0.7612225405921681
GCCGLUIZ09M5,3HQA3VIE9KA4,18491.25,18610.0,118.75,pedestrian_1-3_5117,199.25,wifi,lte,0.5959849435382685
GKVAWB40QSG4,,18492.25,18504.5,12.25,pedestrian_1-3_3474,210.0,lte,,0.058333333333333334
PUYLY8MUNRW2,7L7KTADCQDY7,18492.25,18690.25,198.0,pedestrian_1-1-pt_1169,907.75,wifi,lte,0.21812172955108786
L9CN84OK9QMG,ZY0AR4ZHQ5XY,18493.25,18534.5,41.25,pedestrian_1-3_17,41.25,wifi,lte,1.0
6L83CIKG3TAB,AQFXFS5GHYJN,18494.25,18695.5,201.25,pedestrian_1-1-pt_2738,596.5,wifi,lte,0.33738474434199495
ZEABU44AXXPI,9TNA87QXBNGZ,18496.25,18637.5,141.25,pedestrian_1-2_2944,142.0,lte,wifi,0.9947183098591549
NU90TBZ9I9OJ,Z60VSI0Y38FU,18497.25,18576.5,79.25,pedestrian_1-1-pt_717,457.75,wifi,lte,0.17312943746586565
4079PY1939XS,01QHZLHFP752,18500.25,18639.75,139.5,pedestrian_1-1-pt_8380,839.25,wifi,lte,0.16621983914209115
O26D339RP3DC,QGUJ8XE7DAB4,18504.25,18700.5,196.25,pedestrian_1-1-pt_1108,895.75,lte,wifi,0.2190901479207368
YORJ9JF9DNWB,CD74US8LHQVR,18505.25,18698.25,193.0,pedestrian_1-3_3380,326.75,wifi,lte,0.5906656465187452
646VKW7QR6F3,USP9JO35U4VK,18506.25,18691.5,185.25,pedestrian_1-1-pt_1560,893.75,lte,wifi,0.20727272727272728
TJZPE4Q61NXF,EIIAUKSHVG5H,18508.25,18691.5,183.25,pedestrian_1-1-pt_4962,456.5,wifi,lte,0.4014238773274918
ZRE5GJ7SFMA3,W3RQG28FXQMG,18508.25,18681.0,172.75,pedestrian_2-1_2969,332.75,wifi,lte,0.5191585274229902
CKCCN0RMPIMT,LL6EVAHH70FP,18509.25,18673.75,164.5,pedestrian_1-1-pt_1215,680.75,wifi,lte,0.2416452442159383
U9LR9XNPT7H6,941UXRJVYOXY,18509.25,18699.25,190.0,pedestrian_1-1-pt_7167,890.75,wifi,lte,0.21330339601459444
ENCTP990UF79,I26FUWU63S51,18510.25,18691.5,181.25,pedestrian_2-1_677,269.25,lte,wifi,0.6731662024141133
Z3S1KUGZFXLA,9Z44ZTAN6PX2,18513.25,18693.5,180.25,pedestrian_1-1-pt_2606,886.75,wifi,lte,0.20327036932619114
854IFSBHK1ZR,W0KC4BN2F4D8,18514.25,18695.25,181.0,pedestrian_1-1-pt_3769,647.5,wifi,lte,0.27953667953667954
82NCL4G0UBRK,9AHIDUWY1YT2,18514.25,18695.5,181.25,pedestrian_1-1-pt_2125,733.5,lte,wifi,0.2471029311520109
U9YLSKBZ507K,9DVDUSJQBXOR,18515.25,18681.25,166.0,pedestrian_2-1_3621,166.0,lte,wifi,1.0
697Q7FWJFMTS,B5VE6GK3R01L,18516.25,18564.25,48.0,pedestrian_1-1-pt_8692,531.25,wifi,lte,0.0903529411764706
VZHZ4B45LAUI,R428ZXXF7Q1C,18517.25,18629.0,111.75,pedestrian_1-3_2187,124.75,wifi,lte,0.8957915831663327
LVIR27N4MD6F,AOA9B8HPFN3I,18518.25,18539.0,20.75,pedestrian_1-2_2237,20.75,wifi,lte,1.0
AKMVZT8EJ1D1,UUUMHGDRFCPQ,18519.25,18526.25,7.0,pedestrian_2-1_3376,7.0,lte,wifi,1.0
WE5MYDL1OC1Y,ZUFMNDTRMDAJ,18520.25,18600.5,80.25,pedestrian_1-2_3663,219.25,wifi,lte,0.3660205245153934
PUPV7DEQ0IV4,37UGL4NF9CDI,18521.25,18700.5,179.25,pedestrian_1-1-pt_3927,470.25,lte,wifi,0.38118022328548645
17CA5R31IACT,632BDUWT1T4O,18521.25,18644.0,122.75,pedestrian_1-2_2750,373.0,lte,wifi,0.32908847184986595
HASDNPWFRJO8,DW1500YMCNOY,18522.25,18697.0,174.75,pedestrian_1-1-veh_459,257.0,wifi,lte,0.6799610894941635
0TALK0DX9QKI,H6DLLLXE75J1,18524.25,18576.0,51.75,pedestrian_2-1_4930,51.75,wifi,lte,1.0
OV9GTFXHFBAQ,HOR0EK8ASHWZ,18526.25,18588.5,62.25,pedestrian_1-3_5123,72.25,wifi,lte,0.8615916955017301
7MA8J5VEJVNG,WSMTZAQJR7PX,18527.25,18697.75,170.5,pedestrian_2-1_2475,349.5,lte,wifi,0.48783977110157367
47OMFDBF5XG7,NYEU7MOL8IN3,18530.25,18665.5,135.25,pedestrian_1-3_1104,152.0,lte,wifi,0.8898026315789473
RPYB3I91RASZ,RCF5LH9OPQJ1,18532.25,18693.25,161.0,pedestrian_1-2_4386,323.25,lte,wifi,0.4980665119876257
UUYEO8WK87YE,PYLZQ95UBTRP,18532.25,18644.5,112.25,pedestrian_1-2_2029,116.75,lte,wifi,0.961456102783726
38F3GQOKUEP4,IGXVDSYJJ1NO,18532.25,18687.5,155.25,pedestrian_1-2_829,156.5,lte,wifi,0.9920127795527156
PH599H6Y9YDM,BNKYEDN62ESW,18533.25,18687.0,153.75,pedestrian_1-3_5269,162.25,lte,wifi,0.9476117103235747
I663T2Z9NUNL,HKM9591HLI2I,18534.25,18693.0,158.75,pedestrian_1-3_4422,160.5,wifi,lte,0.9890965732087228
7AH961BIR889,QGMGVG7V5U1I,18534.25,18638.75,104.5,pedestrian_1-1-pt_1329,187.25,wifi,lte,0.5580774365821095
F698VQ9MYW28,2MJHEYHR2MOO,18534.25,18648.5,114.25,pedestrian_1-3_2015,122.75,wifi,lte,0.9307535641547862
BKVE9F6XFOPT,6KSAO90MEDJ5,18534.25,18537.75,3.5,pedestrian_2-1_6274,3.5,lte,wifi,1.0
Z24INNWF22IU,W3IF4F1WUJM5,18535.25,18549.25,14.0,pedestrian_2-1_6256,14.0,wifi,lte,1.0
RD4HIJ0UQ6JY,13VNSJY0AG3H,18536.25,18686.0,149.75,pedestrian_1-3_3478,231.5,lte,wifi,0.6468682505399568
XRO8ZB1WT99A,HUT9T8TB1K30,18541.25,18647.0,105.75,pedestrian_1-3_2300,109.25,wifi,lte,0.9679633867276888
W3BT4ZL2S8GU,6T4QY9JFXE29,18541.25,18693.25,152.0,pedestrian_1-1-pt_5072,677.25,lte,wifi,0.22443706164636398
DUGPK7XUZYZW,V1YKPB2ABKBS,18544.25,18691.5,147.25,pedestrian_1-2_1063,208.5,wifi,lte,0.7062350119904077
1N5EMQFX9WKI,0DWFR9IO4R0B,18544.25,18694.25,150.0,pedestrian_1-1-pt_2483,855.75,wifi,lte,0.175284837861525
16MSRORHG9CR,NJ6JFXR68P8X,18544.25,18600.25,56.0,pedestrian_1-1-pt_521,131.75,lte,wifi,0.4250474383301708
FR6KOTT2PCSI,9DA0FOS0EAK4,18544.25,18700.0,155.75,pedestrian_1-3_2043,372.75,lte,wifi,0.41784037558685444
I8VZ9G3IB06V,DEBFXT3HYQQB,18545.25,18662.5,117.25,pedestrian_1-1-pt_4410,854.75,wifi,lte,0.13717461245978357
NOEP7LIEIFJP,3WH4ZZ3WNMAQ,18546.25,18579.0,32.75,pedestrian_1-1-pt_2369,159.5,lte,wifi,0.20532915360501566
ELGAI8UREMOT,GU69O77CXKEC,18548.25,18652.0,103.75,pedestrian_1-3_4168,107.25,wifi,lte,0.9673659673659674
J875BWXX6DJ7,CRL2MWPHHPI6,18548.25,18649.25,101.0,pedestrian_1-1-pt_7664,827.5,wifi,lte,0.12205438066465257
IWG6SL6MUDVK,QP4TMBLRZQLK,18549.25,18576.0,26.75,pedestrian_1-3_1500,26.75,wifi,lte,1.0
RPAUZKWMIM1Q,Q4XC7EMNPO3M,18550.25,18639.5,89.25,pedestrian_1-2_2583,89.5,wifi,lte,0.9972067039106145
MURAMMCCHMD0,BA1K0G2QE7EO,18552.25,18685.0,132.75,pedestrian_1-1-pt_568,847.75,wifi,lte,0.15659097611324094
TLJ1SE2X967H,FDJDG28PETTD,18553.25,18761.75,208.5,pedestrian_1-3_4341,255.25,lte,wifi,0.8168462291870715
M721RVF9XUYD,6LDLZGFK6RFD,18553.25,18700.75,147.5,pedestrian_1-3_510,204.0,wifi,lte,0.7230392156862745
9UKF33KR7ATQ,DOSZXDCIIMA9,18553.25,18698.25,145.0,pedestrian_1-1-pt_5685,846.75,wifi,lte,0.17124298789489223
UHXOG5EZKXTB,DX902XX8UE9U,18554.25,18698.0,143.75,pedestrian_1-2_4325,172.5,wifi,lte,0.8333333333333334
SO8AI5T89L7E,ZOVLT89GNRGD,18556.25,18695.25,139.0,pedestrian_1-1-veh_42,392.0,lte,wifi,0.35459183673469385
Z7OJ6FVRU365,TMUC9PKN04C0,18557.25,18600.25,43.0,pedestrian_1-3_4954,73.25,lte,wifi,0.5870307167235495
4PSOE5FP06FV,Z6G9CKC3WOUH,18559.25,18644.0,84.75,pedestrian_1-1-pt_4879,88.0,wifi,lte,0.9630681818181818
F3KZCM25EGLF,4H0W0EUOQ3M3,18560.25,18697.5,137.25,pedestrian_1-1-pt_1223,839.75,wifi,lte,0.16344150044656147
H0VZBA3X8P9I,4LL2HNPQ2KCC,18560.25,18692.0,131.75,pedestrian_1-3_1604,329.75,lte,wifi,0.3995451099317665
K8BU24JNEHFQ,2P8Z52FSV5J9,18562.25,18700.25,138.0,pedestrian_1-1-veh_406,181.75,wifi,lte,0.7592847317744154
N9A2JJ7YU1QR,0BC7OK7IYSFQ,18563.25,18627.0,63.75,pedestrian_1-1-pt_2529,64.25,lte,wifi,0.9922178988326849
WWC4S4G3I54I,2NPMHTK3HH68,18564.25,18693.0,128.75,pedestrian_2-1_6236,428.75,lte,wifi,0.30029154518950435
K6W7PQQJPQ6J,J28UPZ2BZIX5,18566.25,18691.5,125.25,pedestrian_1-2_4577,375.5,lte,wifi,0.33355525965379496
2RLC83R8K20A,C52ITWZD4OVP,18566.25,18692.25,126.0,pedestrian_1-3_644,329.75,lte,wifi,0.3821076573161486
REQRH5UMKP1V,13DLKRF2AI2Y,18567.25,18694.0,126.75,pedestrian_1-1-pt_7803,486.5,wifi,lte,0.2605344295991778
IBRLDIN3WQ95,MV2J86FI0R0A,18568.25,18642.5,74.25,pedestrian_1-2_4719,179.25,lte,wifi,0.41422594142259417
WYFFGM6LIXLW,FTG72U7AAF8B,18570.25,18708.0,137.75,pedestrian_1-2_4362,311.0,lte,wifi,0.4429260450160772
9G20KLTZKJYK,NG518EHSLJIG,18572.25,18659.75,87.5,pedestrian_1-2_4791,87.5,wifi,lte,1.0
CVVNX2QE0FFH,M3B1OTCQJPWC,18573.25,18694.25,121.0,pedestrian_2-1_44,135.5,wifi,lte,0.8929889298892989
2XNNSHXESGOE,75W7QCJJ4XO5,18574.25,18698.75,124.5,pedestrian_1-1-pt_7620,619.5,wifi,lte,0.2009685230024213
OXCRUROXHZES,40TIU1W4DCQ3,18574.25,18692.5,118.25,pedestrian_1-3_3509,275.75,wifi,lte,0.42883046237534
2TGTKWIATSLE,KWZNA8CZD3OS,18574.25,18689.75,115.5,pedestrian_1-1-pt_930,825.75,lte,wifi,0.13987284287011809
Z1NVAO79JR1B,D2CC48NS8XEH,18576.25,18700.75,124.5,pedestrian_1-1-veh_97,398.25,lte,wifi,0.3126177024482109
OXXX4GX1V453,N0526UB1I6M3,18578.25,18697.75,119.5,pedestrian_1-1-pt_5222,735.25,lte,wifi,0.16252975178510712
LEK9E2H7REE2,3LW24CG8CZ0E,18582.25,18690.5,108.25,pedestrian_1-3_2274,110.5,lte,wifi,0.9796380090497737
WJFZUYDNY2BJ,TCSUV37ODZUS,18583.25,18637.25,54.0,pedestrian_1-2_1255,170.0,lte,wifi,0.3176470588235294
OB93OUBKWCQ6,KJSHEPAJ6473,18583.25,18699.75,116.5,pedestrian_1-1-pt_5339,408.25,lte,wifi,0.28536436007348437
ZJHXTXC7D70O,76GIU8T0YYVE,18584.25,18665.75,81.5,pedestrian_2-1_6130,83.0,wifi,lte,0.9819277108433735
EP1AENPC1ENT,LTZQMUIO764B,18585.25,18676.5,91.25,pedestrian_2-1_5805,340.0,wifi,lte,0.26838235294117646
Y85FAFT96LBR,BKSVGK4O4JQ6,18587.25,18698.0,110.75,pedestrian_1-2_4376,197.0,lte,wifi,0.5621827411167513
MSSAVUEL99NT,7HMZGLLD9RS9,18591.25,18697.5,106.25,pedestrian_1-2_1715,292.75,lte,wifi,0.3629376601195559
EZEMLX1G6OFX,5VYR1C4DW62D,18591.25,18686.75,95.5,pedestrian_2-1_3601,453.75,wifi,lte,0.21046831955922865
O0LVKHVI19UL,2F0POGGVTZAK,18593.25,18690.0,96.75,pedestrian_1-2_4282,249.0,wifi,lte,0.3885542168674699
FCF4ME1TIV64,3C2DKPE6TJ48,18596.25,18699.5,103.25,pedestrian_1-2_4208,422.75,lte,wifi,0.244234180958013
AQJBUFU65MGU,WUQA2VJFP01C,18596.25,18698.5,102.25,pedestrian_1-3_3118,320.75,wifi,lte,0.31878409976617306
ARJ3SZVEQF84,DOKW6QIVU12J,18597.25,18694.5,97.25,pedestrian_1-2_3835,446.0,lte,wifi,0.21804932735426008
8D845S4Y996F,2K8PXNTUYWRX,18601.25,18697.75,96.5,pedestrian_1-2_5004,324.25,wifi,lte,0.29760986892829605
DEWSLK13FIPC,1LOMCHOSPEG2,18602.25,18699.5,97.25,pedestrian_1-1-pt_1040,797.75,wifi,lte,0.12190535882168599
6AKEB1MMPV6T,O16K8IJAZDHH,18607.25,18692.0,84.75,pedestrian_1-3_2328,123.0,wifi,lte,0.6890243902439024
0FVNCANV5HZB,5RSS9I46QD8L,18608.25,18695.5,87.25,pedestrian_1-1-pt_1933,791.75,wifi,lte,0.11019892642879697
8GG9YD5ZWMKY,K2YJTWM5O1NO,18613.25,18693.5,80.25,pedestrian_1-1-pt_1227,329.75,wifi,lte,0.24336618650492797
JX6TY8S3BOIP,HVYZCR74CMA0,18614.25,18645.0,30.75,pedestrian_1-2_811,261.25,lte,wifi,0.11770334928229666
NDLD28P6E0AJ,9IPP1C3PHM5R,18616.25,18694.75,78.5,pedestrian_1-1-pt_2453,783.75,wifi,lte,0.10015948963317384
Y3F66Q7GYLNO,EINIQUY5O46M,18618.25,18700.0,81.75,pedestrian_1-2_5641,333.25,wifi,lte,0.245311327831958
FIGJOJP2N5JY,IP0JSQPF5OUM,18620.25,18650.75,30.5,pedestrian_1-2_4727,30.5,wifi,lte,1.0
TS65LFUJVPC6,2HVV058AE05K,18620.25,18694.0,73.75,pedestrian_1-1-pt_596,779.75,lte,wifi,0.09458159666559794
4PT1PTGKNN76,M9EQ473IV1Y2,18621.25,18673.75,52.5,pedestrian_1-3_1184,156.5,wifi,lte,0.3354632587859425
GY3RJ6NDPMXO,1PZ7KL8HKKUB,18621.25,18694.25,73.0,pedestrian_1-3_3339,283.75,wifi,lte,0.25726872246696036
GH0E56RT3U6Z,49ZSXCPO4G3O,18621.25,18687.5,66.25,pedestrian_1-1-pt_977,473.25,lte,wifi,0.1399894347596408
Y3YYWPREAUJH,14M7CXFT2QWB,18622.25,18697.75,75.5,pedestrian_1-2_3286,458.75,wifi,lte,0.1645776566757493
WR37864WEYE4,3QDULKVKZOII,18626.25,18698.25,72.0,pedestrian_1-1-pt_4251,773.75,lte,wifi,0.09305331179321487
VHR4X3CXQZC9,0CH4M5K7IKG6,18628.25,18690.25,62.0,pedestrian_1-1-pt_6579,186.5,lte,wifi,0.3324396782841823
SV8B42Y98AW9,MTT51CZFCTCK,18628.25,18697.0,68.75,pedestrian_1-1-pt_4232,771.75,lte,wifi,0.08908325234855848
7PLID1P5CHIA,TDY1UBN1BMJC,18631.25,18696.5,65.25,pedestrian_1-1-pt_7965,543.0,wifi,lte,0.12016574585635359
FE1R6QFL49TR,OT3KZCZDTC4Z,18632.25,18694.25,62.0,pedestrian_1-2_5210,76.5,lte,wifi,0.8104575163398693
KLONHD6VOQ80,3XG8V2GSY0K8,18632.25,18700.5,68.25,pedestrian_1-3_2053,188.0,wifi,lte,0.363031914893617
W50RBAQC5OMQ,070E65FH55ZI,18633.25,18694.5,61.25,pedestrian_1-1-pt_6297,581.5,wifi,lte,0.10533104041272572
ZL79AIQNKEG0,1HVNCGCENDIR,18634.25,18707.75,73.5,pedestrian_1-2_5263,212.75,wifi,lte,0.345475910693302
ZBLP6MSO58YK,CV62RF3E3H3J,18634.25,18702.25,68.0,pedestrian_1-1-pt_6721,314.75,wifi,lte,0.21604447974583002
GUHPQUELLNEO,N7WSXOO3R4X0,18634.25,18691.5,57.25,pedestrian_1-1-pt_1475,363.0,wifi,lte,0.15771349862258954
VVKQXT8TJDAV,2NLMNDXM7EG4,18639.25,18696.75,57.5,pedestrian_1-3_2395,309.0,lte,wifi,0.18608414239482202
1E8OABL4YLZR,LHUEBRDRUJ3F,18643.25,18714.25,71.0,pedestrian_1-1-pt_7534,756.75,lte,wifi,0.09382226627023456
WE7C3LTFWWAZ,AFUT71GJ8M4T,18643.25,18699.0,55.75,pedestrian_1-1-pt_5128,756.75,lte,wifi,0.07367030062768418
L0JZA07BM8AH,RP8DH5E053VT,18644.25,18695.25,51.0,pedestrian_1-1-pt_2188,755.75,lte,wifi,0.06748263314588157
Q2UO19ZAFAEN,DCNZF8H0DMDB,18645.25,18698.5,53.25,pedestrian_1-1-pt_5357,377.75,wifi,lte,0.14096624751819986
GHQF47SVPACD,324W9FF15KXZ,18645.25,18707.5,62.25,pedestrian_1-2_1948,220.25,lte,wifi,0.282633371169126
X22ZKZCQXBN8,GAVFCNTVFBRU,18650.25,18692.0,41.75,pedestrian_1-3_3899,273.25,lte,wifi,0.15279048490393413
V184IVLD1NY8,NJOFQJIQTJY8,18651.25,18697.25,46.0,pedestrian_1-2_5788,255.0,lte,wifi,0.1803921568627451
TVYAB9FDYJY5,JM7LJSY49T33,18653.25,18700.25,47.0,pedestrian_1-1-pt_6640,234.75,wifi,lte,0.20021299254526093
WXZ7PY1CY8W1,OR9E59FJ6UV1,18654.25,18721.25,67.0,pedestrian_1-3_4262,198.25,lte,wifi,0.3379571248423707
WFISPF68USQJ,Z9AKCNXZJS3U,18654.25,18709.75,55.5,pedestrian_1-3_3670,61.5,lte,wifi,0.9024390243902439
4VGIQ42LNS5G,Y8M55GF8GCI2,18656.25,18694.25,38.0,pedestrian_1-1-pt_358,256.0,lte,wifi,0.1484375
PO64C2NUJD6T,YZK5MXO22OLS,18656.25,18691.25,35.0,pedestrian_1-2_584,266.25,lte,wifi,0.13145539906103287
0EW81RX7CSOQ,EW4XNR62SG75,18660.25,18729.5,69.25,pedestrian_1-1-pt_8338,739.75,lte,wifi,0.09361270699560663
EB2SJPN4ZSM5,ZTESTFYIVUPD,18662.25,18710.25,48.0,pedestrian_2-1_4148,280.75,wifi,lte,0.1709706144256456
E6P590NR91AQ,45FB0BYUZR13,18662.25,18705.75,43.5,pedestrian_1-1-pt_6779,156.75,wifi,lte,0.27751196172248804
VFJO5SU72O5Q,2ARZI6TN5491,18662.25,18731.0,68.75,pedestrian_1-1-pt_5795,559.25,lte,wifi,0.12293249888243182
LTGSQWW02AX9,NKUURZAKJK2A,18663.25,18681.75,18.5,pedestrian_1-2_3077,18.5,wifi,lte,1.0
IT7AOAOZA1DV,DOZ1T0UW79SH,18665.25,18695.25,30.0,pedestrian_1-1-pt_5342,734.75,lte,wifi,0.04083021435862538
4MPDM858ZSKZ,ULKNI2UTB6K4,18668.25,18723.25,55.0,pedestrian_1-1-pt_3651,731.75,wifi,lte,0.07516228220020499
31GCRT81DUMD,Y05O28L9BLXM,18669.25,18702.75,33.5,pedestrian_1-2_5927,149.0,lte,wifi,0.22483221476510068
9VWPQL7FZTQP,EIJ3S4WQWBL4,18669.25,18721.25,52.0,pedestrian_1-1-pt_6974,56.25,wifi,lte,0.9244444444444444
SZ1ZHXIPTAT0,PVCXGD3HDX2D,18671.25,18704.75,33.5,pedestrian_1-1-pt_8533,522.25,wifi,lte,0.06414552417424606
K329PYDPRHW1,W8ABUC9JJQY3,18671.25,18742.0,70.75,pedestrian_1-1-pt_2170,272.25,wifi,lte,0.2598714416896235
TRUQR1L14LY7,RQO88U654IL8,18673.25,18695.25,22.0,pedestrian_1-3_3901,22.0,wifi,lte,1.0
3EYXUTME14SY,LAZNM9OZOYP1,18675.25,18730.25,55.0,pedestrian_1-1-pt_6368,674.25,lte,wifi,0.08157211716722285
YN5Z5N0HIH28,S5JLYM5SDS3G,18677.25,18733.0,55.75,pedestrian_1-1-pt_6279,722.75,wifi,lte,0.07713593912141127
6PK8A8SD2B7N,HE5NFX304YJV,18678.25,18711.25,33.0,pedestrian_1-1-pt_1414,721.75,wifi,lte,0.0457222029788708
GT19211J6FER,EMFVI54ZSAQU,18680.25,18737.5,57.25,pedestrian_1-1-veh_531,417.0,wifi,lte,0.13729016786570744
R6VMH6DBVTA9,ZKAVQXP2OBMH,18680.25,18740.5,60.25,pedestrian_1-2_582,302.25,wifi,lte,0.19933829611248965
A62GX7MQGHUF,ZRWB5RSCJZHG,18682.25,18719.0,36.75,pedestrian_1-1-pt_392,593.75,wifi,lte,0.061894736842105266
TLB1NNQQ1E9Z,5XKH2LF93AEQ,18685.25,18748.75,63.5,pedestrian_1-1-pt_5115,714.75,lte,wifi,0.08884225253585169
55G0R4FRZGN0,HV5FYZJLO9GV,18685.25,18743.5,58.25,pedestrian_1-1-pt_7839,714.75,lte,wifi,0.08149702693249387
SOYFY0IUXLII,43NV5VXHTUD5,18686.25,18753.25,67.0,pedestrian_1-1-pt_1714,109.25,wifi,lte,0.6132723112128147
UEJL0H1RQ5XP,DQ26VFMOU03R,18687.25,18759.5,72.25,pedestrian_1-2_848,214.75,lte,wifi,0.33643771827706637
FWFNF46XIV9B,440HZ2ZN8HLW,18691.25,18733.25,42.0,pedestrian_2-1_213,406.25,wifi,lte,0.10338461538461538
I37SMH8V6OSV,3OHCT057MBIO,18692.25,18738.5,46.25,pedestrian_1-3_3249,212.25,wifi,lte,0.21790341578327443
T7DSBRSIB74Y,E6A6EA4O2AQ9,18693.25,18739.25,46.0,pedestrian_1-3_906,257.0,lte,wifi,0.17898832684824903
7CP13J2UHT9J,CFY0F2B913IZ,18694.25,18739.5,45.25,pedestrian_1-1-pt_8184,106.75,lte,wifi,0.4238875878220141
CSLQ79KUPVY6,C99BA5FJ2R80,18695.25,18754.25,59.0,pedestrian_1-1-pt_4517,704.75,lte,wifi,0.0837176303653778
9TXQIJWTGLO2,D3C4DF9ITC7B,18700.25,18733.75,33.5,pedestrian_1-1-veh_602,242.5,wifi,lte,0.13814432989690723
