id,start_timestep,last_timestep,total_time,user_id,protocol,ble_duration,privacy_score
pedestrian_1-1-pt_0_B_6ROYL,21188.0,23083.0,1896.0,pedestrian_1-1-pt_0,Bluetooth,5898.0,0.3214649033570702
pedestrian_1-1-pt_1006_B_CC4Y9,18839.0,25200.0,6362.0,pedestrian_1-1-pt_1006,Bluetooth,7050.0,0.9024113475177304
pedestrian_1-1-pt_1037_B_SGDLV,20084.0,23472.0,3389.0,pedestrian_1-1-pt_1037,Bluetooth,5840.0,0.5803082191780822
pedestrian_1-1-pt_1039_B_96EJ5,18727.0,23730.0,5004.0,pedestrian_1-1-pt_1039,Bluetooth,6474.0,0.772937905468026
pedestrian_1-1-pt_1108_B_M1LY5,22635.0,25200.0,2566.0,pedestrian_1-1-pt_1108,Bluetooth,6696.0,0.38321385902031063
pedestrian_1-1-pt_1121_B_7NHNC,19285.0,24371.0,5087.0,pedestrian_1-1-pt_1121,Bluetooth,5916.0,0.8598715348208249
pedestrian_1-1-pt_1138_B_98EGT,19577.0,22985.0,3409.0,pedestrian_1-1-pt_1138,Bluetooth,5624.0,0.6061522048364154
pedestrian_1-1-pt_1167_B_U87SD,20699.0,25200.0,4502.0,pedestrian_1-1-pt_1167,Bluetooth,6258.0,0.7193991690635986
pedestrian_1-1-pt_1173_B_K6QDW,19719.0,21408.0,1690.0,pedestrian_1-1-pt_1173,Bluetooth,6381.0,0.2648487697853001
pedestrian_1-1-pt_1226_B_W38X5,19857.0,21946.0,2090.0,pedestrian_1-1-pt_1226,Bluetooth,5413.0,0.38610751893589507
pedestrian_1-1-pt_1238_B_TGTSM,22839.0,25200.0,2362.0,pedestrian_1-1-pt_1238,Bluetooth,6403.0,0.36888958300796504
pedestrian_1-1-pt_1270_B_EMHAN,18470.0,24965.0,6496.0,pedestrian_1-1-pt_1270,Bluetooth,6731.0,0.9650869113058981
pedestrian_1-1-pt_1296_B_9XJ8K,18847.0,22770.0,3924.0,pedestrian_1-1-pt_1296,Bluetooth,6354.0,0.6175637393767706
pedestrian_1-1-pt_1298_B_NP18Z,20152.0,25200.0,5049.0,pedestrian_1-1-pt_1298,Bluetooth,6335.0,0.7970007892659826
pedestrian_1-1-pt_1304_B_BFG5R,19347.0,21273.0,1927.0,pedestrian_1-1-pt_1304,Bluetooth,5854.0,0.3291766313631705
pedestrian_1-1-pt_1306_B_IV4RJ,20329.0,23471.0,3143.0,pedestrian_1-1-pt_1306,Bluetooth,6172.0,0.5092352559948153
pedestrian_1-1-pt_1329_B_J28W5,19158.0,24238.0,5081.0,pedestrian_1-1-pt_1329,Bluetooth,6666.0,0.7622262226222623
pedestrian_1-1-pt_1420_B_4XG3X,19045.0,20905.0,1861.0,pedestrian_1-1-pt_1420,Bluetooth,6156.0,0.3023066926575699
pedestrian_1-1-pt_1473_B_LHBOE,19402.0,22289.0,2888.0,pedestrian_1-1-pt_1473,Bluetooth,5832.0,0.49519890260631
pedestrian_1-1-pt_1497_B_OXRQM,23202.0,24769.0,1568.0,pedestrian_1-1-pt_1497,Bluetooth,5453.0,0.28754813863928114
pedestrian_1-1-pt_150_B_LR533,21622.0,24686.0,3065.0,pedestrian_1-1-pt_150,Bluetooth,5891.0,0.5202851807842471
pedestrian_1-1-pt_1560_B_JOQ9D,18507.0,23642.0,5136.0,pedestrian_1-1-pt_1560,Bluetooth,6694.0,0.7672542575440693
pedestrian_1-1-pt_1601_B_HI9UP,20811.0,25200.0,4390.0,pedestrian_1-1-pt_1601,Bluetooth,6011.0,0.7303277324904343
pedestrian_1-1-pt_1669_B_NL7MV,18144.0,25200.0,7057.0,pedestrian_1-1-pt_1669,Bluetooth,7057.0,1.0
pedestrian_1-1-pt_1700_B_5PKZX,19430.0,24409.0,4980.0,pedestrian_1-1-pt_1700,Bluetooth,5771.0,0.8629353664876105
pedestrian_1-1-pt_1714_B_1EQAE,18687.0,25200.0,6514.0,pedestrian_1-1-pt_1714,Bluetooth,6514.0,1.0
pedestrian_1-1-pt_1723_B_IM6OW,22581.0,25200.0,2620.0,pedestrian_1-1-pt_1723,Bluetooth,5437.0,0.4818833915762369
pedestrian_1-1-pt_1747_B_GTR3Z,22753.0,24383.0,1631.0,pedestrian_1-1-pt_1747,Bluetooth,6993.0,0.23323323323323322
pedestrian_1-1-pt_1798_B_MJFO8,21537.0,23543.0,2007.0,pedestrian_1-1-pt_1798,Bluetooth,5574.0,0.36006458557588805
pedestrian_1-1-pt_182_B_3W256,21556.0,25200.0,3645.0,pedestrian_1-1-pt_182,Bluetooth,6141.0,0.5935515388373229
pedestrian_1-1-pt_1966_B_1O29W,21797.0,25200.0,3404.0,pedestrian_1-1-pt_1966,Bluetooth,6326.0,0.5380967435978501
pedestrian_1-1-pt_2013_B_EIXO6,20891.0,24100.0,3210.0,pedestrian_1-1-pt_2013,Bluetooth,6083.0,0.5277001479533125
pedestrian_1-1-pt_2032_B_G58XW,19042.0,23255.0,4214.0,pedestrian_1-1-pt_2032,Bluetooth,6461.0,0.6522210184182016
pedestrian_1-1-pt_2129_B_H47TS,21950.0,25200.0,3251.0,pedestrian_1-1-pt_2129,Bluetooth,6484.0,0.5013880320789637
pedestrian_1-1-pt_2162_B_NFJSG,19589.0,23221.0,3633.0,pedestrian_1-1-pt_2162,Bluetooth,6850.0,0.5303649635036496
pedestrian_1-1-pt_2170_B_DE28U,18672.0,25200.0,6529.0,pedestrian_1-1-pt_2170,Bluetooth,6529.0,1.0
pedestrian_1-1-pt_2297_B_06GER,19486.0,25200.0,5715.0,pedestrian_1-1-pt_2297,Bluetooth,5715.0,1.0
pedestrian_1-1-pt_2342_B_605NI,20361.0,25200.0,4840.0,pedestrian_1-1-pt_2342,Bluetooth,6929.0,0.6985134940106797
pedestrian_1-1-pt_2369_B_NBHXM,18547.0,20775.0,2229.0,pedestrian_1-1-pt_2369,Bluetooth,6654.0,0.33498647430117223
pedestrian_1-1-pt_2424_B_PE3EU,19481.0,25200.0,5720.0,pedestrian_1-1-pt_2424,Bluetooth,5720.0,1.0
pedestrian_1-1-pt_2425_B_0HO45,21128.0,23851.0,2724.0,pedestrian_1-1-pt_2425,Bluetooth,6264.0,0.43486590038314177
pedestrian_1-1-pt_2431_B_14MPJ,19038.0,25200.0,6163.0,pedestrian_1-1-pt_2431,Bluetooth,6458.0,0.9543202229792506
pedestrian_1-1-pt_2503_B_3O81Z,20133.0,23422.0,3290.0,pedestrian_1-1-pt_2503,Bluetooth,5459.0,0.6026744825059535
pedestrian_1-1-pt_2529_B_HO9FZ,18564.0,24856.0,6293.0,pedestrian_1-1-pt_2529,Bluetooth,6637.0,0.9481693536236251
pedestrian_1-1-pt_255_B_3RG07,21869.0,25200.0,3332.0,pedestrian_1-1-pt_255,Bluetooth,7122.0,0.4678461106430778
pedestrian_1-1-pt_2606_B_APFIZ,22726.0,24638.0,1913.0,pedestrian_1-1-pt_2606,Bluetooth,6687.0,0.2860774637356064
pedestrian_1-1-pt_2718_B_YSI51,19195.0,25200.0,6006.0,pedestrian_1-1-pt_2718,Bluetooth,6006.0,1.0
pedestrian_1-1-pt_2770_B_0JUWJ,18405.0,25200.0,6796.0,pedestrian_1-1-pt_2770,Bluetooth,7127.0,0.9535568963098078
pedestrian_1-1-pt_2808_B_N3Y34,21734.0,25200.0,3467.0,pedestrian_1-1-pt_2808,Bluetooth,5418.0,0.6399040236249539
pedestrian_1-1-pt_2820_B_K5ID2,21505.0,25051.0,3547.0,pedestrian_1-1-pt_2820,Bluetooth,6484.0,0.547038864898211
pedestrian_1-1-pt_2834_B_5JV8I,21439.0,25200.0,3762.0,pedestrian_1-1-pt_2834,Bluetooth,6107.0,0.616014409693794
pedestrian_1-1-pt_2844_B_FGMP9,22006.0,24560.0,2555.0,pedestrian_1-1-pt_2844,Bluetooth,6829.0,0.37413969834529215
pedestrian_1-1-pt_2863_B_PCW9I,18772.0,25200.0,6429.0,pedestrian_1-1-pt_2863,Bluetooth,6429.0,1.0
pedestrian_1-1-pt_2880_B_P0WPF,19303.0,22867.0,3565.0,pedestrian_1-1-pt_2880,Bluetooth,5898.0,0.6044421837911156
pedestrian_1-1-pt_2920_B_YQBAX,22235.0,25200.0,2966.0,pedestrian_1-1-pt_2920,Bluetooth,6124.0,0.484323971260614
pedestrian_1-1-pt_2952_B_7M6VG,22195.0,25200.0,3006.0,pedestrian_1-1-pt_2952,Bluetooth,5567.0,0.53996766660679
pedestrian_1-1-pt_2961_B_UUFVZ,22776.0,25200.0,2425.0,pedestrian_1-1-pt_2961,Bluetooth,6086.0,0.3984554715741045
pedestrian_1-1-pt_297_B_WAYAX,19206.0,24520.0,5315.0,pedestrian_1-1-pt_297,Bluetooth,6055.0,0.8777869529314616
pedestrian_1-1-pt_3067_B_3CAA4,21393.0,25200.0,3808.0,pedestrian_1-1-pt_3067,Bluetooth,5913.0,0.6440047353289362
pedestrian_1-1-pt_3097_B_ZSYCP,19028.0,22856.0,3829.0,pedestrian_1-1-pt_3097,Bluetooth,6173.0,0.6202818726713105
pedestrian_1-1-pt_3176_B_6ODTA,21902.0,25200.0,3299.0,pedestrian_1-1-pt_3176,Bluetooth,5712.0,0.5775560224089635
pedestrian_1-1-pt_3207_B_AZN8L,21098.0,23594.0,2497.0,pedestrian_1-1-pt_3207,Bluetooth,5882.0,0.4245154709282557
pedestrian_1-1-pt_3230_B_ONC30,19258.0,20644.0,1387.0,pedestrian_1-1-pt_3230,Bluetooth,5943.0,0.23338381288911325
pedestrian_1-1-pt_3275_B_XM6GF,18731.0,22744.0,4014.0,pedestrian_1-1-pt_3275,Bluetooth,6470.0,0.620401854714065
pedestrian_1-1-pt_3353_B_1L2EJ,19580.0,22321.0,2742.0,pedestrian_1-1-pt_3353,Bluetooth,5621.0,0.487813556306707
pedestrian_1-1-pt_3386_B_WMC68,21465.0,25200.0,3736.0,pedestrian_1-1-pt_3386,Bluetooth,5632.0,0.6633522727272727
pedestrian_1-1-pt_3409_B_UN8U3,19458.0,22793.0,3336.0,pedestrian_1-1-pt_3409,Bluetooth,5743.0,0.5808810726101341
pedestrian_1-1-pt_3489_B_4XNJI,21480.0,25200.0,3721.0,pedestrian_1-1-pt_3489,Bluetooth,6495.0,0.572902232486528
pedestrian_1-1-pt_3512_B_HXGY8,19780.0,24986.0,5207.0,pedestrian_1-1-pt_3512,Bluetooth,5421.0,0.9605238885814426
pedestrian_1-1-pt_3571_B_76BY9,21242.0,24071.0,2830.0,pedestrian_1-1-pt_3571,Bluetooth,5912.0,0.4786874154262517
pedestrian_1-1-pt_3595_B_C7WW3,19280.0,21662.0,2383.0,pedestrian_1-1-pt_3595,Bluetooth,5921.0,0.4024657996959973
pedestrian_1-1-pt_3624_B_HK42J,20966.0,23393.0,2428.0,pedestrian_1-1-pt_3624,Bluetooth,5861.0,0.4142637775123699
pedestrian_1-1-pt_3629_B_YACM4,19622.0,24867.0,5246.0,pedestrian_1-1-pt_3629,Bluetooth,7078.0,0.7411698219836111
pedestrian_1-1-pt_3671_B_VVJBM,20001.0,22806.0,2806.0,pedestrian_1-1-pt_3671,Bluetooth,6243.0,0.4494633990068877
pedestrian_1-1-pt_3769_B_WADT7,18515.0,21834.0,3320.0,pedestrian_1-1-pt_3769,Bluetooth,6686.0,0.4965599760693987
pedestrian_1-1-pt_3800_B_WPGY9,19727.0,21819.0,2093.0,pedestrian_1-1-pt_3800,Bluetooth,5474.0,0.38235294117647056
pedestrian_1-1-pt_3858_B_O3TOI,18473.0,20090.0,1618.0,pedestrian_1-1-pt_3858,Bluetooth,6728.0,0.24048751486325803
pedestrian_1-1-pt_3916_B_X51HD,23085.0,25200.0,2116.0,pedestrian_1-1-pt_3916,Bluetooth,5504.0,0.38444767441860467
pedestrian_1-1-pt_3927_B_E36MU,18522.0,21469.0,2948.0,pedestrian_1-1-pt_3927,Bluetooth,6679.0,0.4413834406348256
pedestrian_1-1-pt_3931_B_1HGYV,21715.0,25200.0,3486.0,pedestrian_1-1-pt_3931,Bluetooth,5378.0,0.6481963555224991
pedestrian_1-1-pt_394_B_ZYLFR,19370.0,21793.0,2424.0,pedestrian_1-1-pt_394,Bluetooth,5831.0,0.4157091407991768
pedestrian_1-1-pt_4262_B_XDOX2,20701.0,23369.0,2669.0,pedestrian_1-1-pt_4262,Bluetooth,6777.0,0.39383207909104323
pedestrian_1-1-pt_4380_B_VF3R0,19651.0,22599.0,2949.0,pedestrian_1-1-pt_4380,Bluetooth,5550.0,0.5313513513513514
pedestrian_1-1-pt_4541_B_BMM99,22610.0,24621.0,2012.0,pedestrian_1-1-pt_4541,Bluetooth,5793.0,0.3473157258760573
pedestrian_1-1-pt_4595_B_YHBTI,19577.0,22618.0,3042.0,pedestrian_1-1-pt_4595,Bluetooth,5624.0,0.5408961593172119
pedestrian_1-1-pt_4645_B_ENBF5,21538.0,24876.0,3339.0,pedestrian_1-1-pt_4645,Bluetooth,6155.0,0.5424857839155158
pedestrian_1-1-pt_4671_B_C7N7Y,18353.0,20814.0,2462.0,pedestrian_1-1-pt_4671,Bluetooth,6848.0,0.3595210280373832
pedestrian_1-1-pt_4715_B_GKJ0H,18725.0,22179.0,3455.0,pedestrian_1-1-pt_4715,Bluetooth,6476.0,0.5335083384805436
pedestrian_1-1-pt_4736_B_5V1GH,23003.0,25200.0,2198.0,pedestrian_1-1-pt_4736,Bluetooth,6324.0,0.34756483238456676
pedestrian_1-1-pt_4785_B_WXMBR,19331.0,25200.0,5870.0,pedestrian_1-1-pt_4785,Bluetooth,5870.0,1.0
pedestrian_1-1-pt_4875_B_XHERR,18736.0,25200.0,6465.0,pedestrian_1-1-pt_4875,Bluetooth,6465.0,1.0
pedestrian_1-1-pt_4879_B_SNRI1,19144.0,22216.0,3073.0,pedestrian_1-1-pt_4879,Bluetooth,6641.0,0.46273151633790094
pedestrian_1-1-pt_4901_B_2VB4D,19765.0,21805.0,2041.0,pedestrian_1-1-pt_4901,Bluetooth,5436.0,0.3754598969830758
pedestrian_1-1-pt_4919_B_ZRBME,19769.0,24640.0,4872.0,pedestrian_1-1-pt_4919,Bluetooth,5432.0,0.8969072164948454
pedestrian_1-1-pt_494_B_IC8MI,22815.0,24598.0,1784.0,pedestrian_1-1-pt_494,Bluetooth,6748.0,0.26437462951985774
pedestrian_1-1-pt_4966_B_K7U0C,19812.0,22415.0,2604.0,pedestrian_1-1-pt_4966,Bluetooth,6016.0,0.4328457446808511
pedestrian_1-1-pt_498_B_KWTXE,21452.0,22999.0,1548.0,pedestrian_1-1-pt_498,Bluetooth,5446.0,0.2842453176643408
pedestrian_1-1-pt_4996_B_WVPI5,18853.0,23494.0,4642.0,pedestrian_1-1-pt_4996,Bluetooth,6860.0,0.6766763848396501
pedestrian_1-1-pt_5078_B_GZRVH,19172.0,21663.0,2492.0,pedestrian_1-1-pt_5078,Bluetooth,7162.0,0.347947500698129
pedestrian_1-1-pt_5115_B_RVIMB,21259.0,25200.0,3942.0,pedestrian_1-1-pt_5115,Bluetooth,6515.0,0.6050652340752111
pedestrian_1-1-pt_5139_B_SP4N7,18741.0,25109.0,6369.0,pedestrian_1-1-pt_5139,Bluetooth,7125.0,0.8938947368421053
pedestrian_1-1-pt_5167_B_KF4FT,18146.0,20709.0,2564.0,pedestrian_1-1-pt_5167,Bluetooth,7055.0,0.3634301913536499
pedestrian_1-1-pt_5193_B_2V0Y3,20343.0,24112.0,3770.0,pedestrian_1-1-pt_5193,Bluetooth,6293.0,0.5990783410138248
pedestrian_1-1-pt_5199_B_EYJIA,18842.0,22341.0,3500.0,pedestrian_1-1-pt_5199,Bluetooth,6359.0,0.5504010064475546
pedestrian_1-1-pt_521_B_INHVK,18545.0,21489.0,2945.0,pedestrian_1-1-pt_521,Bluetooth,6656.0,0.4424579326923077
pedestrian_1-1-pt_5241_B_FWQPV,18944.0,25200.0,6257.0,pedestrian_1-1-pt_5241,Bluetooth,6257.0,1.0
pedestrian_1-1-pt_5258_B_GLJ4S,20520.0,25200.0,4681.0,pedestrian_1-1-pt_5258,Bluetooth,6796.0,0.6887875220718069
pedestrian_1-1-pt_527_B_6I02M,19800.0,21924.0,2125.0,pedestrian_1-1-pt_527,Bluetooth,6069.0,0.35014005602240894
pedestrian_1-1-pt_5275_B_UYQ81,18819.0,25200.0,6382.0,pedestrian_1-1-pt_5275,Bluetooth,6382.0,1.0
pedestrian_1-1-pt_5298_B_LNSSS,19676.0,25200.0,5525.0,pedestrian_1-1-pt_5298,Bluetooth,5573.0,0.9913870446797057
pedestrian_1-1-pt_530_B_IUEK7,18121.0,19780.0,1660.0,pedestrian_1-1-pt_530,Bluetooth,7080.0,0.2344632768361582
pedestrian_1-1-pt_5324_B_4ICA1,19370.0,21632.0,2263.0,pedestrian_1-1-pt_5324,Bluetooth,5831.0,0.3880980963814097
pedestrian_1-1-pt_5357_B_3WLNO,21035.0,25200.0,4166.0,pedestrian_1-1-pt_5357,Bluetooth,6555.0,0.6355453852021358
pedestrian_1-1-pt_5392_B_IJJ5K,20841.0,24301.0,3461.0,pedestrian_1-1-pt_5392,Bluetooth,6937.0,0.49891884099754935
pedestrian_1-1-pt_5481_B_RRWWA,21594.0,24838.0,3245.0,pedestrian_1-1-pt_5481,Bluetooth,5875.0,0.5523404255319149
pedestrian_1-1-pt_560_B_UYZG3,19031.0,24175.0,5145.0,pedestrian_1-1-pt_560,Bluetooth,6756.0,0.7615452930728241
pedestrian_1-1-pt_5666_B_Q3RUR,20643.0,25200.0,4558.0,pedestrian_1-1-pt_5666,Bluetooth,6142.0,0.742103549332465
pedestrian_1-1-pt_571_B_43HP2,23286.0,25200.0,1915.0,pedestrian_1-1-pt_571,Bluetooth,5967.0,0.3209317915200268
pedestrian_1-1-pt_5897_B_QPFTT,19088.0,21492.0,2405.0,pedestrian_1-1-pt_5897,Bluetooth,6252.0,0.3846769033909149
pedestrian_1-1-pt_5906_B_2JR3V,23017.0,25200.0,2184.0,pedestrian_1-1-pt_5906,Bluetooth,5741.0,0.3804215293502874
pedestrian_1-1-pt_5913_B_9CCIY,19687.0,22925.0,3239.0,pedestrian_1-1-pt_5913,Bluetooth,5514.0,0.5874138556401887
pedestrian_1-1-pt_5942_B_CM0SC,21292.0,25200.0,3909.0,pedestrian_1-1-pt_5942,Bluetooth,5385.0,0.7259052924791086
pedestrian_1-1-pt_5997_B_TTLXZ,19213.0,20658.0,1446.0,pedestrian_1-1-pt_5997,Bluetooth,5988.0,0.24148296593186372
pedestrian_1-1-pt_5999_B_NU8ZB,19475.0,22867.0,3393.0,pedestrian_1-1-pt_5999,Bluetooth,5726.0,0.5925602514844569
pedestrian_1-1-pt_6031_B_HTG0C,19973.0,24700.0,4728.0,pedestrian_1-1-pt_6031,Bluetooth,6793.0,0.6960105991461799
pedestrian_1-1-pt_6176_B_NPYR5,19975.0,25075.0,5101.0,pedestrian_1-1-pt_6176,Bluetooth,6381.0,0.799404482056104
pedestrian_1-1-pt_6273_B_TECTW,19268.0,22665.0,3398.0,pedestrian_1-1-pt_6273,Bluetooth,5933.0,0.5727288049890443
pedestrian_1-1-pt_6292_B_2CG7P,19693.0,22997.0,3305.0,pedestrian_1-1-pt_6292,Bluetooth,6282.0,0.526106335561923
pedestrian_1-1-pt_6297_B_7VYET,21703.0,25200.0,3498.0,pedestrian_1-1-pt_6297,Bluetooth,6567.0,0.5326633165829145
pedestrian_1-1-pt_6309_B_0NTVV,18381.0,23565.0,5185.0,pedestrian_1-1-pt_6309,Bluetooth,6820.0,0.7602639296187683
pedestrian_1-1-pt_6355_B_HOT05,21674.0,24005.0,2332.0,pedestrian_1-1-pt_6355,Bluetooth,7060.0,0.33031161473087817
pedestrian_1-1-pt_6358_B_AVCSN,20964.0,22641.0,1678.0,pedestrian_1-1-pt_6358,Bluetooth,6143.0,0.2731564382223669
pedestrian_1-1-pt_6368_B_IV6JV,19456.0,25200.0,5745.0,pedestrian_1-1-pt_6368,Bluetooth,6525.0,0.8804597701149425
pedestrian_1-1-pt_6381_B_SQXIP,20278.0,25200.0,4923.0,pedestrian_1-1-pt_6381,Bluetooth,6181.0,0.796473062611228
pedestrian_1-1-pt_6389_B_E9BDX,19681.0,25200.0,5520.0,pedestrian_1-1-pt_6389,Bluetooth,5520.0,1.0
pedestrian_1-1-pt_6413_B_LOJAE,21313.0,24364.0,3052.0,pedestrian_1-1-pt_6413,Bluetooth,6037.0,0.5055491137982442
pedestrian_1-1-pt_6453_B_TVBO4,19225.0,25200.0,5976.0,pedestrian_1-1-pt_6453,Bluetooth,5976.0,1.0
pedestrian_1-1-pt_6516_B_0DMHI,18991.0,22863.0,3873.0,pedestrian_1-1-pt_6516,Bluetooth,6210.0,0.6236714975845411
pedestrian_1-1-pt_6538_B_QE2RD,18901.0,21559.0,2659.0,pedestrian_1-1-pt_6538,Bluetooth,6300.0,0.4220634920634921
pedestrian_1-1-pt_654_B_E1AO4,19609.0,25200.0,5592.0,pedestrian_1-1-pt_654,Bluetooth,5592.0,1.0
pedestrian_1-1-pt_6673_B_MCW4W,18741.0,22198.0,3458.0,pedestrian_1-1-pt_6673,Bluetooth,6768.0,0.5109338061465721
pedestrian_1-1-pt_6743_B_T9JQP,20785.0,23342.0,2558.0,pedestrian_1-1-pt_6743,Bluetooth,6360.0,0.40220125786163524
pedestrian_1-1-pt_6779_B_J5BX3,19653.0,22261.0,2609.0,pedestrian_1-1-pt_6779,Bluetooth,6538.0,0.3990516977669012
pedestrian_1-1-pt_6931_B_OF1CI,23120.0,24974.0,1855.0,pedestrian_1-1-pt_6931,Bluetooth,6836.0,0.271357519016969
pedestrian_1-1-pt_6974_B_L4ERH,23478.0,25200.0,1723.0,pedestrian_1-1-pt_6974,Bluetooth,6531.0,0.2638187107640484
pedestrian_1-1-pt_7040_B_JU268,19073.0,23435.0,4363.0,pedestrian_1-1-pt_7040,Bluetooth,7007.0,0.6226630512344798
pedestrian_1-1-pt_7080_B_HD2Z5,20803.0,23764.0,2962.0,pedestrian_1-1-pt_7080,Bluetooth,5813.0,0.5095475658007913
pedestrian_1-1-pt_7104_B_IFFYH,20859.0,21686.0,828.0,pedestrian_1-1-pt_7104,Bluetooth,5929.0,0.13965255523697082
pedestrian_1-1-pt_7123_B_8PDB8,18197.0,23345.0,5149.0,pedestrian_1-1-pt_7123,Bluetooth,7004.0,0.7351513420902341
pedestrian_1-1-pt_7142_B_AWRLN,19594.0,21902.0,2309.0,pedestrian_1-1-pt_7142,Bluetooth,6394.0,0.36111979981232406
pedestrian_1-1-pt_7208_B_F196V,20641.0,23441.0,2801.0,pedestrian_1-1-pt_7208,Bluetooth,5511.0,0.5082562148430412
pedestrian_1-1-pt_725_B_6BOPN,19701.0,22059.0,2359.0,pedestrian_1-1-pt_725,Bluetooth,5500.0,0.4289090909090909
pedestrian_1-1-pt_7277_B_POWIS,19670.0,24522.0,4853.0,pedestrian_1-1-pt_7277,Bluetooth,5531.0,0.8774181883926957
pedestrian_1-1-pt_7325_B_RT4MM,20857.0,22672.0,1816.0,pedestrian_1-1-pt_7325,Bluetooth,5555.0,0.3269126912691269
pedestrian_1-1-pt_7440_B_M1S0P,19835.0,23225.0,3391.0,pedestrian_1-1-pt_7440,Bluetooth,6984.0,0.48553837342497136
pedestrian_1-1-pt_7573_B_PGPT7,19857.0,23463.0,3607.0,pedestrian_1-1-pt_7573,Bluetooth,5703.0,0.6324741364194284
pedestrian_1-1-pt_761_B_CVZFB,20623.0,24596.0,3974.0,pedestrian_1-1-pt_761,Bluetooth,5770.0,0.688734835355286
pedestrian_1-1-pt_7664_B_OV6L0,20834.0,22965.0,2132.0,pedestrian_1-1-pt_7664,Bluetooth,6652.0,0.3205051112447384
pedestrian_1-1-pt_7732_B_LTSW1,21076.0,25200.0,4125.0,pedestrian_1-1-pt_7732,Bluetooth,5704.0,0.7231767180925667
pedestrian_1-1-pt_776_B_CMV6P,18419.0,22068.0,3650.0,pedestrian_1-1-pt_776,Bluetooth,6782.0,0.5381893246829844
pedestrian_1-1-pt_7760_B_0UZVG,20388.0,24618.0,4231.0,pedestrian_1-1-pt_7760,Bluetooth,6481.0,0.6528313531862366
pedestrian_1-1-pt_7763_B_45JWS,22460.0,24938.0,2479.0,pedestrian_1-1-pt_7763,Bluetooth,6435.0,0.38523698523698524
pedestrian_1-1-pt_7863_B_GTCVF,19844.0,21292.0,1449.0,pedestrian_1-1-pt_7863,Bluetooth,5960.0,0.24312080536912753
pedestrian_1-1-pt_7915_B_Q72J4,18194.0,24704.0,6511.0,pedestrian_1-1-pt_7915,Bluetooth,7007.0,0.9292136434993578
pedestrian_1-1-pt_7938_B_U0G4L,20901.0,25200.0,4300.0,pedestrian_1-1-pt_7938,Bluetooth,5768.0,0.7454923717059639
pedestrian_1-1-pt_7948_B_BGDWB,20807.0,25200.0,4394.0,pedestrian_1-1-pt_7948,Bluetooth,5563.0,0.7898615854754629
pedestrian_1-1-pt_7959_B_W71YF,22535.0,25200.0,2666.0,pedestrian_1-1-pt_7959,Bluetooth,5894.0,0.4523243976925687
pedestrian_1-1-pt_8068_B_7K6BJ,19402.0,24696.0,5295.0,pedestrian_1-1-pt_8068,Bluetooth,6233.0,0.8495106690197337
pedestrian_1-1-pt_8085_B_TB8FV,20619.0,25200.0,4582.0,pedestrian_1-1-pt_8085,Bluetooth,5972.0,0.7672471533824514
pedestrian_1-1-pt_8137_B_YMG71,23100.0,24490.0,1391.0,pedestrian_1-1-pt_8137,Bluetooth,5526.0,0.2517191458559537
pedestrian_1-1-pt_8184_B_IHJ8E,18695.0,22084.0,3390.0,pedestrian_1-1-pt_8184,Bluetooth,6506.0,0.521057485398094
pedestrian_1-1-pt_8247_B_W0EPQ,19319.0,21301.0,1983.0,pedestrian_1-1-pt_8247,Bluetooth,5882.0,0.3371302278136688
pedestrian_1-1-pt_8280_B_73PL2,19016.0,21284.0,2269.0,pedestrian_1-1-pt_8280,Bluetooth,6185.0,0.3668552950687146
pedestrian_1-1-pt_8289_B_HD9WX,18784.0,22232.0,3449.0,pedestrian_1-1-pt_8289,Bluetooth,7155.0,0.48204053109713485
pedestrian_1-1-pt_841_B_4QV46,19262.0,23140.0,3879.0,pedestrian_1-1-pt_841,Bluetooth,6978.0,0.555889939810834
pedestrian_1-1-pt_8545_B_2L986,21307.0,24759.0,3453.0,pedestrian_1-1-pt_8545,Bluetooth,6923.0,0.49877220858009536
pedestrian_1-1-pt_8611_B_YL92A,20689.0,22029.0,1341.0,pedestrian_1-1-pt_8611,Bluetooth,6238.0,0.21497274767553703
pedestrian_1-1-pt_8682_B_66HWT,21840.0,25200.0,3361.0,pedestrian_1-1-pt_8682,Bluetooth,6024.0,0.5579349269588313
pedestrian_1-1-pt_8692_B_477AU,20582.0,25200.0,4619.0,pedestrian_1-1-pt_8692,Bluetooth,6684.0,0.6910532615200479
pedestrian_1-1-pt_8728_B_NEQLK,19799.0,21729.0,1931.0,pedestrian_1-1-pt_8728,Bluetooth,5814.0,0.33212934296525626
pedestrian_1-1-pt_8735_B_ANUJG,19305.0,25033.0,5729.0,pedestrian_1-1-pt_8735,Bluetooth,5896.0,0.9716757123473542
pedestrian_1-1-pt_8739_B_T09AJ,19625.0,25200.0,5576.0,pedestrian_1-1-pt_8739,Bluetooth,5576.0,1.0
pedestrian_1-1-pt_8762_B_98D0X,18815.0,23150.0,4336.0,pedestrian_1-1-pt_8762,Bluetooth,6386.0,0.6789852803006576
pedestrian_1-1-pt_8830_B_6EPU3,21715.0,25200.0,3486.0,pedestrian_1-1-pt_8830,Bluetooth,5373.0,0.6487995533221664
pedestrian_1-1-pt_8968_B_EB13J,20026.0,23714.0,3689.0,pedestrian_1-1-pt_8968,Bluetooth,6159.0,0.5989608702711479
pedestrian_1-1-pt_8969_B_721D2,20720.0,25200.0,4481.0,pedestrian_1-1-pt_8969,Bluetooth,5637.0,0.7949263792797587
pedestrian_1-1-pt_8982_B_Q2O1R,18931.0,24512.0,5582.0,pedestrian_1-1-pt_8982,Bluetooth,6952.0,0.8029344073647872
pedestrian_1-1-pt_977_B_MU99K,18622.0,20796.0,2175.0,pedestrian_1-1-pt_977,Bluetooth,6579.0,0.33059735522115824
pedestrian_1-1-pt_98_B_C77KH,20068.0,24741.0,4674.0,pedestrian_1-1-pt_98,Bluetooth,6077.0,0.769129504689814
pedestrian_1-1-veh_105_B_BTZIR,21535.0,24503.0,2969.0,pedestrian_1-1-veh_105,Bluetooth,7196.0,0.41259032795997774
pedestrian_1-1-veh_152_B_UYNYU,18944.0,25200.0,6257.0,pedestrian_1-1-veh_152,Bluetooth,6257.0,1.0
pedestrian_1-1-veh_234_B_NGB65,20411.0,24874.0,4464.0,pedestrian_1-1-veh_234,Bluetooth,6799.0,0.656567142226798
pedestrian_1-1-veh_246_B_92A63,20989.0,23294.0,2306.0,pedestrian_1-1-veh_246,Bluetooth,6398.0,0.3604251328540169
pedestrian_1-1-veh_298_B_Z1U6X,22127.0,25200.0,3074.0,pedestrian_1-1-veh_298,Bluetooth,5630.0,0.5460035523978686
pedestrian_1-1-veh_407_B_99C05,21602.0,25145.0,3544.0,pedestrian_1-1-veh_407,Bluetooth,6288.0,0.5636132315521628
pedestrian_1-1-veh_459_B_TEWON,22152.0,23913.0,1762.0,pedestrian_1-1-veh_459,Bluetooth,6678.0,0.2638514525306978
pedestrian_1-1-veh_5_B_5U9XQ,19694.0,25200.0,5507.0,pedestrian_1-1-veh_5,Bluetooth,5507.0,1.0
pedestrian_1-1-veh_530_B_XJNXL,19791.0,25136.0,5346.0,pedestrian_1-1-veh_530,Bluetooth,5410.0,0.9881700554528651
pedestrian_1-1-veh_602_B_1U9GB,21795.0,24036.0,2242.0,pedestrian_1-1-veh_602,Bluetooth,6500.0,0.34492307692307694
pedestrian_1-1-veh_603_B_6A5RC,20555.0,22527.0,1973.0,pedestrian_1-1-veh_603,Bluetooth,5455.0,0.3616865261228231
pedestrian_1-1-veh_608_B_3OAMC,19131.0,24905.0,5775.0,pedestrian_1-1-veh_608,Bluetooth,6070.0,0.9514003294892917
pedestrian_1-1-veh_610_B_Z4GUP,19665.0,25200.0,5536.0,pedestrian_1-1-veh_610,Bluetooth,5536.0,1.0
pedestrian_1-1-veh_65_B_YWG4G,18937.0,21990.0,3054.0,pedestrian_1-1-veh_65,Bluetooth,6733.0,0.45358681122827865
pedestrian_1-1-veh_767_B_5QZ83,18307.0,20677.0,2371.0,pedestrian_1-1-veh_767,Bluetooth,6894.0,0.34392225123295617
pedestrian_1-1-veh_792_B_TOUU1,19592.0,24593.0,5002.0,pedestrian_1-1-veh_792,Bluetooth,5609.0,0.8917810661436977
pedestrian_1-1-veh_824_B_KBIN7,22309.0,25200.0,2892.0,pedestrian_1-1-veh_824,Bluetooth,6130.0,0.47177814029363785
pedestrian_1-1-veh_834_B_M2XM1,21646.0,25200.0,3555.0,pedestrian_1-1-veh_834,Bluetooth,5735.0,0.6198779424585876
pedestrian_1-1-veh_837_B_6ATKA,20742.0,25200.0,4459.0,pedestrian_1-1-veh_837,Bluetooth,5740.0,0.776829268292683
pedestrian_1-2_1017_B_R6NT2,21045.0,25200.0,4156.0,pedestrian_1-2_1017,Bluetooth,5594.0,0.7429388630675724
pedestrian_1-2_1025_B_6P4R9,21071.0,25200.0,4130.0,pedestrian_1-2_1025,Bluetooth,6139.0,0.6727480045610034
pedestrian_1-2_104_B_GUC8A,19682.0,25200.0,5519.0,pedestrian_1-2_104,Bluetooth,7031.0,0.7849523538614707
pedestrian_1-2_1063_B_POIV9,18545.0,25200.0,6656.0,pedestrian_1-2_1063,Bluetooth,6656.0,1.0
pedestrian_1-2_1066_B_XGYXM,20023.0,25200.0,5178.0,pedestrian_1-2_1066,Bluetooth,6843.0,0.7566856641823761
pedestrian_1-2_1203_B_SNCQ6,21798.0,25200.0,3403.0,pedestrian_1-2_1203,Bluetooth,5688.0,0.5982770745428974
pedestrian_1-2_1219_B_UWT47,23061.0,25200.0,2140.0,pedestrian_1-2_1219,Bluetooth,5938.0,0.36039070394072076
pedestrian_1-2_1255_B_M6HVJ,20189.0,22603.0,2415.0,pedestrian_1-2_1255,Bluetooth,6617.0,0.36496901919298774
pedestrian_1-2_1265_B_3675I,19982.0,23348.0,3367.0,pedestrian_1-2_1265,Bluetooth,5630.0,0.5980461811722912
pedestrian_1-2_1285_B_F2HTA,20318.0,23847.0,3530.0,pedestrian_1-2_1285,Bluetooth,7062.0,0.49985839705465873
pedestrian_1-2_1313_B_8VMOM,18104.0,22565.0,4462.0,pedestrian_1-2_1313,Bluetooth,7097.0,0.6287163590249402
pedestrian_1-2_1420_B_AIZO9,18838.0,21859.0,3022.0,pedestrian_1-2_1420,Bluetooth,6363.0,0.47493320760647495
pedestrian_1-2_149_B_14APK,20031.0,25200.0,5170.0,pedestrian_1-2_149,Bluetooth,5388.0,0.959539717891611
pedestrian_1-2_1494_B_UPF2J,18702.0,25200.0,6499.0,pedestrian_1-2_1494,Bluetooth,6499.0,1.0
pedestrian_1-2_1533_B_JZM0D,19012.0,22511.0,3500.0,pedestrian_1-2_1533,Bluetooth,6275.0,0.5577689243027888
pedestrian_1-2_1559_B_MV8MU,18093.0,21451.0,3359.0,pedestrian_1-2_1559,Bluetooth,7108.0,0.47256612267867193
pedestrian_1-2_1596_B_QTEBF,22119.0,25200.0,3082.0,pedestrian_1-2_1596,Bluetooth,5995.0,0.5140950792326939
pedestrian_1-2_1600_B_W2GIK,21692.0,24608.0,2917.0,pedestrian_1-2_1600,Bluetooth,6859.0,0.4252806531564368
pedestrian_1-2_1612_B_JYAOM,18166.0,21640.0,3475.0,pedestrian_1-2_1612,Bluetooth,7035.0,0.4939587775408671
pedestrian_1-2_163_B_ABSP6,20517.0,23814.0,3298.0,pedestrian_1-2_163,Bluetooth,6738.0,0.4894627485900861
pedestrian_1-2_1640_B_87IFI,21649.0,25200.0,3552.0,pedestrian_1-2_1640,Bluetooth,6722.0,0.5284141624516513
pedestrian_1-2_1658_B_BEEAS,18985.0,24731.0,5747.0,pedestrian_1-2_1658,Bluetooth,6216.0,0.9245495495495496
pedestrian_1-2_168_B_X11BR,18704.0,23636.0,4933.0,pedestrian_1-2_168,Bluetooth,6497.0,0.7592735108511621
pedestrian_1-2_171_B_6NNL7,19842.0,23764.0,3923.0,pedestrian_1-2_171,Bluetooth,5485.0,0.7152233363719235
pedestrian_1-2_1715_B_K0U0U,18592.0,25200.0,6609.0,pedestrian_1-2_1715,Bluetooth,6609.0,1.0
pedestrian_1-2_1805_B_PLSUT,21808.0,24783.0,2976.0,pedestrian_1-2_1805,Bluetooth,6105.0,0.48746928746928747
pedestrian_1-2_1948_B_12DA1,18646.0,21227.0,2582.0,pedestrian_1-2_1948,Bluetooth,6555.0,0.3938977879481312
pedestrian_1-2_1953_B_1FK7S,18879.0,23442.0,4564.0,pedestrian_1-2_1953,Bluetooth,6322.0,0.7219234419487504
pedestrian_1-2_1990_B_GLZG2,18002.0,21480.0,3479.0,pedestrian_1-2_1990,Bluetooth,7199.0,0.48326156410612586
pedestrian_1-2_2030_B_5M0UI,24109.0,25158.0,1050.0,pedestrian_1-2_2030,Bluetooth,6734.0,0.15592515592515593
pedestrian_1-2_2034_B_Z5EXM,19241.0,23091.0,3851.0,pedestrian_1-2_2034,Bluetooth,5960.0,0.6461409395973154
pedestrian_1-2_2061_B_MYLKC,21588.0,25200.0,3613.0,pedestrian_1-2_2061,Bluetooth,6199.0,0.5828359412808517
pedestrian_1-2_2180_B_GAYI9,18175.0,22592.0,4418.0,pedestrian_1-2_2180,Bluetooth,7026.0,0.6288072872189012
pedestrian_1-2_2183_B_OOCY0,18275.0,25200.0,6926.0,pedestrian_1-2_2183,Bluetooth,6926.0,1.0
pedestrian_1-2_2215_B_HVDJA,21332.0,23975.0,2644.0,pedestrian_1-2_2215,Bluetooth,5539.0,0.47734248059216466
pedestrian_1-2_2229_B_UU9WJ,19564.0,20889.0,1326.0,pedestrian_1-2_2229,Bluetooth,6762.0,0.1960958296362023
pedestrian_1-2_2237_B_XMCHW,20313.0,25200.0,4888.0,pedestrian_1-2_2237,Bluetooth,6682.0,0.7315175097276264
pedestrian_1-2_2287_B_LEK2S,21241.0,23255.0,2015.0,pedestrian_1-2_2287,Bluetooth,7050.0,0.28581560283687946
pedestrian_1-2_2335_B_Q8766,19080.0,24105.0,5026.0,pedestrian_1-2_2335,Bluetooth,6121.0,0.821107662146708
pedestrian_1-2_2338_B_YOI0B,21275.0,25200.0,3926.0,pedestrian_1-2_2338,Bluetooth,5498.0,0.7140778464896326
pedestrian_1-2_2345_B_HMADE,19806.0,25200.0,5395.0,pedestrian_1-2_2345,Bluetooth,5395.0,1.0
pedestrian_1-2_2422_B_C2M5F,19458.0,22558.0,3101.0,pedestrian_1-2_2422,Bluetooth,6365.0,0.4871956009426551
pedestrian_1-2_2473_B_PV3NM,22196.0,25200.0,3005.0,pedestrian_1-2_2473,Bluetooth,5816.0,0.5166781292984869
pedestrian_1-2_250_B_PGBII,22317.0,25130.0,2814.0,pedestrian_1-2_250,Bluetooth,5782.0,0.48668280871670705
pedestrian_1-2_2512_B_K6Q6A,18254.0,22529.0,4276.0,pedestrian_1-2_2512,Bluetooth,6947.0,0.6155174895638406
pedestrian_1-2_2543_B_NQJBI,21674.0,25200.0,3527.0,pedestrian_1-2_2543,Bluetooth,5759.0,0.6124327140128495
pedestrian_1-2_2554_B_X8BU3,22161.0,24121.0,1961.0,pedestrian_1-2_2554,Bluetooth,6340.0,0.3093059936908517
pedestrian_1-2_2564_B_DZH5R,18266.0,25200.0,6935.0,pedestrian_1-2_2564,Bluetooth,6935.0,1.0
pedestrian_1-2_2580_B_3G6EU,21686.0,23611.0,1926.0,pedestrian_1-2_2580,Bluetooth,7070.0,0.2724186704384724
pedestrian_1-2_2598_B_K4XCG,21541.0,25200.0,3660.0,pedestrian_1-2_2598,Bluetooth,6473.0,0.565425614089294
pedestrian_1-2_2613_B_0Q54X,22582.0,25200.0,2619.0,pedestrian_1-2_2613,Bluetooth,6190.0,0.4231017770597738
pedestrian_1-2_263_B_16THU,19480.0,25200.0,5721.0,pedestrian_1-2_263,Bluetooth,5721.0,1.0
pedestrian_1-2_2653_B_KQ5Y7,20815.0,23730.0,2916.0,pedestrian_1-2_2653,Bluetooth,5917.0,0.4928173060672638
pedestrian_1-2_2702_B_5EWY4,23208.0,25200.0,1993.0,pedestrian_1-2_2702,Bluetooth,6084.0,0.32758053911900065
pedestrian_1-2_2715_B_NXLE3,21016.0,25200.0,4185.0,pedestrian_1-2_2715,Bluetooth,6045.0,0.6923076923076923
pedestrian_1-2_2795_B_4LBQ6,19829.0,23640.0,3812.0,pedestrian_1-2_2795,Bluetooth,5670.0,0.672310405643739
pedestrian_1-2_2797_B_IFDXT,19586.0,23128.0,3543.0,pedestrian_1-2_2797,Bluetooth,6046.0,0.5860072775388687
pedestrian_1-2_2875_B_2CSJE,19920.0,23510.0,3591.0,pedestrian_1-2_2875,Bluetooth,5673.0,0.6329984135378107
pedestrian_1-2_303_B_K9H6K,21708.0,22835.0,1128.0,pedestrian_1-2_303,Bluetooth,5548.0,0.20331651045421772
pedestrian_1-2_3052_B_3ZKMK,19441.0,24126.0,4686.0,pedestrian_1-2_3052,Bluetooth,6365.0,0.7362136684996072
pedestrian_1-2_3077_B_29OBG,21601.0,24106.0,2506.0,pedestrian_1-2_3077,Bluetooth,6537.0,0.3833562796389781
pedestrian_1-2_3081_B_GV821,21300.0,23197.0,1898.0,pedestrian_1-2_3081,Bluetooth,5591.0,0.3394741548917904
pedestrian_1-2_315_B_9RE9V,19048.0,22314.0,3267.0,pedestrian_1-2_315,Bluetooth,6153.0,0.5309605070697221
pedestrian_1-2_3214_B_2A9VR,21962.0,25200.0,3239.0,pedestrian_1-2_3214,Bluetooth,7047.0,0.459628210586065
pedestrian_1-2_3224_B_X080R,21535.0,25200.0,3666.0,pedestrian_1-2_3224,Bluetooth,5736.0,0.6391213389121339
pedestrian_1-2_3280_B_C8TUQ,21721.0,25007.0,3287.0,pedestrian_1-2_3280,Bluetooth,6864.0,0.4788752913752914
pedestrian_1-2_3286_B_6BR97,20031.0,25200.0,5170.0,pedestrian_1-2_3286,Bluetooth,6578.0,0.7859531772575251
pedestrian_1-2_3378_B_TUTD4,19510.0,22877.0,3368.0,pedestrian_1-2_3378,Bluetooth,5691.0,0.5918116324020383
pedestrian_1-2_3386_B_LKBD5,18330.0,22508.0,4179.0,pedestrian_1-2_3386,Bluetooth,6871.0,0.608208412167079
pedestrian_1-2_3389_B_7FASY,21220.0,22676.0,1457.0,pedestrian_1-2_3389,Bluetooth,5598.0,0.26027152554483746
pedestrian_1-2_3413_B_VRRKP,20319.0,24582.0,4264.0,pedestrian_1-2_3413,Bluetooth,5593.0,0.7623815483640265
pedestrian_1-2_3464_B_ISU0S,19027.0,21394.0,2368.0,pedestrian_1-2_3464,Bluetooth,6174.0,0.3835438937479754
pedestrian_1-2_3488_B_VSCBY,20436.0,22969.0,2534.0,pedestrian_1-2_3488,Bluetooth,7089.0,0.3574552123007476
pedestrian_1-2_3575_B_YI62J,19934.0,25200.0,5267.0,pedestrian_1-2_3575,Bluetooth,6873.0,0.766332023861487
pedestrian_1-2_3590_B_2RSYX,19043.0,21636.0,2594.0,pedestrian_1-2_3590,Bluetooth,6158.0,0.42124066255277687
pedestrian_1-2_3608_B_P7KCF,19267.0,22671.0,3405.0,pedestrian_1-2_3608,Bluetooth,6988.0,0.48726388093875217
pedestrian_1-2_3692_B_89ZNJ,19720.0,22092.0,2373.0,pedestrian_1-2_3692,Bluetooth,5961.0,0.3980875691997987
pedestrian_1-2_3693_B_NBZLG,21852.0,25200.0,3349.0,pedestrian_1-2_3693,Bluetooth,7023.0,0.4768617399971522
pedestrian_1-2_3702_B_OWZB3,22021.0,25200.0,3180.0,pedestrian_1-2_3702,Bluetooth,5679.0,0.5599577390385632
pedestrian_1-2_3708_B_O0D71,20577.0,25200.0,4624.0,pedestrian_1-2_3708,Bluetooth,6144.0,0.7526041666666666
pedestrian_1-2_3716_B_55A11,19572.0,22877.0,3306.0,pedestrian_1-2_3716,Bluetooth,5629.0,0.587315686622846
pedestrian_1-2_3752_B_C6E3Q,19720.0,25200.0,5481.0,pedestrian_1-2_3752,Bluetooth,5481.0,1.0
pedestrian_1-2_3821_B_QHEF3,18059.0,21070.0,3012.0,pedestrian_1-2_3821,Bluetooth,7142.0,0.42173060767292075
pedestrian_1-2_3835_B_LVRZX,18909.0,25200.0,6292.0,pedestrian_1-2_3835,Bluetooth,6603.0,0.952900196880206
pedestrian_1-2_3879_B_6QTDE,19700.0,25200.0,5501.0,pedestrian_1-2_3879,Bluetooth,6481.0,0.8487887671655608
pedestrian_1-2_3908_B_5X1OL,19876.0,21852.0,1977.0,pedestrian_1-2_3908,Bluetooth,6464.0,0.3058477722772277
pedestrian_1-2_4019_B_YGFAM,22124.0,24959.0,2836.0,pedestrian_1-2_4019,Bluetooth,5373.0,0.5278243067187791
pedestrian_1-2_4065_B_FPYOE,19178.0,23439.0,4262.0,pedestrian_1-2_4065,Bluetooth,6023.0,0.7076207869832309
pedestrian_1-2_4098_B_I51GE,18917.0,22842.0,3926.0,pedestrian_1-2_4098,Bluetooth,6284.0,0.6247612985359644
pedestrian_1-2_4206_B_8KRR4,18257.0,23322.0,5066.0,pedestrian_1-2_4206,Bluetooth,6944.0,0.7295506912442397
pedestrian_1-2_4208_B_DUZPK,20852.0,24604.0,3753.0,pedestrian_1-2_4208,Bluetooth,6604.0,0.5682919442761962
pedestrian_1-2_4249_B_RNWQL,19324.0,22304.0,2981.0,pedestrian_1-2_4249,Bluetooth,5877.0,0.507231580738472
pedestrian_1-2_4266_B_O7F40,20715.0,25200.0,4486.0,pedestrian_1-2_4266,Bluetooth,5854.0,0.7663136317048173
pedestrian_1-2_4270_B_R2H86,18164.0,25200.0,7037.0,pedestrian_1-2_4270,Bluetooth,7037.0,1.0
pedestrian_1-2_4285_B_ALL9R,22408.0,23979.0,1572.0,pedestrian_1-2_4285,Bluetooth,5448.0,0.28854625550660795
pedestrian_1-2_4327_B_PBIR7,20699.0,23032.0,2334.0,pedestrian_1-2_4327,Bluetooth,7115.0,0.3280393534785664
pedestrian_1-2_4329_B_X9FEP,19542.0,22888.0,3347.0,pedestrian_1-2_4329,Bluetooth,5659.0,0.5914472521646934
pedestrian_1-2_4376_B_GMNQV,21444.0,25200.0,3757.0,pedestrian_1-2_4376,Bluetooth,6613.0,0.5681233933161953
pedestrian_1-2_4388_B_7NHME,18397.0,22588.0,4192.0,pedestrian_1-2_4388,Bluetooth,6804.0,0.6161081716637272
pedestrian_1-2_4454_B_ZF78O,21202.0,23795.0,2594.0,pedestrian_1-2_4454,Bluetooth,7131.0,0.36376384798765954
pedestrian_1-2_4464_B_Z0N5V,22955.0,25200.0,2246.0,pedestrian_1-2_4464,Bluetooth,5418.0,0.4145441122185308
pedestrian_1-2_4483_B_Q7NKV,18883.0,21493.0,2611.0,pedestrian_1-2_4483,Bluetooth,6485.0,0.40262143407864304
pedestrian_1-2_4607_B_ACPL7,21723.0,23804.0,2082.0,pedestrian_1-2_4607,Bluetooth,6110.0,0.3407528641571195
pedestrian_1-2_4609_B_BUW4V,18126.0,21289.0,3164.0,pedestrian_1-2_4609,Bluetooth,7075.0,0.44720848056537105
pedestrian_1-2_4634_B_7IH32,22970.0,25200.0,2231.0,pedestrian_1-2_4634,Bluetooth,7076.0,0.3152911249293386
pedestrian_1-2_4715_B_MJ2OQ,19128.0,22529.0,3402.0,pedestrian_1-2_4715,Bluetooth,6720.0,0.50625
pedestrian_1-2_4724_B_A2II4,22426.0,24229.0,1804.0,pedestrian_1-2_4724,Bluetooth,5843.0,0.3087455074448058
pedestrian_1-2_4730_B_OOC8C,18769.0,25200.0,6432.0,pedestrian_1-2_4730,Bluetooth,6432.0,1.0
pedestrian_1-2_4734_B_KUP97,18664.0,23277.0,4614.0,pedestrian_1-2_4734,Bluetooth,7159.0,0.6445034222656796
pedestrian_1-2_4753_B_2V79H,18804.0,22355.0,3552.0,pedestrian_1-2_4753,Bluetooth,6759.0,0.5255215268530847
pedestrian_1-2_4771_B_C5NX3,20614.0,23284.0,2671.0,pedestrian_1-2_4771,Bluetooth,5684.0,0.4699155524278677
pedestrian_1-2_4791_B_NW9RA,18573.0,25200.0,6628.0,pedestrian_1-2_4791,Bluetooth,6628.0,1.0
pedestrian_1-2_4853_B_Z2NTR,18310.0,24779.0,6470.0,pedestrian_1-2_4853,Bluetooth,6891.0,0.9389058191844435
pedestrian_1-2_4886_B_I3I77,22213.0,25161.0,2949.0,pedestrian_1-2_4886,Bluetooth,5921.0,0.49805776051342676
pedestrian_1-2_4940_B_AWW1O,21998.0,23849.0,1852.0,pedestrian_1-2_4940,Bluetooth,6464.0,0.286509900990099
pedestrian_1-2_4955_B_BMF56,18281.0,21856.0,3576.0,pedestrian_1-2_4955,Bluetooth,6920.0,0.5167630057803468
pedestrian_1-2_4962_B_TJY5J,19692.0,22025.0,2334.0,pedestrian_1-2_4962,Bluetooth,6155.0,0.3792038992688871
pedestrian_1-2_5020_B_0RI87,21622.0,25200.0,3579.0,pedestrian_1-2_5020,Bluetooth,6183.0,0.5788452207666182
pedestrian_1-2_505_B_MKC70,22337.0,25200.0,2864.0,pedestrian_1-2_505,Bluetooth,6196.0,0.46223369916074886
pedestrian_1-2_5092_B_RIVZE,21199.0,25047.0,3849.0,pedestrian_1-2_5092,Bluetooth,6986.0,0.5509590609791011
pedestrian_1-2_5210_B_KNHFQ,19131.0,22291.0,3161.0,pedestrian_1-2_5210,Bluetooth,6568.0,0.48127283800243603
pedestrian_1-2_5252_B_D0NWG,21898.0,23616.0,1719.0,pedestrian_1-2_5252,Bluetooth,6293.0,0.2731606546956936
pedestrian_1-2_5288_B_OAQZD,19313.0,25200.0,5888.0,pedestrian_1-2_5288,Bluetooth,6284.0,0.9369828134945895
pedestrian_1-2_5369_B_I0XZT,20356.0,25200.0,4845.0,pedestrian_1-2_5369,Bluetooth,5874.0,0.8248212461695608
pedestrian_1-2_5428_B_DOTGK,20655.0,23072.0,2418.0,pedestrian_1-2_5428,Bluetooth,6066.0,0.39861523244312563
pedestrian_1-2_5437_B_998EH,19546.0,25200.0,5655.0,pedestrian_1-2_5437,Bluetooth,5655.0,1.0
pedestrian_1-2_5518_B_MZ16S,20884.0,25200.0,4317.0,pedestrian_1-2_5518,Bluetooth,7098.0,0.6081994928148774
pedestrian_1-2_5543_B_I9X0C,23020.0,25200.0,2181.0,pedestrian_1-2_5543,Bluetooth,5376.0,0.4056919642857143
pedestrian_1-2_5640_B_CWI22,18258.0,25200.0,6943.0,pedestrian_1-2_5640,Bluetooth,6943.0,1.0
pedestrian_1-2_5641_B_AU0J7,19701.0,25200.0,5500.0,pedestrian_1-2_5641,Bluetooth,6582.0,0.8356122759039806
pedestrian_1-2_568_B_I8VPH,19801.0,23385.0,3585.0,pedestrian_1-2_568,Bluetooth,5400.0,0.6638888888888889
pedestrian_1-2_573_B_G37BF,20971.0,25200.0,4230.0,pedestrian_1-2_573,Bluetooth,6739.0,0.6276895681851907
pedestrian_1-2_5745_B_2HO6F,19151.0,25200.0,6050.0,pedestrian_1-2_5745,Bluetooth,6087.0,0.9939214719894858
pedestrian_1-2_5752_B_97J5L,19732.0,21638.0,1907.0,pedestrian_1-2_5752,Bluetooth,6265.0,0.30438946528332
pedestrian_1-2_5753_B_OA7PR,18303.0,25200.0,6898.0,pedestrian_1-2_5753,Bluetooth,6898.0,1.0
pedestrian_1-2_5765_B_3AJ6P,19669.0,22889.0,3221.0,pedestrian_1-2_5765,Bluetooth,5532.0,0.5822487346348517
pedestrian_1-2_5927_B_3WG1Z,22299.0,24862.0,2564.0,pedestrian_1-2_5927,Bluetooth,6531.0,0.3925891900168427
pedestrian_1-2_593_B_QWMQP,21884.0,25200.0,3317.0,pedestrian_1-2_593,Bluetooth,6862.0,0.4833867677062081
pedestrian_1-2_5943_B_U4TEV,23490.0,25200.0,1711.0,pedestrian_1-2_5943,Bluetooth,7000.0,0.24442857142857144
pedestrian_1-2_5951_B_LRGCT,19085.0,24536.0,5452.0,pedestrian_1-2_5951,Bluetooth,6485.0,0.8407093292212798
pedestrian_1-2_6013_B_6F0TI,21730.0,24626.0,2897.0,pedestrian_1-2_6013,Bluetooth,6037.0,0.47987410965711447
pedestrian_1-2_609_B_7512T,18037.0,20371.0,2335.0,pedestrian_1-2_609,Bluetooth,7164.0,0.3259352317141262
pedestrian_1-2_638_B_4LXFB,18053.0,25200.0,7148.0,pedestrian_1-2_638,Bluetooth,7148.0,1.0
pedestrian_1-2_671_B_C4ICQ,19694.0,22531.0,2838.0,pedestrian_1-2_671,Bluetooth,5507.0,0.5153441074995461
pedestrian_1-2_752_B_PO7ES,18492.0,23315.0,4824.0,pedestrian_1-2_752,Bluetooth,6709.0,0.7190341332538381
pedestrian_1-2_829_B_ZLOF4,20837.0,24694.0,3858.0,pedestrian_1-2_829,Bluetooth,6668.0,0.5785842831433713
pedestrian_1-2_848_B_C4D3R,18688.0,22202.0,3515.0,pedestrian_1-2_848,Bluetooth,6513.0,0.5396898510670965
pedestrian_1-2_960_B_Z9F26,21279.0,25200.0,3922.0,pedestrian_1-2_960,Bluetooth,5821.0,0.6737673939185707
pedestrian_1-3_1027_B_6EEFY,21275.0,25086.0,3812.0,pedestrian_1-3_1027,Bluetooth,6279.0,0.6071030418856506
pedestrian_1-3_1140_B_EAW05,20500.0,24733.0,4234.0,pedestrian_1-3_1140,Bluetooth,6039.0,0.7011094552078159
pedestrian_1-3_1213_B_DFH8D,22423.0,25200.0,2778.0,pedestrian_1-3_1213,Bluetooth,5402.0,0.5142539800074046
pedestrian_1-3_1324_B_3TAZR,19534.0,22923.0,3390.0,pedestrian_1-3_1324,Bluetooth,5667.0,0.5982001058761249
pedestrian_1-3_1500_B_CYENL,21306.0,24680.0,3375.0,pedestrian_1-3_1500,Bluetooth,6651.0,0.5074424898511503
pedestrian_1-3_1535_B_B4FWX,19784.0,24534.0,4751.0,pedestrian_1-3_1535,Bluetooth,5417.0,0.877053719771091
pedestrian_1-3_1571_B_DD8GW,19633.0,24526.0,4894.0,pedestrian_1-3_1571,Bluetooth,5568.0,0.8789511494252874
pedestrian_1-3_1604_B_5NRUG,18561.0,23708.0,5148.0,pedestrian_1-3_1604,Bluetooth,6640.0,0.7753012048192771
pedestrian_1-3_1676_B_KN0A1,20564.0,25200.0,4637.0,pedestrian_1-3_1676,Bluetooth,5749.0,0.8065750565315707
pedestrian_1-3_17_B_BYNL0,19401.0,25200.0,5800.0,pedestrian_1-3_17,Bluetooth,6707.0,0.8647681526763084
pedestrian_1-3_1737_B_0S96U,18725.0,25200.0,6476.0,pedestrian_1-3_1737,Bluetooth,6476.0,1.0
pedestrian_1-3_1785_B_QQC8D,22134.0,24180.0,2047.0,pedestrian_1-3_1785,Bluetooth,6891.0,0.29705412857350166
pedestrian_1-3_1945_B_ZM1ES,19812.0,23542.0,3731.0,pedestrian_1-3_1945,Bluetooth,5687.0,0.6560576754000351
pedestrian_1-3_2018_B_CN20R,18032.0,25200.0,7169.0,pedestrian_1-3_2018,Bluetooth,7169.0,1.0
pedestrian_1-3_2043_B_C2PNR,18545.0,25200.0,6656.0,pedestrian_1-3_2043,Bluetooth,6656.0,1.0
pedestrian_1-3_2053_B_Q1N4K,20356.0,25200.0,4845.0,pedestrian_1-3_2053,Bluetooth,6568.0,0.7376674786845311
pedestrian_1-3_2076_B_ELMJC,21635.0,25200.0,3566.0,pedestrian_1-3_2076,Bluetooth,6219.0,0.5734040842579193
pedestrian_1-3_2171_B_8WF2V,19293.0,21086.0,1794.0,pedestrian_1-3_2171,Bluetooth,5908.0,0.3036560595802302
pedestrian_1-3_2180_B_O34V7,18110.0,22123.0,4014.0,pedestrian_1-3_2180,Bluetooth,7091.0,0.5660696657735157
pedestrian_1-3_2187_B_UELVA,21139.0,24703.0,3565.0,pedestrian_1-3_2187,Bluetooth,6683.0,0.5334430644919946
pedestrian_1-3_2221_B_FN5BP,21844.0,25200.0,3357.0,pedestrian_1-3_2221,Bluetooth,7190.0,0.46689847009735747
pedestrian_1-3_2278_B_WZ5AZ,18407.0,23396.0,4990.0,pedestrian_1-3_2278,Bluetooth,6794.0,0.7344715925816897
pedestrian_1-3_228_B_A86ZN,18933.0,24781.0,5849.0,pedestrian_1-3_228,Bluetooth,6268.0,0.933152520740268
pedestrian_1-3_2280_B_86CLZ,21656.0,25200.0,3545.0,pedestrian_1-3_2280,Bluetooth,5935.0,0.5973041280539174
pedestrian_1-3_2323_B_M9MTO,22567.0,25200.0,2634.0,pedestrian_1-3_2323,Bluetooth,6890.0,0.3822931785195936
pedestrian_1-3_234_B_W5PVF,21853.0,25200.0,3348.0,pedestrian_1-3_234,Bluetooth,5948.0,0.5628782784129119
pedestrian_1-3_2374_B_O5QLG,18002.0,21622.0,3621.0,pedestrian_1-3_2374,Bluetooth,7199.0,0.5029865259063759
pedestrian_1-3_2410_B_K9QWT,20669.0,25200.0,4532.0,pedestrian_1-3_2410,Bluetooth,7197.0,0.6297068222870641
pedestrian_1-3_2421_B_OEA4P,19597.0,23350.0,3754.0,pedestrian_1-3_2421,Bluetooth,5604.0,0.6698786581013562
pedestrian_1-3_2424_B_253FZ,22235.0,25200.0,2966.0,pedestrian_1-3_2424,Bluetooth,5902.0,0.502541511352084
pedestrian_1-3_2454_B_Z84YT,18057.0,20976.0,2920.0,pedestrian_1-3_2454,Bluetooth,7144.0,0.4087346024636058
pedestrian_1-3_2482_B_UGDW5,23058.0,24352.0,1295.0,pedestrian_1-3_2482,Bluetooth,5462.0,0.2370926400585866
pedestrian_1-3_2528_B_YT12S,19269.0,22966.0,3698.0,pedestrian_1-3_2528,Bluetooth,5932.0,0.6233985165205664
pedestrian_1-3_2599_B_GLBN2,21630.0,25200.0,3571.0,pedestrian_1-3_2599,Bluetooth,6099.0,0.5855058206263322
pedestrian_1-3_2633_B_BJLX4,21644.0,25200.0,3557.0,pedestrian_1-3_2633,Bluetooth,5500.0,0.6467272727272727
pedestrian_1-3_2643_B_TKJI2,23226.0,25200.0,1975.0,pedestrian_1-3_2643,Bluetooth,6047.0,0.32660823548867207
pedestrian_1-3_268_B_K9TC2,18061.0,24946.0,6886.0,pedestrian_1-3_268,Bluetooth,7140.0,0.9644257703081233
pedestrian_1-3_2745_B_HWK7E,19760.0,25200.0,5441.0,pedestrian_1-3_2745,Bluetooth,5441.0,1.0
pedestrian_1-3_2773_B_VPZ9O,19440.0,22755.0,3316.0,pedestrian_1-3_2773,Bluetooth,5761.0,0.5755945148411734
pedestrian_1-3_2786_B_BXR25,23293.0,25200.0,1908.0,pedestrian_1-3_2786,Bluetooth,5518.0,0.345777455599855
pedestrian_1-3_28_B_PP39V,19963.0,22636.0,2674.0,pedestrian_1-3_28,Bluetooth,5457.0,0.4900128275609309
pedestrian_1-3_283_B_W3BPC,21607.0,25200.0,3594.0,pedestrian_1-3_283,Bluetooth,5666.0,0.6343099188139781
pedestrian_1-3_2881_B_TCFUC,18242.0,22176.0,3935.0,pedestrian_1-3_2881,Bluetooth,6959.0,0.5654548067251042
pedestrian_1-3_2955_B_Z4X8N,20841.0,25200.0,4360.0,pedestrian_1-3_2955,Bluetooth,6818.0,0.639483719565855
pedestrian_1-3_2985_B_7IP6T,19010.0,23083.0,4074.0,pedestrian_1-3_2985,Bluetooth,6191.0,0.658052010983686
pedestrian_1-3_3046_B_95M16,21132.0,25200.0,4069.0,pedestrian_1-3_3046,Bluetooth,7087.0,0.5741498518413998
pedestrian_1-3_3076_B_QQWBO,18964.0,24464.0,5501.0,pedestrian_1-3_3076,Bluetooth,6237.0,0.8819945486612153
pedestrian_1-3_3132_B_J3UU8,18868.0,25200.0,6333.0,pedestrian_1-3_3132,Bluetooth,6333.0,1.0
pedestrian_1-3_3135_B_B96SN,22237.0,24573.0,2337.0,pedestrian_1-3_3135,Bluetooth,5406.0,0.4322974472807991
pedestrian_1-3_3245_B_IB4LB,22694.0,25200.0,2507.0,pedestrian_1-3_3245,Bluetooth,5902.0,0.42477126397831244
pedestrian_1-3_3253_B_A7Y6Y,19260.0,23279.0,4020.0,pedestrian_1-3_3253,Bluetooth,5941.0,0.6766537619929305
pedestrian_1-3_3339_B_1516C,18622.0,22799.0,4178.0,pedestrian_1-3_3339,Bluetooth,6579.0,0.6350509195926433
pedestrian_1-3_3410_B_DJGN2,21735.0,23875.0,2141.0,pedestrian_1-3_3410,Bluetooth,5581.0,0.3836230066296363
pedestrian_1-3_3457_B_05KC2,19069.0,21488.0,2420.0,pedestrian_1-3_3457,Bluetooth,6764.0,0.3577764636309876
pedestrian_1-3_3494_B_S9NZ8,22924.0,25200.0,2277.0,pedestrian_1-3_3494,Bluetooth,5672.0,0.4014456981664316
pedestrian_1-3_3536_B_M1THR,19577.0,25200.0,5624.0,pedestrian_1-3_3536,Bluetooth,5624.0,1.0
pedestrian_1-3_3579_B_YZGIS,19125.0,25200.0,6076.0,pedestrian_1-3_3579,Bluetooth,6076.0,1.0
pedestrian_1-3_3755_B_3JTU2,22739.0,25200.0,2462.0,pedestrian_1-3_3755,Bluetooth,5442.0,0.4524072032341051
pedestrian_1-3_3759_B_PLBKD,19522.0,24130.0,4609.0,pedestrian_1-3_3759,Bluetooth,6872.0,0.6706926658905704
pedestrian_1-3_3776_B_M97XE,19100.0,24852.0,5753.0,pedestrian_1-3_3776,Bluetooth,6101.0,0.9429601704638584
pedestrian_1-3_3793_B_FX6H8,22298.0,25200.0,2903.0,pedestrian_1-3_3793,Bluetooth,6285.0,0.4618933969769292
pedestrian_1-3_3834_B_AF5IX,19440.0,21147.0,1708.0,pedestrian_1-3_3834,Bluetooth,7122.0,0.2398202752035945
pedestrian_1-3_3901_B_EJF01,19134.0,23539.0,4406.0,pedestrian_1-3_3901,Bluetooth,6527.0,0.6750421326796384
pedestrian_1-3_4025_B_8N5GO,20000.0,25200.0,5201.0,pedestrian_1-3_4025,Bluetooth,5986.0,0.8688606749081189
pedestrian_1-3_403_B_49F1C,19231.0,25200.0,5970.0,pedestrian_1-3_403,Bluetooth,5970.0,1.0
pedestrian_1-3_4124_B_F5Q9P,20339.0,22267.0,1929.0,pedestrian_1-3_4124,Bluetooth,6101.0,0.316177675790854
pedestrian_1-3_4168_B_EU9G3,18549.0,20711.0,2163.0,pedestrian_1-3_4168,Bluetooth,6652.0,0.3251653638003608
pedestrian_1-3_4253_B_IR2JN,19260.0,21487.0,2228.0,pedestrian_1-3_4253,Bluetooth,5941.0,0.3750210402289177
pedestrian_1-3_4262_B_W6E30,18655.0,22457.0,3803.0,pedestrian_1-3_4262,Bluetooth,6546.0,0.5809654750992973
pedestrian_1-3_4289_B_LZNNQ,22262.0,25200.0,2939.0,pedestrian_1-3_4289,Bluetooth,5838.0,0.5034258307639603
pedestrian_1-3_4291_B_3E4LS,19536.0,21927.0,2392.0,pedestrian_1-3_4291,Bluetooth,5665.0,0.4222418358340688
pedestrian_1-3_4492_B_6D5Q4,19904.0,25200.0,5297.0,pedestrian_1-3_4492,Bluetooth,7054.0,0.7509214629997165
pedestrian_1-3_458_B_Z4A3F,21268.0,25200.0,3933.0,pedestrian_1-3_458,Bluetooth,5749.0,0.6841189772134284
pedestrian_1-3_4587_B_QZPWJ,21411.0,25200.0,3790.0,pedestrian_1-3_4587,Bluetooth,5425.0,0.6986175115207374
pedestrian_1-3_4644_B_TLKEJ,18451.0,25200.0,6750.0,pedestrian_1-3_4644,Bluetooth,6750.0,1.0
pedestrian_1-3_4663_B_T6TMV,21252.0,24630.0,3379.0,pedestrian_1-3_4663,Bluetooth,6189.0,0.5459686540636614
pedestrian_1-3_4666_B_HPZFP,18910.0,24126.0,5217.0,pedestrian_1-3_4666,Bluetooth,6291.0,0.8292799237005246
pedestrian_1-3_4690_B_MWTAR,21835.0,25042.0,3208.0,pedestrian_1-3_4690,Bluetooth,6733.0,0.4764592306549829
pedestrian_1-3_4738_B_PELU6,19746.0,22783.0,3038.0,pedestrian_1-3_4738,Bluetooth,6733.0,0.4512104559631665
pedestrian_1-3_4775_B_UNCR4,19770.0,23083.0,3314.0,pedestrian_1-3_4775,Bluetooth,6482.0,0.5112619561863623
pedestrian_1-3_4822_B_4KU53,19819.0,22307.0,2489.0,pedestrian_1-3_4822,Bluetooth,6455.0,0.3855925639039504
pedestrian_1-3_4875_B_ZHBAJ,19215.0,21803.0,2589.0,pedestrian_1-3_4875,Bluetooth,6082.0,0.42568234133508714
pedestrian_1-3_4881_B_LHJI1,19097.0,24222.0,5126.0,pedestrian_1-3_4881,Bluetooth,6104.0,0.8397771952817824
pedestrian_1-3_4944_B_5M0YJ,22829.0,25200.0,2372.0,pedestrian_1-3_4944,Bluetooth,6028.0,0.39349701393497016
pedestrian_1-3_4954_B_IMRGT,19145.0,20919.0,1775.0,pedestrian_1-3_4954,Bluetooth,6643.0,0.2671985548697877
pedestrian_1-3_5020_B_2PZDV,20660.0,23564.0,2905.0,pedestrian_1-3_5020,Bluetooth,6218.0,0.4671920231585719
pedestrian_1-3_5117_B_PPQ4I,18492.0,22322.0,3831.0,pedestrian_1-3_5117,Bluetooth,6709.0,0.5710239976151439
pedestrian_1-3_5123_B_UTTWP,18527.0,25200.0,6674.0,pedestrian_1-3_5123,Bluetooth,6674.0,1.0
pedestrian_1-3_5144_B_AJ5TO,19712.0,21793.0,2082.0,pedestrian_1-3_5144,Bluetooth,5937.0,0.3506821627084386
pedestrian_1-3_528_B_4D5LE,21519.0,24846.0,3328.0,pedestrian_1-3_528,Bluetooth,6873.0,0.4842135894078277
pedestrian_1-3_5334_B_RQGQN,19952.0,24830.0,4879.0,pedestrian_1-3_5334,Bluetooth,6995.0,0.6974982130092924
pedestrian_1-3_5354_B_O6WQ6,19467.0,22890.0,3424.0,pedestrian_1-3_5354,Bluetooth,6318.0,0.5419436530547642
pedestrian_1-3_5451_B_WVP98,21217.0,23819.0,2603.0,pedestrian_1-3_5451,Bluetooth,6252.0,0.41634676903390916
pedestrian_1-3_547_B_5YZV1,21659.0,25200.0,3542.0,pedestrian_1-3_547,Bluetooth,5883.0,0.6020737718850926
pedestrian_1-3_5475_B_BKB3C,19111.0,21206.0,2096.0,pedestrian_1-3_5475,Bluetooth,6758.0,0.31015093222846996
pedestrian_1-3_5537_B_YYIP9,18298.0,22582.0,4285.0,pedestrian_1-3_5537,Bluetooth,6903.0,0.6207446037954513
pedestrian_1-3_5550_B_C0B25,23133.0,25200.0,2068.0,pedestrian_1-3_5550,Bluetooth,5472.0,0.37792397660818716
pedestrian_1-3_5578_B_S8AFU,21867.0,24744.0,2878.0,pedestrian_1-3_5578,Bluetooth,7019.0,0.4100299187918507
pedestrian_1-3_635_B_MTVDL,23167.0,25200.0,2034.0,pedestrian_1-3_635,Bluetooth,6760.0,0.30088757396449706
pedestrian_1-3_743_B_V34GE,19366.0,24343.0,4978.0,pedestrian_1-3_743,Bluetooth,5835.0,0.853127677806341
pedestrian_1-3_80_B_MYXJJ,19810.0,22893.0,3084.0,pedestrian_1-3_80,Bluetooth,6418.0,0.48052352757868494
pedestrian_1-3_809_B_4H77W,22848.0,25200.0,2353.0,pedestrian_1-3_809,Bluetooth,6025.0,0.3905394190871369
pedestrian_1-3_870_B_MKZNC,19452.0,24779.0,5328.0,pedestrian_1-3_870,Bluetooth,5749.0,0.926769873021395
pedestrian_1-3_874_B_3UKP6,20087.0,24405.0,4319.0,pedestrian_1-3_874,Bluetooth,6253.0,0.6907084599392291
pedestrian_1-3_990_B_S2DGM,18939.0,21307.0,2369.0,pedestrian_1-3_990,Bluetooth,6262.0,0.37831363781539445
pedestrian_2-1_1248_B_HKJRF,21412.0,24808.0,3397.0,pedestrian_2-1_1248,Bluetooth,6790.0,0.5002945508100147
pedestrian_2-1_1463_B_VKVTW,21068.0,25200.0,4133.0,pedestrian_2-1_1463,Bluetooth,6223.0,0.6641491242166158
pedestrian_2-1_1609_B_BWXB3,21089.0,25200.0,4112.0,pedestrian_2-1_1609,Bluetooth,6168.0,0.6666666666666666
pedestrian_2-1_1724_B_6P6NK,19787.0,22793.0,3007.0,pedestrian_2-1_1724,Bluetooth,5414.0,0.555411895086812
pedestrian_2-1_1878_B_Q2MDH,20674.0,25082.0,4409.0,pedestrian_2-1_1878,Bluetooth,5633.0,0.7827090360376353
pedestrian_2-1_2028_B_GW75U,20102.0,24040.0,3939.0,pedestrian_2-1_2028,Bluetooth,5930.0,0.6642495784148398
pedestrian_2-1_2045_B_2JEDC,19244.0,23714.0,4471.0,pedestrian_2-1_2045,Bluetooth,5957.0,0.7505455766325332
pedestrian_2-1_213_B_V6CE2,21653.0,24764.0,3112.0,pedestrian_2-1_213,Bluetooth,6509.0,0.4781072361345829
pedestrian_2-1_2136_B_BX89L,18886.0,21887.0,3002.0,pedestrian_2-1_2136,Bluetooth,6315.0,0.4753760886777514
pedestrian_2-1_2161_B_8M3LZ,20089.0,23122.0,3034.0,pedestrian_2-1_2161,Bluetooth,5470.0,0.5546617915904936
pedestrian_2-1_2293_B_IWLJ0,18630.0,22100.0,3471.0,pedestrian_2-1_2293,Bluetooth,6735.0,0.5153674832962138
pedestrian_2-1_2384_B_2CPL6,19117.0,24592.0,5476.0,pedestrian_2-1_2384,Bluetooth,6084.0,0.9000657462195923
pedestrian_2-1_2486_B_P15KK,20299.0,25200.0,4902.0,pedestrian_2-1_2486,Bluetooth,5420.0,0.9044280442804428
pedestrian_2-1_2911_B_L6V5P,20605.0,23147.0,2543.0,pedestrian_2-1_2911,Bluetooth,5508.0,0.46169208424110386
pedestrian_2-1_2925_B_WB18W,21731.0,24559.0,2829.0,pedestrian_2-1_2925,Bluetooth,6246.0,0.4529298751200769
pedestrian_2-1_2987_B_704UX,22243.0,25200.0,2958.0,pedestrian_2-1_2987,Bluetooth,5511.0,0.5367446924333152
pedestrian_2-1_3058_B_GOL05,21497.0,23478.0,1982.0,pedestrian_2-1_3058,Bluetooth,6226.0,0.3183424349502088
pedestrian_2-1_3119_B_X4380,19631.0,25200.0,5570.0,pedestrian_2-1_3119,Bluetooth,5570.0,1.0
pedestrian_2-1_3136_B_8QCRP,18461.0,23241.0,4781.0,pedestrian_2-1_3136,Bluetooth,6740.0,0.709347181008902
pedestrian_2-1_3376_B_SO5LH,21314.0,24523.0,3210.0,pedestrian_2-1_3376,Bluetooth,6681.0,0.4804669959586888
pedestrian_2-1_3390_B_3IWA6,18729.0,22899.0,4171.0,pedestrian_2-1_3390,Bluetooth,6472.0,0.64446847960445
pedestrian_2-1_3601_B_2VVW6,21133.0,25200.0,4068.0,pedestrian_2-1_3601,Bluetooth,6609.0,0.6155242850658194
pedestrian_2-1_3664_B_0NXQD,18951.0,22821.0,3871.0,pedestrian_2-1_3664,Bluetooth,6250.0,0.61936
pedestrian_2-1_3764_B_ZWFE2,20418.0,23479.0,3062.0,pedestrian_2-1_3764,Bluetooth,6460.0,0.4739938080495356
pedestrian_2-1_3944_B_J2NMO,22161.0,25200.0,3040.0,pedestrian_2-1_3944,Bluetooth,6190.0,0.4911147011308562
pedestrian_2-1_4127_B_7JVYC,20460.0,23606.0,3147.0,pedestrian_2-1_4127,Bluetooth,6875.0,0.45774545454545457
pedestrian_2-1_4232_B_NBABK,19184.0,22242.0,3059.0,pedestrian_2-1_4232,Bluetooth,6017.0,0.5083928868206747
pedestrian_2-1_4267_B_KEIWY,21423.0,25200.0,3778.0,pedestrian_2-1_4267,Bluetooth,5382.0,0.7019695280564846
pedestrian_2-1_4331_B_04QAQ,23496.0,24984.0,1489.0,pedestrian_2-1_4331,Bluetooth,6910.0,0.2154848046309696
pedestrian_2-1_4788_B_UTNLQ,19731.0,23366.0,3636.0,pedestrian_2-1_4788,Bluetooth,5470.0,0.6647166361974406
pedestrian_2-1_4811_B_0GNZD,19184.0,24420.0,5237.0,pedestrian_2-1_4811,Bluetooth,6017.0,0.8703672926707662
pedestrian_2-1_4909_B_K95X0,19250.0,25200.0,5951.0,pedestrian_2-1_4909,Bluetooth,6327.0,0.9405721510984669
pedestrian_2-1_4930_B_D9MID,19732.0,25200.0,5469.0,pedestrian_2-1_4930,Bluetooth,6676.0,0.8192031156381067
pedestrian_2-1_499_B_7D59K,19786.0,23069.0,3284.0,pedestrian_2-1_499,Bluetooth,5415.0,0.6064635272391505
pedestrian_2-1_5001_B_9S5VW,21112.0,23862.0,2751.0,pedestrian_2-1_5001,Bluetooth,6915.0,0.3978308026030369
pedestrian_2-1_5067_B_IQRBN,20704.0,25200.0,4497.0,pedestrian_2-1_5067,Bluetooth,5421.0,0.8295517432208079
pedestrian_2-1_5419_B_MV6WU,18210.0,20665.0,2456.0,pedestrian_2-1_5419,Bluetooth,6991.0,0.3513088256329567
pedestrian_2-1_5435_B_22U0N,18576.0,21673.0,3098.0,pedestrian_2-1_5435,Bluetooth,7013.0,0.44175103379438185
pedestrian_2-1_5450_B_NKBZ8,19214.0,24651.0,5438.0,pedestrian_2-1_5450,Bluetooth,5987.0,0.9083013195256389
pedestrian_2-1_5552_B_DNF52,19403.0,24738.0,5336.0,pedestrian_2-1_5552,Bluetooth,5798.0,0.9203173508106244
pedestrian_2-1_5799_B_WGTWS,23029.0,25200.0,2172.0,pedestrian_2-1_5799,Bluetooth,6017.0,0.3609772311783281
pedestrian_2-1_5841_B_PF3IE,19011.0,25200.0,6190.0,pedestrian_2-1_5841,Bluetooth,6190.0,1.0
pedestrian_2-1_600_B_IBWQA,19757.0,22460.0,2704.0,pedestrian_2-1_600,Bluetooth,5583.0,0.4843274225326885
pedestrian_2-1_6021_B_UFRBS,18155.0,25200.0,7046.0,pedestrian_2-1_6021,Bluetooth,7046.0,1.0
pedestrian_2-1_6130_B_HWUQ9,20710.0,25200.0,4491.0,pedestrian_2-1_6130,Bluetooth,6616.0,0.6788089480048367
pedestrian_2-1_6236_B_IPMZ4,23247.0,25200.0,1954.0,pedestrian_2-1_6236,Bluetooth,6636.0,0.2944544906570223
pedestrian_2-1_6256_B_IVM90,22417.0,25200.0,2784.0,pedestrian_2-1_6256,Bluetooth,6665.0,0.41770442610652664
pedestrian_2-1_6274_B_DILVV,18535.0,22752.0,4218.0,pedestrian_2-1_6274,Bluetooth,6666.0,0.6327632763276327
pedestrian_2-1_63_B_HN68C,22092.0,24672.0,2581.0,pedestrian_2-1_63,Bluetooth,7014.0,0.3679783290561734
pedestrian_2-1_804_B_LLO05,23391.0,25200.0,1810.0,pedestrian_2-1_804,Bluetooth,5915.0,0.3060016906170752
pedestrian_2-1_842_B_KLYQ6,19287.0,22247.0,2961.0,pedestrian_2-1_842,Bluetooth,5914.0,0.5006763611768684
