id,start_timestep,last_timestep,total_time,user_id,protocol,wifi_duration,privacy_score
pedestrian_1-1-pt_0_W_F2MEQ,23647.0,23821.0,175.0,pedestrian_1-1-pt_0,WiFi,5898.0,0.02967107494065785
pedestrian_1-1-pt_1006_W_1B8G8,23700.0,23949.0,250.0,pedestrian_1-1-pt_1006,WiFi,7050.0,0.03546099290780142
pedestrian_1-1-pt_1037_W_3M5T8,19503.0,19629.0,127.0,pedestrian_1-1-pt_1037,WiFi,5840.0,0.021746575342465754
pedestrian_1-1-pt_1039_W_5UIS0,22587.0,22788.0,202.0,pedestrian_1-1-pt_1039,WiFi,6474.0,0.031201729996910718
pedestrian_1-1-pt_1108_W_2EA4W,21857.0,22052.0,196.0,pedestrian_1-1-pt_1108,WiFi,6696.0,0.02927120669056153
pedestrian_1-1-pt_1121_W_9D335,24485.0,24810.0,326.0,pedestrian_1-1-pt_1121,WiFi,5916.0,0.05510480054090602
pedestrian_1-1-pt_1138_W_J9G95,21169.0,21617.0,449.0,pedestrian_1-1-pt_1138,WiFi,5624.0,0.07983641536273116
pedestrian_1-1-pt_1167_W_9NDZQ,20815.0,21040.0,226.0,pedestrian_1-1-pt_1167,WiFi,6258.0,0.03611377436880792
pedestrian_1-1-pt_1173_W_3ZN1V,21211.0,21513.0,303.0,pedestrian_1-1-pt_1173,WiFi,6381.0,0.04748472026328162
pedestrian_1-1-pt_1226_W_AF7BW,24666.0,24944.0,279.0,pedestrian_1-1-pt_1226,WiFi,5413.0,0.05154258267134676
pedestrian_1-1-pt_1238_W_1YCW0,24926.0,25098.0,173.0,pedestrian_1-1-pt_1238,WiFi,6403.0,0.027018585038263314
pedestrian_1-1-pt_1270_W_AGBNR,18603.0,18860.0,258.0,pedestrian_1-1-pt_1270,WiFi,6731.0,0.03833011439607785
pedestrian_1-1-pt_1296_W_3DJF6,18847.0,19315.0,469.0,pedestrian_1-1-pt_1296,WiFi,6354.0,0.0738117721120554
pedestrian_1-1-pt_1298_W_ETTN5,20587.0,20748.0,162.0,pedestrian_1-1-pt_1298,WiFi,6335.0,0.025572217837411208
pedestrian_1-1-pt_1304_W_G106M,22457.0,22651.0,195.0,pedestrian_1-1-pt_1304,WiFi,5854.0,0.033310556884181754
pedestrian_1-1-pt_1306_W_1MUO2,19209.0,19365.0,157.0,pedestrian_1-1-pt_1306,WiFi,6172.0,0.02543745949449125
pedestrian_1-1-pt_1329_W_R1UR5,21432.0,21678.0,247.0,pedestrian_1-1-pt_1329,WiFi,6666.0,0.03705370537053705
pedestrian_1-1-pt_1420_W_1ES0J,20062.0,20268.0,207.0,pedestrian_1-1-pt_1420,WiFi,6156.0,0.033625730994152045
pedestrian_1-1-pt_1473_W_EES2M,24499.0,24707.0,209.0,pedestrian_1-1-pt_1473,WiFi,5832.0,0.03583676268861454
pedestrian_1-1-pt_1497_W_KHJ00,22125.0,22288.0,164.0,pedestrian_1-1-pt_1497,WiFi,5453.0,0.03007518796992481
pedestrian_1-1-pt_150_W_QF8O1,21381.0,21660.0,280.0,pedestrian_1-1-pt_150,WiFi,5891.0,0.04753013070785945
pedestrian_1-1-pt_1560_W_5B8QN,23748.0,23991.0,244.0,pedestrian_1-1-pt_1560,WiFi,6694.0,0.036450552733791455
pedestrian_1-1-pt_1601_W_K6NSR,21902.0,22170.0,269.0,pedestrian_1-1-pt_1601,WiFi,6011.0,0.0447512893029446
pedestrian_1-1-pt_1669_W_LI1KE,18977.0,19240.0,264.0,pedestrian_1-1-pt_1669,WiFi,7057.0,0.03740966416324217
pedestrian_1-1-pt_1700_W_NUIRG,23585.0,24020.0,436.0,pedestrian_1-1-pt_1700,WiFi,5771.0,0.07555016461618437
pedestrian_1-1-pt_1714_W_Y2JNA,23594.0,23886.0,293.0,pedestrian_1-1-pt_1714,WiFi,6514.0,0.04498004298434142
pedestrian_1-1-pt_1723_W_5R36O,21920.0,22167.0,248.0,pedestrian_1-1-pt_1723,WiFi,5437.0,0.04561338973698731
pedestrian_1-1-pt_1747_W_6HL9N,20776.0,20990.0,215.0,pedestrian_1-1-pt_1747,WiFi,6993.0,0.030745030745030745
pedestrian_1-1-pt_1798_W_ITI74,24368.0,24917.0,550.0,pedestrian_1-1-pt_1798,WiFi,5574.0,0.0986724076067456
pedestrian_1-1-pt_182_W_OGGZX,19465.0,19749.0,285.0,pedestrian_1-1-pt_182,WiFi,6141.0,0.046409379579872984
pedestrian_1-1-pt_1966_W_8LYCJ,24513.0,24865.0,353.0,pedestrian_1-1-pt_1966,WiFi,6326.0,0.05580145431552324
pedestrian_1-1-pt_2013_W_NCSX9,20812.0,21031.0,220.0,pedestrian_1-1-pt_2013,WiFi,6083.0,0.03616636528028933
pedestrian_1-1-pt_2032_W_4ZJCA,24467.0,24696.0,230.0,pedestrian_1-1-pt_2032,WiFi,6461.0,0.03559820461228912
pedestrian_1-1-pt_2129_W_WC30T,19810.0,20040.0,231.0,pedestrian_1-1-pt_2129,WiFi,6484.0,0.035626156693399136
pedestrian_1-1-pt_2162_W_G8MWS,18351.0,18576.0,226.0,pedestrian_1-1-pt_2162,WiFi,6850.0,0.03299270072992701
pedestrian_1-1-pt_2170_W_FTR5H,19210.0,20110.0,901.0,pedestrian_1-1-pt_2170,WiFi,6529.0,0.13799969367437587
pedestrian_1-1-pt_2297_W_72ENQ,22549.0,22959.0,411.0,pedestrian_1-1-pt_2297,WiFi,5715.0,0.07191601049868766
pedestrian_1-1-pt_2342_W_UD7PT,18272.0,18836.0,565.0,pedestrian_1-1-pt_2342,WiFi,6929.0,0.08154134795785828
pedestrian_1-1-pt_2369_W_462EB,22187.0,22411.0,225.0,pedestrian_1-1-pt_2369,WiFi,6654.0,0.03381424706943192
pedestrian_1-1-pt_2424_W_GUP8Y,24785.0,24976.0,192.0,pedestrian_1-1-pt_2424,WiFi,5720.0,0.033566433566433566
pedestrian_1-1-pt_2425_W_9MSHJ,21119.0,21434.0,316.0,pedestrian_1-1-pt_2425,WiFi,6264.0,0.05044699872286079
pedestrian_1-1-pt_2431_W_1T4H9,20738.0,21151.0,414.0,pedestrian_1-1-pt_2431,WiFi,6458.0,0.0641065345308145
pedestrian_1-1-pt_2503_W_1RCKG,21820.0,21977.0,158.0,pedestrian_1-1-pt_2503,WiFi,5459.0,0.028943029858948525
pedestrian_1-1-pt_2529_W_2PIHS,20440.0,20692.0,253.0,pedestrian_1-1-pt_2529,WiFi,6637.0,0.03811963236401989
pedestrian_1-1-pt_255_W_7CRE3,18133.0,18545.0,413.0,pedestrian_1-1-pt_255,WiFi,7122.0,0.057989328840213426
pedestrian_1-1-pt_2606_W_85Z8Y,25044.0,25200.0,157.0,pedestrian_1-1-pt_2606,WiFi,6687.0,0.02347839090773142
pedestrian_1-1-pt_2718_W_KUFKS,19449.0,19881.0,433.0,pedestrian_1-1-pt_2718,WiFi,6006.0,0.0720945720945721
pedestrian_1-1-pt_2770_W_HQJA6,24252.0,24474.0,223.0,pedestrian_1-1-pt_2770,WiFi,7127.0,0.03128946260698751
pedestrian_1-1-pt_2808_W_IBJWJ,24972.0,25200.0,229.0,pedestrian_1-1-pt_2808,WiFi,5418.0,0.04226651901070506
pedestrian_1-1-pt_2820_W_VU9OI,22392.0,22661.0,270.0,pedestrian_1-1-pt_2820,WiFi,6484.0,0.04164096236890808
pedestrian_1-1-pt_2834_W_BK339,20816.0,21048.0,233.0,pedestrian_1-1-pt_2834,WiFi,6107.0,0.038152939250040936
pedestrian_1-1-pt_2844_W_8TRJL,23451.0,23773.0,323.0,pedestrian_1-1-pt_2844,WiFi,6829.0,0.047298286718406794
pedestrian_1-1-pt_2863_W_0Z81J,20016.0,20374.0,359.0,pedestrian_1-1-pt_2863,WiFi,6429.0,0.055840721729662465
pedestrian_1-1-pt_2880_W_3S33Z,23198.0,23459.0,262.0,pedestrian_1-1-pt_2880,WiFi,5898.0,0.04442183791115632
pedestrian_1-1-pt_2920_W_6M3PP,24852.0,25200.0,349.0,pedestrian_1-1-pt_2920,WiFi,6124.0,0.0569888961463096
pedestrian_1-1-pt_2952_W_I0LH8,24567.0,24839.0,273.0,pedestrian_1-1-pt_2952,WiFi,5567.0,0.04903897970181426
pedestrian_1-1-pt_2961_W_3G6DX,23848.0,24032.0,185.0,pedestrian_1-1-pt_2961,WiFi,6086.0,0.030397633913900757
pedestrian_1-1-pt_297_W_S8CME,22871.0,23031.0,161.0,pedestrian_1-1-pt_297,WiFi,6055.0,0.026589595375722544
pedestrian_1-1-pt_3067_W_Y03AT,22404.0,22901.0,498.0,pedestrian_1-1-pt_3067,WiFi,5913.0,0.08422120750887874
pedestrian_1-1-pt_3097_W_RWRXO,23858.0,24054.0,197.0,pedestrian_1-1-pt_3097,WiFi,6173.0,0.0319131702575733
pedestrian_1-1-pt_3176_W_1ON3N,22081.0,22325.0,245.0,pedestrian_1-1-pt_3176,WiFi,5712.0,0.0428921568627451
pedestrian_1-1-pt_3207_W_AVNQ4,22548.0,22779.0,232.0,pedestrian_1-1-pt_3207,WiFi,5882.0,0.03944236654199252
pedestrian_1-1-pt_3230_W_EO45N,20938.0,21079.0,142.0,pedestrian_1-1-pt_3230,WiFi,5943.0,0.023893656402490325
pedestrian_1-1-pt_3275_W_JDWWJ,21423.0,21589.0,167.0,pedestrian_1-1-pt_3275,WiFi,6470.0,0.02581143740340031
pedestrian_1-1-pt_3353_W_S8MUQ,21478.0,21631.0,154.0,pedestrian_1-1-pt_3353,WiFi,5621.0,0.0273972602739726
pedestrian_1-1-pt_3386_W_2CES3,21755.0,22118.0,364.0,pedestrian_1-1-pt_3386,WiFi,5632.0,0.06463068181818182
pedestrian_1-1-pt_3409_W_Y3X17,23097.0,23338.0,242.0,pedestrian_1-1-pt_3409,WiFi,5743.0,0.04213825526728191
pedestrian_1-1-pt_3489_W_34BXP,24167.0,24465.0,299.0,pedestrian_1-1-pt_3489,WiFi,6495.0,0.04603541185527329
pedestrian_1-1-pt_3512_W_N24WZ,22285.0,22500.0,216.0,pedestrian_1-1-pt_3512,WiFi,5421.0,0.03984504703929164
pedestrian_1-1-pt_3571_W_ZVXY0,24964.0,25200.0,237.0,pedestrian_1-1-pt_3571,WiFi,5912.0,0.04008795669824087
pedestrian_1-1-pt_3595_W_LND7K,19955.0,20277.0,323.0,pedestrian_1-1-pt_3595,WiFi,5921.0,0.05455159601418679
pedestrian_1-1-pt_3624_W_FIOXT,22288.0,22610.0,323.0,pedestrian_1-1-pt_3624,WiFi,5861.0,0.05511004947961099
pedestrian_1-1-pt_3629_W_C71WG,18123.0,18886.0,764.0,pedestrian_1-1-pt_3629,WiFi,7078.0,0.10794009607233682
pedestrian_1-1-pt_3671_W_1R3A4,23665.0,23826.0,162.0,pedestrian_1-1-pt_3671,WiFi,6243.0,0.025949062950504566
pedestrian_1-1-pt_3769_W_2EEUC,19057.0,19391.0,335.0,pedestrian_1-1-pt_3769,WiFi,6686.0,0.05010469638049656
pedestrian_1-1-pt_3800_W_NYS3S,19727.0,19899.0,173.0,pedestrian_1-1-pt_3800,WiFi,5474.0,0.031603945926196565
pedestrian_1-1-pt_3858_W_6QWSL,24056.0,24234.0,179.0,pedestrian_1-1-pt_3858,WiFi,6728.0,0.02660523186682521
pedestrian_1-1-pt_3916_W_WWHO2,24937.0,25084.0,148.0,pedestrian_1-1-pt_3916,WiFi,5504.0,0.02688953488372093
pedestrian_1-1-pt_3927_W_6NKNX,20680.0,20919.0,240.0,pedestrian_1-1-pt_3927,WiFi,6679.0,0.03593352298248241
pedestrian_1-1-pt_3931_W_C6YM6,24979.0,25200.0,222.0,pedestrian_1-1-pt_3931,WiFi,5378.0,0.04127928597991819
pedestrian_1-1-pt_394_W_P7M87,22075.0,22207.0,133.0,pedestrian_1-1-pt_394,WiFi,5831.0,0.022809123649459785
pedestrian_1-1-pt_4262_W_LNBM8,24954.0,25200.0,247.0,pedestrian_1-1-pt_4262,WiFi,6777.0,0.03644680537110816
pedestrian_1-1-pt_4380_W_UEM7O,20905.0,21077.0,173.0,pedestrian_1-1-pt_4380,WiFi,5550.0,0.031171171171171172
pedestrian_1-1-pt_4541_W_WGJYU,21549.0,21684.0,136.0,pedestrian_1-1-pt_4541,WiFi,5793.0,0.023476609701363716
pedestrian_1-1-pt_4595_W_TTV84,20176.0,20419.0,244.0,pedestrian_1-1-pt_4595,WiFi,5624.0,0.04338549075391181
pedestrian_1-1-pt_4645_W_AG0W3,19304.0,19582.0,279.0,pedestrian_1-1-pt_4645,WiFi,6155.0,0.04532900081234768
pedestrian_1-1-pt_4671_W_18BLK,23082.0,23352.0,271.0,pedestrian_1-1-pt_4671,WiFi,6848.0,0.039573598130841124
pedestrian_1-1-pt_4715_W_BHSHP,24008.0,25050.0,1043.0,pedestrian_1-1-pt_4715,WiFi,6476.0,0.16105620753551575
pedestrian_1-1-pt_4736_W_3QPT6,19536.0,19760.0,225.0,pedestrian_1-1-pt_4736,WiFi,6324.0,0.03557874762808349
pedestrian_1-1-pt_4785_W_K4XJO,19331.0,19627.0,297.0,pedestrian_1-1-pt_4785,WiFi,5870.0,0.05059625212947189
pedestrian_1-1-pt_4875_W_K21UN,22552.0,22922.0,371.0,pedestrian_1-1-pt_4875,WiFi,6465.0,0.057385924207269914
pedestrian_1-1-pt_4879_W_R23D4,19079.0,19253.0,175.0,pedestrian_1-1-pt_4879,WiFi,6641.0,0.02635145309441349
pedestrian_1-1-pt_4901_W_3XJ2M,20517.0,20690.0,174.0,pedestrian_1-1-pt_4901,WiFi,5436.0,0.03200883002207505
pedestrian_1-1-pt_4919_W_0PNFM,21128.0,21346.0,219.0,pedestrian_1-1-pt_4919,WiFi,5432.0,0.040316642120765835
pedestrian_1-1-pt_494_W_KBLM4,19689.0,19899.0,211.0,pedestrian_1-1-pt_494,WiFi,6748.0,0.03126852400711322
pedestrian_1-1-pt_4966_W_S7QM0,23103.0,23415.0,313.0,pedestrian_1-1-pt_4966,WiFi,6016.0,0.0520279255319149
pedestrian_1-1-pt_498_W_FRTNH,21553.0,22050.0,498.0,pedestrian_1-1-pt_498,WiFi,5446.0,0.09144326110907088
pedestrian_1-1-pt_4996_W_92SIZ,19458.0,19634.0,177.0,pedestrian_1-1-pt_4996,WiFi,6860.0,0.025801749271137025
pedestrian_1-1-pt_5078_W_059F1,22769.0,23064.0,296.0,pedestrian_1-1-pt_5078,WiFi,7162.0,0.04132923764311645
pedestrian_1-1-pt_5115_W_ZNI68,22400.0,22941.0,542.0,pedestrian_1-1-pt_5115,WiFi,6515.0,0.08319263238679969
pedestrian_1-1-pt_5139_W_YGUZT,22383.0,22836.0,454.0,pedestrian_1-1-pt_5139,WiFi,7125.0,0.06371929824561404
pedestrian_1-1-pt_5167_W_N7CCT,21510.0,21755.0,246.0,pedestrian_1-1-pt_5167,WiFi,7055.0,0.034868887313961726
pedestrian_1-1-pt_5193_W_97HOR,19301.0,19641.0,341.0,pedestrian_1-1-pt_5193,WiFi,6293.0,0.054187192118226604
pedestrian_1-1-pt_5199_W_64PDE,18842.0,19196.0,355.0,pedestrian_1-1-pt_5199,WiFi,6359.0,0.0558263877968234
pedestrian_1-1-pt_521_W_9RGWY,20748.0,20964.0,217.0,pedestrian_1-1-pt_521,WiFi,6656.0,0.032602163461538464
pedestrian_1-1-pt_5241_W_BZYDG,21323.0,21582.0,260.0,pedestrian_1-1-pt_5241,WiFi,6257.0,0.04155346012466038
pedestrian_1-1-pt_5258_W_QJRYL,24708.0,24949.0,242.0,pedestrian_1-1-pt_5258,WiFi,6796.0,0.03560918187168923
pedestrian_1-1-pt_527_W_825RK,20973.0,21181.0,209.0,pedestrian_1-1-pt_527,WiFi,6069.0,0.034437304333498106
pedestrian_1-1-pt_5275_W_VN2ZE,21991.0,22388.0,398.0,pedestrian_1-1-pt_5275,WiFi,6382.0,0.062362895643998745
pedestrian_1-1-pt_5298_W_DP30M,23071.0,23622.0,552.0,pedestrian_1-1-pt_5298,WiFi,5573.0,0.09904898618338417
pedestrian_1-1-pt_530_W_NXEWX,24418.0,24562.0,145.0,pedestrian_1-1-pt_530,WiFi,7080.0,0.020480225988700564
pedestrian_1-1-pt_5324_W_5OGBX,24754.0,25121.0,368.0,pedestrian_1-1-pt_5324,WiFi,5831.0,0.06311095866918195
pedestrian_1-1-pt_5357_W_UWC5I,23076.0,23244.0,169.0,pedestrian_1-1-pt_5357,WiFi,6555.0,0.02578184591914569
pedestrian_1-1-pt_5392_W_94QG0,21184.0,21493.0,310.0,pedestrian_1-1-pt_5392,WiFi,6937.0,0.04468790543462592
pedestrian_1-1-pt_5481_W_M6LD4,20330.0,20572.0,243.0,pedestrian_1-1-pt_5481,WiFi,5875.0,0.04136170212765958
pedestrian_1-1-pt_560_W_86RCI,21328.0,21588.0,261.0,pedestrian_1-1-pt_560,WiFi,6756.0,0.038632326820603906
pedestrian_1-1-pt_5666_W_SNB6B,22740.0,22968.0,229.0,pedestrian_1-1-pt_5666,WiFi,6142.0,0.03728427222403126
pedestrian_1-1-pt_571_W_QGE8X,23084.0,23394.0,311.0,pedestrian_1-1-pt_571,WiFi,5967.0,0.052119993296463885
pedestrian_1-1-pt_5897_W_GHC2T,21833.0,22060.0,228.0,pedestrian_1-1-pt_5897,WiFi,6252.0,0.036468330134357005
pedestrian_1-1-pt_5906_W_CU3I5,21995.0,22118.0,124.0,pedestrian_1-1-pt_5906,WiFi,5741.0,0.021599024560181153
pedestrian_1-1-pt_5913_W_XV5VW,20031.0,20171.0,141.0,pedestrian_1-1-pt_5913,WiFi,5514.0,0.025571273122959738
pedestrian_1-1-pt_5942_W_EDPX9,23576.0,23805.0,230.0,pedestrian_1-1-pt_5942,WiFi,5385.0,0.04271123491179202
pedestrian_1-1-pt_5997_W_U6CAV,23505.0,23680.0,176.0,pedestrian_1-1-pt_5997,WiFi,5988.0,0.029392117568470273
pedestrian_1-1-pt_5999_W_LZOKZ,21353.0,21684.0,332.0,pedestrian_1-1-pt_5999,WiFi,5726.0,0.057981138665735246
pedestrian_1-1-pt_6031_W_GH9NN,19008.0,19227.0,220.0,pedestrian_1-1-pt_6031,WiFi,6793.0,0.03238627999411159
pedestrian_1-1-pt_6176_W_R6WRT,23220.0,23385.0,166.0,pedestrian_1-1-pt_6176,WiFi,6381.0,0.026014731233349006
pedestrian_1-1-pt_6273_W_25J6U,23557.0,23758.0,202.0,pedestrian_1-1-pt_6273,WiFi,5933.0,0.03404685656497556
pedestrian_1-1-pt_6292_W_P2K02,22901.0,23123.0,223.0,pedestrian_1-1-pt_6292,WiFi,6282.0,0.03549824896529768
pedestrian_1-1-pt_6297_W_1U0EO,18634.0,19120.0,487.0,pedestrian_1-1-pt_6297,WiFi,6567.0,0.0741586721486219
pedestrian_1-1-pt_6309_W_0K8D7,23209.0,23503.0,295.0,pedestrian_1-1-pt_6309,WiFi,6820.0,0.04325513196480939
pedestrian_1-1-pt_6355_W_W0E3Q,19395.0,19576.0,182.0,pedestrian_1-1-pt_6355,WiFi,7060.0,0.025779036827195467
pedestrian_1-1-pt_6358_W_99OC2,19058.0,19313.0,256.0,pedestrian_1-1-pt_6358,WiFi,6143.0,0.04167344945466384
pedestrian_1-1-pt_6368_W_SILSG,22224.0,22469.0,246.0,pedestrian_1-1-pt_6368,WiFi,6525.0,0.03770114942528736
pedestrian_1-1-pt_6381_W_PM3W4,24249.0,24435.0,187.0,pedestrian_1-1-pt_6381,WiFi,6181.0,0.03025400420643909
pedestrian_1-1-pt_6389_W_QWMZS,21140.0,21416.0,277.0,pedestrian_1-1-pt_6389,WiFi,5520.0,0.050181159420289854
pedestrian_1-1-pt_6413_W_PLOFB,19164.0,19484.0,321.0,pedestrian_1-1-pt_6413,WiFi,6037.0,0.053172105350339574
pedestrian_1-1-pt_6453_W_GSSKX,20658.0,20865.0,208.0,pedestrian_1-1-pt_6453,WiFi,5976.0,0.03480589022757698
pedestrian_1-1-pt_6516_W_G9Z2W,25015.0,25200.0,186.0,pedestrian_1-1-pt_6516,WiFi,6210.0,0.02995169082125604
pedestrian_1-1-pt_6538_W_OB07R,21890.0,22098.0,209.0,pedestrian_1-1-pt_6538,WiFi,6300.0,0.033174603174603176
pedestrian_1-1-pt_654_W_2QSK3,20030.0,20269.0,240.0,pedestrian_1-1-pt_654,WiFi,5592.0,0.04291845493562232
pedestrian_1-1-pt_6673_W_9FATG,20265.0,20476.0,212.0,pedestrian_1-1-pt_6673,WiFi,6768.0,0.031323877068557916
pedestrian_1-1-pt_6743_W_GSR5Y,22262.0,22405.0,144.0,pedestrian_1-1-pt_6743,WiFi,6360.0,0.022641509433962263
pedestrian_1-1-pt_6779_W_UNJAS,18710.0,19013.0,304.0,pedestrian_1-1-pt_6779,WiFi,6538.0,0.04649739981645763
pedestrian_1-1-pt_6931_W_Q34XZ,18695.0,18878.0,184.0,pedestrian_1-1-pt_6931,WiFi,6836.0,0.026916325336454067
pedestrian_1-1-pt_6974_W_HEB87,22384.0,22584.0,201.0,pedestrian_1-1-pt_6974,WiFi,6531.0,0.030776297657326597
pedestrian_1-1-pt_7040_W_FIWYL,22753.0,23126.0,374.0,pedestrian_1-1-pt_7040,WiFi,7007.0,0.05337519623233909
pedestrian_1-1-pt_7080_W_RI6LR,22103.0,22257.0,155.0,pedestrian_1-1-pt_7080,WiFi,5813.0,0.026664372957164974
pedestrian_1-1-pt_7104_W_2LYWT,24249.0,24433.0,185.0,pedestrian_1-1-pt_7104,WiFi,5929.0,0.031202563670096137
pedestrian_1-1-pt_7123_W_K9NJQ,19587.0,19895.0,309.0,pedestrian_1-1-pt_7123,WiFi,7004.0,0.04411764705882353
pedestrian_1-1-pt_7142_W_V15SI,21036.0,21240.0,205.0,pedestrian_1-1-pt_7142,WiFi,6394.0,0.03206130747575853
pedestrian_1-1-pt_7208_W_6AV3I,21588.0,21815.0,228.0,pedestrian_1-1-pt_7208,WiFi,5511.0,0.04137180185084377
pedestrian_1-1-pt_725_W_HY4KO,20561.0,20773.0,213.0,pedestrian_1-1-pt_725,WiFi,5500.0,0.03872727272727273
pedestrian_1-1-pt_7277_W_MCSJ6,24574.0,24961.0,388.0,pedestrian_1-1-pt_7277,WiFi,5531.0,0.07015006327969625
pedestrian_1-1-pt_7325_W_G7NIL,21198.0,21464.0,267.0,pedestrian_1-1-pt_7325,WiFi,5555.0,0.048064806480648065
pedestrian_1-1-pt_7440_W_ZUY0Y,18251.0,18590.0,340.0,pedestrian_1-1-pt_7440,WiFi,6984.0,0.04868270332187858
pedestrian_1-1-pt_7573_W_BLRSQ,23852.0,24105.0,254.0,pedestrian_1-1-pt_7573,WiFi,5703.0,0.04453796247588988
pedestrian_1-1-pt_761_W_QZAU8,19559.0,19802.0,244.0,pedestrian_1-1-pt_761,WiFi,5770.0,0.04228769497400347
pedestrian_1-1-pt_7664_W_Y08GT,20795.0,21101.0,307.0,pedestrian_1-1-pt_7664,WiFi,6652.0,0.046151533373421524
pedestrian_1-1-pt_7732_W_JNNMW,23112.0,23624.0,513.0,pedestrian_1-1-pt_7732,WiFi,5704.0,0.08993688639551192
pedestrian_1-1-pt_776_W_SVFG8,23478.0,23753.0,276.0,pedestrian_1-1-pt_776,WiFi,6782.0,0.04069595989383663
pedestrian_1-1-pt_7760_W_I3F31,19959.0,20115.0,157.0,pedestrian_1-1-pt_7760,WiFi,6481.0,0.024224656688782594
pedestrian_1-1-pt_7763_W_HFF7P,20181.0,20385.0,205.0,pedestrian_1-1-pt_7763,WiFi,6435.0,0.031857031857031856
pedestrian_1-1-pt_7863_W_1GNLX,19241.0,19429.0,189.0,pedestrian_1-1-pt_7863,WiFi,5960.0,0.03171140939597315
pedestrian_1-1-pt_7915_W_SCZSI,23899.0,24184.0,286.0,pedestrian_1-1-pt_7915,WiFi,7007.0,0.04081632653061224
pedestrian_1-1-pt_7938_W_IVFIL,20787.0,21149.0,363.0,pedestrian_1-1-pt_7938,WiFi,5768.0,0.06293342579750347
pedestrian_1-1-pt_7948_W_TTQB0,23246.0,23779.0,534.0,pedestrian_1-1-pt_7948,WiFi,5563.0,0.09599137156210678
pedestrian_1-1-pt_7959_W_HTTF0,21561.0,21700.0,140.0,pedestrian_1-1-pt_7959,WiFi,5894.0,0.023752969121140142
pedestrian_1-1-pt_8068_W_ZMCKN,19795.0,20019.0,225.0,pedestrian_1-1-pt_8068,WiFi,6233.0,0.03609818706882721
pedestrian_1-1-pt_8085_W_A4X1K,22488.0,22610.0,123.0,pedestrian_1-1-pt_8085,WiFi,5972.0,0.020596115204286673
pedestrian_1-1-pt_8137_W_KH7ZN,23995.0,24203.0,209.0,pedestrian_1-1-pt_8137,WiFi,5526.0,0.03782120883098082
pedestrian_1-1-pt_8184_W_4TLAS,23819.0,23975.0,157.0,pedestrian_1-1-pt_8184,WiFi,6506.0,0.024131570857669843
pedestrian_1-1-pt_8247_W_0SDSB,19837.0,19997.0,161.0,pedestrian_1-1-pt_8247,WiFi,5882.0,0.02737164229853791
pedestrian_1-1-pt_8280_W_BM42N,20336.0,20613.0,278.0,pedestrian_1-1-pt_8280,WiFi,6185.0,0.04494745351657235
pedestrian_1-1-pt_8289_W_PC6Z2,19568.0,19829.0,262.0,pedestrian_1-1-pt_8289,WiFi,7155.0,0.036617749825296995
pedestrian_1-1-pt_841_W_FS6YY,19836.0,20139.0,304.0,pedestrian_1-1-pt_841,WiFi,6978.0,0.043565491544855256
pedestrian_1-1-pt_8545_W_KKFR2,20705.0,20928.0,224.0,pedestrian_1-1-pt_8545,WiFi,6923.0,0.032355915065722954
pedestrian_1-1-pt_8611_W_6NS8T,20415.0,20657.0,243.0,pedestrian_1-1-pt_8611,WiFi,6238.0,0.038954793202949665
pedestrian_1-1-pt_8682_W_YVG8D,24387.0,24606.0,220.0,pedestrian_1-1-pt_8682,WiFi,6024.0,0.03652058432934927
pedestrian_1-1-pt_8692_W_WGD0F,20723.0,20896.0,174.0,pedestrian_1-1-pt_8692,WiFi,6684.0,0.026032315978456014
pedestrian_1-1-pt_8728_W_9L0QC,24436.0,24680.0,245.0,pedestrian_1-1-pt_8728,WiFi,5814.0,0.04213966288269694
pedestrian_1-1-pt_8735_W_U2EK2,24009.0,24177.0,169.0,pedestrian_1-1-pt_8735,WiFi,5896.0,0.028663500678426053
pedestrian_1-1-pt_8739_W_R4294,24670.0,24971.0,302.0,pedestrian_1-1-pt_8739,WiFi,5576.0,0.05416068866571019
pedestrian_1-1-pt_8762_W_3PJG9,20664.0,20876.0,213.0,pedestrian_1-1-pt_8762,WiFi,6386.0,0.03335421233949264
pedestrian_1-1-pt_8830_W_1QG9Y,22184.0,22290.0,107.0,pedestrian_1-1-pt_8830,WiFi,5373.0,0.019914386748557604
pedestrian_1-1-pt_8968_W_WNIM4,24003.0,24388.0,386.0,pedestrian_1-1-pt_8968,WiFi,6159.0,0.06267251177139146
pedestrian_1-1-pt_8969_W_XYTA2,24903.0,25149.0,247.0,pedestrian_1-1-pt_8969,WiFi,5637.0,0.043817633492992725
pedestrian_1-1-pt_8982_W_AAUC5,18249.0,18617.0,369.0,pedestrian_1-1-pt_8982,WiFi,6952.0,0.05307825086306099
pedestrian_1-1-pt_977_W_K3HSD,18660.0,19048.0,389.0,pedestrian_1-1-pt_977,WiFi,6579.0,0.05912752697978416
pedestrian_1-1-pt_98_W_7EFEZ,24973.0,25200.0,228.0,pedestrian_1-1-pt_98,WiFi,6077.0,0.03751851242389337
pedestrian_1-1-veh_105_W_YWZJQ,23916.0,24185.0,270.0,pedestrian_1-1-veh_105,WiFi,7196.0,0.03752084491384102
pedestrian_1-1-veh_152_W_XFEEU,21998.0,22137.0,140.0,pedestrian_1-1-veh_152,WiFi,6257.0,0.02237494006712482
pedestrian_1-1-veh_234_W_J471B,21703.0,21921.0,219.0,pedestrian_1-1-veh_234,WiFi,6799.0,0.032210619208707165
pedestrian_1-1-veh_246_W_4H3XS,24077.0,24271.0,195.0,pedestrian_1-1-veh_246,WiFi,6398.0,0.03047827446076899
pedestrian_1-1-veh_298_W_KPPCH,22641.0,23073.0,433.0,pedestrian_1-1-veh_298,WiFi,5630.0,0.07690941385435168
pedestrian_1-1-veh_407_W_FGWAS,19140.0,19429.0,290.0,pedestrian_1-1-veh_407,WiFi,6288.0,0.04611959287531807
pedestrian_1-1-veh_459_W_GNG12,21285.0,21442.0,158.0,pedestrian_1-1-veh_459,WiFi,6678.0,0.02365977837675951
pedestrian_1-1-veh_5_W_F04PB,24537.0,24681.0,145.0,pedestrian_1-1-veh_5,WiFi,5507.0,0.026330125295078992
pedestrian_1-1-veh_530_W_JO5BZ,21259.0,21621.0,363.0,pedestrian_1-1-veh_530,WiFi,5410.0,0.06709796672828096
pedestrian_1-1-veh_602_W_ZLNN3,21714.0,22051.0,338.0,pedestrian_1-1-veh_602,WiFi,6500.0,0.052
pedestrian_1-1-veh_603_W_Y27KK,23308.0,23587.0,280.0,pedestrian_1-1-veh_603,WiFi,5455.0,0.051329055912007336
pedestrian_1-1-veh_608_W_45ZU3,23614.0,23993.0,380.0,pedestrian_1-1-veh_608,WiFi,6070.0,0.06260296540362438
pedestrian_1-1-veh_610_W_FPVQT,23475.0,23768.0,294.0,pedestrian_1-1-veh_610,WiFi,5536.0,0.05310693641618497
pedestrian_1-1-veh_65_W_463SD,18656.0,18908.0,253.0,pedestrian_1-1-veh_65,WiFi,6733.0,0.037576117629585626
pedestrian_1-1-veh_767_W_B1H0Y,18598.0,18830.0,233.0,pedestrian_1-1-veh_767,WiFi,6894.0,0.03379750507687845
pedestrian_1-1-veh_792_W_ULHCK,23463.0,23681.0,219.0,pedestrian_1-1-veh_792,WiFi,5609.0,0.03904439293991799
pedestrian_1-1-veh_824_W_UUNX0,21310.0,22020.0,711.0,pedestrian_1-1-veh_824,WiFi,6130.0,0.11598694942903752
pedestrian_1-1-veh_834_W_RV20X,23208.0,23437.0,230.0,pedestrian_1-1-veh_834,WiFi,5735.0,0.04010462074978204
pedestrian_1-1-veh_837_W_ZZGPS,21776.0,21967.0,192.0,pedestrian_1-1-veh_837,WiFi,5740.0,0.033449477351916376
pedestrian_1-2_1017_W_PNZAQ,24372.0,24643.0,272.0,pedestrian_1-2_1017,WiFi,5594.0,0.0486235252055774
pedestrian_1-2_1025_W_RMYY4,20317.0,20516.0,200.0,pedestrian_1-2_1025,WiFi,6139.0,0.03257859586251832
pedestrian_1-2_104_W_V5040,20206.0,20619.0,414.0,pedestrian_1-2_104,WiFi,7031.0,0.05888209358554971
pedestrian_1-2_1063_W_1D7A8,20950.0,21257.0,308.0,pedestrian_1-2_1063,WiFi,6656.0,0.046274038461538464
pedestrian_1-2_1066_W_V4LIW,20150.0,20408.0,259.0,pedestrian_1-2_1066,WiFi,6843.0,0.03784889668274149
pedestrian_1-2_1203_W_ZC4PB,24600.0,24834.0,235.0,pedestrian_1-2_1203,WiFi,5688.0,0.04131504922644163
pedestrian_1-2_1219_W_ASBR4,23667.0,23951.0,285.0,pedestrian_1-2_1219,WiFi,5938.0,0.04799595823509599
pedestrian_1-2_1255_W_4N5C3,18584.0,18893.0,310.0,pedestrian_1-2_1255,WiFi,6617.0,0.04684902523802327
pedestrian_1-2_1265_W_VUN1P,21985.0,22433.0,449.0,pedestrian_1-2_1265,WiFi,5630.0,0.07975133214920072
pedestrian_1-2_1285_W_2OQSN,18139.0,18539.0,401.0,pedestrian_1-2_1285,WiFi,7062.0,0.0567827810818465
pedestrian_1-2_1313_W_1EFQA,24688.0,24901.0,214.0,pedestrian_1-2_1313,WiFi,7097.0,0.030153586022262927
pedestrian_1-2_1420_W_SB79Z,24672.0,24974.0,303.0,pedestrian_1-2_1420,WiFi,6363.0,0.047619047619047616
pedestrian_1-2_149_W_JYAHX,23294.0,23552.0,259.0,pedestrian_1-2_149,WiFi,5388.0,0.048069784706755755
pedestrian_1-2_1494_W_M6BZQ,22081.0,22605.0,525.0,pedestrian_1-2_1494,WiFi,6499.0,0.08078165871672564
pedestrian_1-2_1533_W_7GDIP,20884.0,21245.0,362.0,pedestrian_1-2_1533,WiFi,6275.0,0.05768924302788845
pedestrian_1-2_1559_W_RM1UV,21425.0,21660.0,236.0,pedestrian_1-2_1559,WiFi,7108.0,0.033202025886325266
pedestrian_1-2_1596_W_CPPJJ,19209.0,19415.0,207.0,pedestrian_1-2_1596,WiFi,5995.0,0.03452877397831526
pedestrian_1-2_1600_W_PMB89,23052.0,23244.0,193.0,pedestrian_1-2_1600,WiFi,6859.0,0.028138212567429655
pedestrian_1-2_1612_W_TENJ5,18166.0,18496.0,331.0,pedestrian_1-2_1612,WiFi,7035.0,0.04705046197583511
pedestrian_1-2_163_W_BHNCN,22092.0,22384.0,293.0,pedestrian_1-2_163,WiFi,6738.0,0.04348471356485604
pedestrian_1-2_1640_W_UJWY0,21135.0,21298.0,164.0,pedestrian_1-2_1640,WiFi,6722.0,0.024397500743826243
pedestrian_1-2_1658_W_NOURE,23897.0,24149.0,253.0,pedestrian_1-2_1658,WiFi,6216.0,0.0407014157014157
pedestrian_1-2_168_W_531YF,22687.0,23309.0,623.0,pedestrian_1-2_168,WiFi,6497.0,0.0958904109589041
pedestrian_1-2_171_W_H9X48,23759.0,24100.0,342.0,pedestrian_1-2_171,WiFi,5485.0,0.062351868732907934
pedestrian_1-2_1715_W_OH8UO,23580.0,24058.0,479.0,pedestrian_1-2_1715,WiFi,6609.0,0.07247692540475109
pedestrian_1-2_1805_W_04877,19838.0,20173.0,336.0,pedestrian_1-2_1805,WiFi,6105.0,0.055036855036855035
pedestrian_1-2_1948_W_IPE5L,20521.0,20972.0,452.0,pedestrian_1-2_1948,WiFi,6555.0,0.06895499618611747
pedestrian_1-2_1953_W_WNJWQ,20804.0,21088.0,285.0,pedestrian_1-2_1953,WiFi,6322.0,0.04508067067383739
pedestrian_1-2_1990_W_ODNID,18155.0,18418.0,264.0,pedestrian_1-2_1990,WiFi,7199.0,0.03667175996666203
pedestrian_1-2_2030_W_8MH8U,24013.0,24298.0,286.0,pedestrian_1-2_2030,WiFi,6734.0,0.04247104247104247
pedestrian_1-2_2034_W_39WYZ,21451.0,21608.0,158.0,pedestrian_1-2_2034,WiFi,5960.0,0.026510067114093958
pedestrian_1-2_2061_W_70U0T,23964.0,24220.0,257.0,pedestrian_1-2_2061,WiFi,6199.0,0.04145829972576222
pedestrian_1-2_2180_W_7OA8K,24394.0,25200.0,807.0,pedestrian_1-2_2180,WiFi,7026.0,0.11485909479077712
pedestrian_1-2_2183_W_OFUOM,18276.0,18772.0,497.0,pedestrian_1-2_2183,WiFi,6926.0,0.0717585908172105
pedestrian_1-2_2215_W_82UVO,23305.0,23482.0,178.0,pedestrian_1-2_2215,WiFi,5539.0,0.03213576457844376
pedestrian_1-2_2229_W_R3VEN,19696.0,19837.0,142.0,pedestrian_1-2_2229,WiFi,6762.0,0.020999704229517895
pedestrian_1-2_2237_W_14RFB,23031.0,23168.0,138.0,pedestrian_1-2_2237,WiFi,6682.0,0.02065249925172104
pedestrian_1-2_2287_W_5I321,18496.0,18951.0,456.0,pedestrian_1-2_2287,WiFi,7050.0,0.06468085106382979
pedestrian_1-2_2335_W_WLYRJ,19163.0,19368.0,206.0,pedestrian_1-2_2335,WiFi,6121.0,0.03365463159614442
pedestrian_1-2_2338_W_ZEBEJ,22885.0,23045.0,161.0,pedestrian_1-2_2338,WiFi,5498.0,0.029283375773008366
pedestrian_1-2_2345_W_BYA69,20981.0,21165.0,185.0,pedestrian_1-2_2345,WiFi,5395.0,0.03429101019462465
pedestrian_1-2_2422_W_WLY6M,24885.0,25145.0,261.0,pedestrian_1-2_2422,WiFi,6365.0,0.04100549882168107
pedestrian_1-2_2473_W_19E2Q,24350.0,24550.0,201.0,pedestrian_1-2_2473,WiFi,5816.0,0.03455983493810179
pedestrian_1-2_250_W_UMQ2X,20640.0,20857.0,218.0,pedestrian_1-2_250,WiFi,5782.0,0.03770321687997233
pedestrian_1-2_2512_W_RCUMV,18254.0,18443.0,190.0,pedestrian_1-2_2512,WiFi,6947.0,0.027349935223837628
pedestrian_1-2_2543_W_YDR14,24467.0,24684.0,218.0,pedestrian_1-2_2543,WiFi,5759.0,0.03785379406146901
pedestrian_1-2_2554_W_OG3HT,22894.0,23125.0,232.0,pedestrian_1-2_2554,WiFi,6340.0,0.03659305993690852
pedestrian_1-2_2564_W_Y18N2,24120.0,24321.0,202.0,pedestrian_1-2_2564,WiFi,6935.0,0.02912761355443403
pedestrian_1-2_2580_W_V8PSQ,18879.0,19038.0,160.0,pedestrian_1-2_2580,WiFi,7070.0,0.02263083451202263
pedestrian_1-2_2598_W_IEFY3,21480.0,21618.0,139.0,pedestrian_1-2_2598,WiFi,6473.0,0.021473814305577012
pedestrian_1-2_2613_W_IX1AA,19011.0,19172.0,162.0,pedestrian_1-2_2613,WiFi,6190.0,0.02617124394184168
pedestrian_1-2_263_W_PZNSB,24225.0,24888.0,664.0,pedestrian_1-2_263,WiFi,5721.0,0.1160636252403426
pedestrian_1-2_2653_W_P8LCZ,24097.0,24409.0,313.0,pedestrian_1-2_2653,WiFi,5917.0,0.052898428257562954
pedestrian_1-2_2702_W_JR3XX,23171.0,23410.0,240.0,pedestrian_1-2_2702,WiFi,6084.0,0.03944773175542406
pedestrian_1-2_2715_W_J4K34,23638.0,23951.0,314.0,pedestrian_1-2_2715,WiFi,6045.0,0.05194375516956162
pedestrian_1-2_2795_W_UKBXO,19638.0,19963.0,326.0,pedestrian_1-2_2795,WiFi,5670.0,0.057495590828924165
pedestrian_1-2_2797_W_89ZVO,20801.0,21026.0,226.0,pedestrian_1-2_2797,WiFi,6046.0,0.03738008600727754
pedestrian_1-2_2875_W_ERAK3,23194.0,23398.0,205.0,pedestrian_1-2_2875,WiFi,5673.0,0.03613608320112815
pedestrian_1-2_303_W_FUC8P,22752.0,22939.0,188.0,pedestrian_1-2_303,WiFi,5548.0,0.033886085075702954
pedestrian_1-2_3052_W_2CL2I,20837.0,20996.0,160.0,pedestrian_1-2_3052,WiFi,6365.0,0.02513747054202671
pedestrian_1-2_3077_W_S1RKW,24107.0,24265.0,159.0,pedestrian_1-2_3077,WiFi,6537.0,0.02432308398347866
pedestrian_1-2_3081_W_0X7O6,20993.0,21142.0,150.0,pedestrian_1-2_3081,WiFi,5591.0,0.026828832051511358
pedestrian_1-2_315_W_9LVF4,19446.0,19834.0,389.0,pedestrian_1-2_315,WiFi,6153.0,0.06322119291402568
pedestrian_1-2_3214_W_VKJTF,18154.0,18607.0,454.0,pedestrian_1-2_3214,WiFi,7047.0,0.06442457783453952
pedestrian_1-2_3224_W_4S3JB,22128.0,22423.0,296.0,pedestrian_1-2_3224,WiFi,5736.0,0.05160390516039052
pedestrian_1-2_3280_W_63XJ3,18686.0,18934.0,249.0,pedestrian_1-2_3280,WiFi,6864.0,0.036276223776223776
pedestrian_1-2_3286_W_AGYHL,21574.0,21879.0,306.0,pedestrian_1-2_3286,WiFi,6578.0,0.046518698692611736
pedestrian_1-2_3378_W_H825D,20404.0,20643.0,240.0,pedestrian_1-2_3378,WiFi,5691.0,0.04217185028993147
pedestrian_1-2_3386_W_EJCQA,19300.0,19513.0,214.0,pedestrian_1-2_3386,WiFi,6871.0,0.03114539368359773
pedestrian_1-2_3389_W_2211P,19759.0,20008.0,250.0,pedestrian_1-2_3389,WiFi,5598.0,0.04465880671668453
pedestrian_1-2_3413_W_NYKNC,22189.0,22351.0,163.0,pedestrian_1-2_3413,WiFi,5593.0,0.029143572322546038
pedestrian_1-2_3464_W_7JAQ8,19361.0,19581.0,221.0,pedestrian_1-2_3464,WiFi,6174.0,0.03579527048914804
pedestrian_1-2_3488_W_O6M74,24253.0,24737.0,485.0,pedestrian_1-2_3488,WiFi,7089.0,0.06841585555085343
pedestrian_1-2_3575_W_DPRQD,19467.0,19701.0,235.0,pedestrian_1-2_3575,WiFi,6873.0,0.03419176487705514
pedestrian_1-2_3590_W_C7DIZ,22304.0,22516.0,213.0,pedestrian_1-2_3590,WiFi,6158.0,0.03458915232218253
pedestrian_1-2_3608_W_A2556,18340.0,18852.0,513.0,pedestrian_1-2_3608,WiFi,6988.0,0.07341156267887808
pedestrian_1-2_3692_W_04NCK,24262.0,24548.0,287.0,pedestrian_1-2_3692,WiFi,5961.0,0.04814628418050663
pedestrian_1-2_3693_W_214YC,23244.0,23647.0,404.0,pedestrian_1-2_3693,WiFi,7023.0,0.05752527409938773
pedestrian_1-2_3702_W_38SOE,22877.0,23057.0,181.0,pedestrian_1-2_3702,WiFi,5679.0,0.03187180841697482
pedestrian_1-2_3708_W_CNUOM,23102.0,23507.0,406.0,pedestrian_1-2_3708,WiFi,6144.0,0.06608072916666667
pedestrian_1-2_3716_W_1UL4N,19676.0,19913.0,238.0,pedestrian_1-2_3716,WiFi,5629.0,0.04228104459051341
pedestrian_1-2_3752_W_AS8TF,19752.0,19970.0,219.0,pedestrian_1-2_3752,WiFi,5481.0,0.039956212370005476
pedestrian_1-2_3821_W_9LDPU,21245.0,21437.0,193.0,pedestrian_1-2_3821,WiFi,7142.0,0.027023242789134694
pedestrian_1-2_3835_W_P77FS,21478.0,21799.0,322.0,pedestrian_1-2_3835,WiFi,6603.0,0.04876571255489929
pedestrian_1-2_3879_W_ZK0C2,19640.0,19877.0,238.0,pedestrian_1-2_3879,WiFi,6481.0,0.03672272797407807
pedestrian_1-2_3908_W_DIF74,19055.0,19308.0,254.0,pedestrian_1-2_3908,WiFi,6464.0,0.039294554455445545
pedestrian_1-2_4019_W_3OOKV,22529.0,22689.0,161.0,pedestrian_1-2_4019,WiFi,5373.0,0.02996463800483901
pedestrian_1-2_4065_W_XL9HL,24240.0,24675.0,436.0,pedestrian_1-2_4065,WiFi,6023.0,0.07238917482981903
pedestrian_1-2_4098_W_PT0FZ,21680.0,21850.0,171.0,pedestrian_1-2_4098,WiFi,6284.0,0.027211966900063653
pedestrian_1-2_4206_W_SS8ZP,19490.0,19673.0,184.0,pedestrian_1-2_4206,WiFi,6944.0,0.026497695852534562
pedestrian_1-2_4208_W_GOEKN,19094.0,19396.0,303.0,pedestrian_1-2_4208,WiFi,6604.0,0.04588128407026045
pedestrian_1-2_4249_W_AN5UF,21327.0,21511.0,185.0,pedestrian_1-2_4249,WiFi,5877.0,0.03147864556746639
pedestrian_1-2_4266_W_D0551,20048.0,20257.0,210.0,pedestrian_1-2_4266,WiFi,5854.0,0.0358729074137342
pedestrian_1-2_4270_W_ZES57,24350.0,24799.0,450.0,pedestrian_1-2_4270,WiFi,7037.0,0.06394770498792099
pedestrian_1-2_4285_W_3WOKV,24218.0,24376.0,159.0,pedestrian_1-2_4285,WiFi,5448.0,0.02918502202643172
pedestrian_1-2_4327_W_NOI9C,18203.0,19275.0,1073.0,pedestrian_1-2_4327,WiFi,7115.0,0.15080815179198875
pedestrian_1-2_4329_W_K0IGG,21575.0,21771.0,197.0,pedestrian_1-2_4329,WiFi,5659.0,0.03481180420569005
pedestrian_1-2_4376_W_0S850,18653.0,19325.0,673.0,pedestrian_1-2_4376,WiFi,6613.0,0.10176924240133071
pedestrian_1-2_4388_W_2JLPC,18397.0,19148.0,752.0,pedestrian_1-2_4388,WiFi,6804.0,0.11052322163433274
pedestrian_1-2_4454_W_JMKL0,18694.0,19060.0,367.0,pedestrian_1-2_4454,WiFi,7131.0,0.05146543261814612
pedestrian_1-2_4464_W_LAJTG,23317.0,23688.0,372.0,pedestrian_1-2_4464,WiFi,5418.0,0.06866002214839424
pedestrian_1-2_4483_W_BNZCY,19318.0,19910.0,593.0,pedestrian_1-2_4483,WiFi,6485.0,0.09144178874325366
pedestrian_1-2_4607_W_80C45,24006.0,24221.0,216.0,pedestrian_1-2_4607,WiFi,6110.0,0.0353518821603928
pedestrian_1-2_4609_W_GHX1Q,18126.0,18503.0,378.0,pedestrian_1-2_4609,WiFi,7075.0,0.05342756183745583
pedestrian_1-2_4634_W_SFWJA,18128.0,18549.0,422.0,pedestrian_1-2_4634,WiFi,7076.0,0.059638213680045224
pedestrian_1-2_4715_W_HWK85,24789.0,25080.0,292.0,pedestrian_1-2_4715,WiFi,6720.0,0.04345238095238095
pedestrian_1-2_4724_W_HSUQX,24353.0,24669.0,317.0,pedestrian_1-2_4724,WiFi,5843.0,0.05425295225055622
pedestrian_1-2_4730_W_G951K,20449.0,20759.0,311.0,pedestrian_1-2_4730,WiFi,6432.0,0.04835199004975124
pedestrian_1-2_4734_W_ZT8C7,23796.0,24000.0,205.0,pedestrian_1-2_4734,WiFi,7159.0,0.028635284257577873
pedestrian_1-2_4753_W_298YO,18555.0,18844.0,290.0,pedestrian_1-2_4753,WiFi,6759.0,0.04290575528924397
pedestrian_1-2_4771_W_KNZK4,21216.0,21370.0,155.0,pedestrian_1-2_4771,WiFi,5684.0,0.027269528501055594
pedestrian_1-2_4791_W_9QYVA,24331.0,24819.0,489.0,pedestrian_1-2_4791,WiFi,6628.0,0.07377791188895594
pedestrian_1-2_4853_W_UNX0R,18310.0,18960.0,651.0,pedestrian_1-2_4853,WiFi,6891.0,0.09447104919460166
pedestrian_1-2_4886_W_OZDHK,24333.0,24569.0,237.0,pedestrian_1-2_4886,WiFi,5921.0,0.04002702246242189
pedestrian_1-2_4940_W_916SY,22650.0,22904.0,255.0,pedestrian_1-2_4940,WiFi,6464.0,0.039449257425742575
pedestrian_1-2_4955_W_Y45U6,18551.0,18824.0,274.0,pedestrian_1-2_4955,WiFi,6920.0,0.039595375722543354
pedestrian_1-2_4962_W_JGQSK,20252.0,20532.0,281.0,pedestrian_1-2_4962,WiFi,6155.0,0.045653939886271325
pedestrian_1-2_5020_W_CF5X6,21316.0,21496.0,181.0,pedestrian_1-2_5020,WiFi,6183.0,0.029273815300016173
pedestrian_1-2_505_W_42WYN,19756.0,19967.0,212.0,pedestrian_1-2_505,WiFi,6196.0,0.0342156229825694
pedestrian_1-2_5092_W_GNPHF,19505.0,19722.0,218.0,pedestrian_1-2_5092,WiFi,6986.0,0.03120526767821357
pedestrian_1-2_5210_W_4YN8B,22200.0,22362.0,163.0,pedestrian_1-2_5210,WiFi,6568.0,0.02481729598051157
pedestrian_1-2_5252_W_CIN3T,19126.0,19317.0,192.0,pedestrian_1-2_5252,WiFi,6293.0,0.0305100905768314
pedestrian_1-2_5288_W_UBSPI,23124.0,23640.0,517.0,pedestrian_1-2_5288,WiFi,6284.0,0.08227243793761935
pedestrian_1-2_5369_W_9ZCQ8,20575.0,21206.0,632.0,pedestrian_1-2_5369,WiFi,5874.0,0.10759278175008512
pedestrian_1-2_5428_W_OYZOD,24112.0,24331.0,220.0,pedestrian_1-2_5428,WiFi,6066.0,0.03626772172766238
pedestrian_1-2_5437_W_CKOPE,23843.0,24046.0,204.0,pedestrian_1-2_5437,WiFi,5655.0,0.03607427055702918
pedestrian_1-2_5518_W_105PC,18103.0,18491.0,389.0,pedestrian_1-2_5518,WiFi,7098.0,0.05480417018878558
pedestrian_1-2_5543_W_KTYXZ,21131.0,21348.0,218.0,pedestrian_1-2_5543,WiFi,5376.0,0.04055059523809524
pedestrian_1-2_5640_W_21C16,24127.0,24452.0,326.0,pedestrian_1-2_5640,WiFi,6943.0,0.04695376638340775
pedestrian_1-2_5641_W_0EYMN,24356.0,24559.0,204.0,pedestrian_1-2_5641,WiFi,6582.0,0.03099361896080219
pedestrian_1-2_568_W_AWRCJ,20642.0,20899.0,258.0,pedestrian_1-2_568,WiFi,5400.0,0.04777777777777778
pedestrian_1-2_573_W_U2NAZ,23519.0,23882.0,364.0,pedestrian_1-2_573,WiFi,6739.0,0.05401394865707078
pedestrian_1-2_5745_W_IHQJ6,22944.0,23158.0,215.0,pedestrian_1-2_5745,WiFi,6087.0,0.03532117627731231
pedestrian_1-2_5752_W_Q2W8H,21094.0,21244.0,151.0,pedestrian_1-2_5752,WiFi,6265.0,0.024102154828411812
pedestrian_1-2_5753_W_FALT0,21713.0,21826.0,114.0,pedestrian_1-2_5753,WiFi,6898.0,0.016526529428819946
pedestrian_1-2_5765_W_F0N67,21019.0,21241.0,223.0,pedestrian_1-2_5765,WiFi,5532.0,0.040310918293564715
pedestrian_1-2_5927_W_I8MFB,23465.0,24221.0,757.0,pedestrian_1-2_5927,WiFi,6531.0,0.11590874291838922
pedestrian_1-2_593_W_HJS53,24556.0,24733.0,178.0,pedestrian_1-2_593,WiFi,6862.0,0.025939959195569805
pedestrian_1-2_5943_W_ULZDU,22743.0,22889.0,147.0,pedestrian_1-2_5943,WiFi,7000.0,0.021
pedestrian_1-2_5951_W_3Y0EP,23442.0,23727.0,286.0,pedestrian_1-2_5951,WiFi,6485.0,0.0441017733230532
pedestrian_1-2_6013_W_J5XVV,23283.0,23519.0,237.0,pedestrian_1-2_6013,WiFi,6037.0,0.03925790955772735
pedestrian_1-2_609_W_SMIWR,20517.0,20681.0,165.0,pedestrian_1-2_609,WiFi,7164.0,0.023031825795644893
pedestrian_1-2_638_W_GU8HO,21117.0,21425.0,309.0,pedestrian_1-2_638,WiFi,7148.0,0.04322887520984891
pedestrian_1-2_671_W_CYY6S,20647.0,20819.0,173.0,pedestrian_1-2_671,WiFi,5507.0,0.03141456328309424
pedestrian_1-2_752_W_THZ40,18633.0,18898.0,266.0,pedestrian_1-2_752,WiFi,6709.0,0.03964823371590401
pedestrian_1-2_829_W_7PUXI,18533.0,18799.0,267.0,pedestrian_1-2_829,WiFi,6668.0,0.04004199160167966
pedestrian_1-2_848_W_70A0T,18688.0,19319.0,632.0,pedestrian_1-2_848,WiFi,6513.0,0.09703669583909105
pedestrian_1-2_960_W_LAGDR,22149.0,22504.0,356.0,pedestrian_1-2_960,WiFi,5821.0,0.061157876653495966
pedestrian_1-3_1027_W_WI7U6,22443.0,22856.0,414.0,pedestrian_1-3_1027,WiFi,6279.0,0.06593406593406594
pedestrian_1-3_1140_W_H26EH,19499.0,19767.0,269.0,pedestrian_1-3_1140,WiFi,6039.0,0.0445437986421593
pedestrian_1-3_1213_W_1AX5T,22854.0,24079.0,1226.0,pedestrian_1-3_1213,WiFi,5402.0,0.22695298037763792
pedestrian_1-3_1324_W_6TTM0,20930.0,21218.0,289.0,pedestrian_1-3_1324,WiFi,5667.0,0.05099700017646021
pedestrian_1-3_1500_W_F33IM,21092.0,21420.0,329.0,pedestrian_1-3_1500,WiFi,6651.0,0.04946624567734175
pedestrian_1-3_1535_W_SJSBK,22962.0,23257.0,296.0,pedestrian_1-3_1535,WiFi,5417.0,0.05464279121284844
pedestrian_1-3_1571_W_6VH8K,21383.0,21594.0,212.0,pedestrian_1-3_1571,WiFi,5568.0,0.03807471264367816
pedestrian_1-3_1604_W_14I0U,18561.0,18927.0,367.0,pedestrian_1-3_1604,WiFi,6640.0,0.055271084337349397
pedestrian_1-3_1676_W_NE079,20775.0,20956.0,182.0,pedestrian_1-3_1676,WiFi,5749.0,0.031657679596451556
pedestrian_1-3_17_W_0P5QW,21938.0,23002.0,1065.0,pedestrian_1-3_17,WiFi,6707.0,0.15878932458625317
pedestrian_1-3_1737_W_YN34U,18924.0,19364.0,441.0,pedestrian_1-3_1737,WiFi,6476.0,0.06809759110562075
pedestrian_1-3_1785_W_B6JXB,23659.0,23978.0,320.0,pedestrian_1-3_1785,WiFi,6891.0,0.04643738209258453
pedestrian_1-3_1945_W_V7H0U,20923.0,21172.0,250.0,pedestrian_1-3_1945,WiFi,5687.0,0.04395990856339019
pedestrian_1-3_2018_W_IQOTF,23311.0,24222.0,912.0,pedestrian_1-3_2018,WiFi,7169.0,0.12721439531315384
pedestrian_1-3_2043_W_D7F0F,23772.0,24047.0,276.0,pedestrian_1-3_2043,WiFi,6656.0,0.04146634615384615
pedestrian_1-3_2053_W_7IDN1,20099.0,20366.0,268.0,pedestrian_1-3_2053,WiFi,6568.0,0.04080389768574909
pedestrian_1-3_2076_W_COBOG,23791.0,24159.0,369.0,pedestrian_1-3_2076,WiFi,6219.0,0.059334298118668596
pedestrian_1-3_2171_W_40F2O,19684.0,20054.0,371.0,pedestrian_1-3_2171,WiFi,5908.0,0.06279620853080568
pedestrian_1-3_2180_W_AN524,18212.0,18657.0,446.0,pedestrian_1-3_2180,WiFi,7091.0,0.06289662953039063
pedestrian_1-3_2187_W_DR9QO,21545.0,22211.0,667.0,pedestrian_1-3_2187,WiFi,6683.0,0.09980547658237318
pedestrian_1-3_2221_W_CPWJW,18664.0,19233.0,570.0,pedestrian_1-3_2221,WiFi,7190.0,0.07927677329624479
pedestrian_1-3_2278_W_BMHQM,21983.0,22245.0,263.0,pedestrian_1-3_2278,WiFi,6794.0,0.03871062702384457
pedestrian_1-3_228_W_0CI8C,19006.0,19491.0,486.0,pedestrian_1-3_228,WiFi,6268.0,0.07753669432035737
pedestrian_1-3_2280_W_4RWQJ,24099.0,24315.0,217.0,pedestrian_1-3_2280,WiFi,5935.0,0.03656276326874473
pedestrian_1-3_2323_W_WK59Q,18518.0,18694.0,177.0,pedestrian_1-3_2323,WiFi,6890.0,0.025689404934687955
pedestrian_1-3_234_W_LZJP5,22002.0,22173.0,172.0,pedestrian_1-3_234,WiFi,5948.0,0.028917283120376596
pedestrian_1-3_2374_W_WR8WE,23514.0,23976.0,463.0,pedestrian_1-3_2374,WiFi,7199.0,0.06431448812335047
pedestrian_1-3_2410_W_F6JA7,18203.0,18676.0,474.0,pedestrian_1-3_2410,WiFi,7197.0,0.06586077532305128
pedestrian_1-3_2421_W_O7LSY,23347.0,23537.0,191.0,pedestrian_1-3_2421,WiFi,5604.0,0.03408279800142755
pedestrian_1-3_2424_W_FZLDI,20440.0,20717.0,278.0,pedestrian_1-3_2424,WiFi,5902.0,0.0471026770586242
pedestrian_1-3_2454_W_HLOAE,18111.0,18343.0,233.0,pedestrian_1-3_2454,WiFi,7144.0,0.03261478163493841
pedestrian_1-3_2482_W_0A0XT,21875.0,22039.0,165.0,pedestrian_1-3_2482,WiFi,5462.0,0.03020871475649945
pedestrian_1-3_2528_W_QPPG7,19907.0,20100.0,194.0,pedestrian_1-3_2528,WiFi,5932.0,0.03270397842211733
pedestrian_1-3_2599_W_4IOZU,20119.0,20295.0,177.0,pedestrian_1-3_2599,WiFi,6099.0,0.029021151008362025
pedestrian_1-3_2633_W_846G8,19887.0,20103.0,217.0,pedestrian_1-3_2633,WiFi,5500.0,0.03945454545454546
pedestrian_1-3_2643_W_F2UFG,20009.0,20375.0,367.0,pedestrian_1-3_2643,WiFi,6047.0,0.060691251860426655
pedestrian_1-3_268_W_IHPNA,18061.0,18609.0,549.0,pedestrian_1-3_268,WiFi,7140.0,0.07689075630252101
pedestrian_1-3_2745_W_8TEET,22973.0,23877.0,905.0,pedestrian_1-3_2745,WiFi,5441.0,0.16632971880169087
pedestrian_1-3_2773_W_B5S1Y,23268.0,23471.0,204.0,pedestrian_1-3_2773,WiFi,5761.0,0.03541051900711682
pedestrian_1-3_2786_W_9ZU0K,24886.0,25134.0,249.0,pedestrian_1-3_2786,WiFi,5518.0,0.04512504530627039
pedestrian_1-3_28_W_XYLU2,22569.0,22923.0,355.0,pedestrian_1-3_28,WiFi,5457.0,0.06505405900678028
pedestrian_1-3_283_W_XLW49,20072.0,20355.0,284.0,pedestrian_1-3_283,WiFi,5666.0,0.050123543946346626
pedestrian_1-3_2881_W_DX2OJ,23106.0,23323.0,218.0,pedestrian_1-3_2881,WiFi,6959.0,0.03132633999137807
pedestrian_1-3_2955_W_2OIDH,24134.0,24357.0,224.0,pedestrian_1-3_2955,WiFi,6818.0,0.03285420944558522
pedestrian_1-3_2985_W_WXXF7,22312.0,22603.0,292.0,pedestrian_1-3_2985,WiFi,6191.0,0.047165239864319176
pedestrian_1-3_3046_W_HEK39,20463.0,20749.0,287.0,pedestrian_1-3_3046,WiFi,7087.0,0.04049668406942289
pedestrian_1-3_3076_W_69C8Q,19322.0,20028.0,707.0,pedestrian_1-3_3076,WiFi,6237.0,0.11335578002244669
pedestrian_1-3_3132_W_6ITDT,24585.0,24847.0,263.0,pedestrian_1-3_3132,WiFi,6333.0,0.04152850150007895
pedestrian_1-3_3135_W_0VG15,23794.0,24284.0,491.0,pedestrian_1-3_3135,WiFi,5406.0,0.09082500924898261
pedestrian_1-3_3245_W_F4OC7,24354.0,24550.0,197.0,pedestrian_1-3_3245,WiFi,5902.0,0.033378515757370386
pedestrian_1-3_3253_W_ZNWAX,19324.0,19467.0,144.0,pedestrian_1-3_3253,WiFi,5941.0,0.024238343713179598
pedestrian_1-3_3339_W_DDQY0,23906.0,24062.0,157.0,pedestrian_1-3_3339,WiFi,6579.0,0.023863809089527285
pedestrian_1-3_3410_W_0K9O0,24702.0,24894.0,193.0,pedestrian_1-3_3410,WiFi,5581.0,0.03458161619781401
pedestrian_1-3_3457_W_KQM4E,18572.0,18714.0,143.0,pedestrian_1-3_3457,WiFi,6764.0,0.02114133648728563
pedestrian_1-3_3494_W_AOJC1,20829.0,21017.0,189.0,pedestrian_1-3_3494,WiFi,5672.0,0.033321579689703805
pedestrian_1-3_3536_W_25DET,24078.0,24240.0,163.0,pedestrian_1-3_3536,WiFi,5624.0,0.02898293029871977
pedestrian_1-3_3579_W_4SQGK,23224.0,23699.0,476.0,pedestrian_1-3_3579,WiFi,6076.0,0.07834101382488479
pedestrian_1-3_3755_W_9855P,20675.0,20878.0,204.0,pedestrian_1-3_3755,WiFi,5442.0,0.037486218302094816
pedestrian_1-3_3759_W_0B1YQ,24976.0,25200.0,225.0,pedestrian_1-3_3759,WiFi,6872.0,0.032741559953434224
pedestrian_1-3_3776_W_38VB3,19184.0,19489.0,306.0,pedestrian_1-3_3776,WiFi,6101.0,0.050155712178331424
pedestrian_1-3_3793_W_VO3J9,24643.0,24879.0,237.0,pedestrian_1-3_3793,WiFi,6285.0,0.037708830548926014
pedestrian_1-3_3834_W_EN57T,20589.0,20950.0,362.0,pedestrian_1-3_3834,WiFi,7122.0,0.05082841898343162
pedestrian_1-3_3901_W_SY7NC,19253.0,19436.0,184.0,pedestrian_1-3_3901,WiFi,6527.0,0.02819059292170982
pedestrian_1-3_4025_W_60JGO,21206.0,21464.0,259.0,pedestrian_1-3_4025,WiFi,5986.0,0.043267624457066486
pedestrian_1-3_403_W_NOWGR,19962.0,20344.0,383.0,pedestrian_1-3_403,WiFi,5970.0,0.06415410385259632
pedestrian_1-3_4124_W_IS5OB,19471.0,19639.0,169.0,pedestrian_1-3_4124,WiFi,6101.0,0.027700376987379118
pedestrian_1-3_4168_W_UVJMZ,19035.0,19155.0,121.0,pedestrian_1-3_4168,WiFi,6652.0,0.01819001803968731
pedestrian_1-3_4253_W_YKCY2,22400.0,22571.0,172.0,pedestrian_1-3_4253,WiFi,5941.0,0.0289513549907423
pedestrian_1-3_4262_W_NAU78,23237.0,23463.0,227.0,pedestrian_1-3_4262,WiFi,6546.0,0.03467766575007638
pedestrian_1-3_4289_W_X2NM3,19363.0,19567.0,205.0,pedestrian_1-3_4289,WiFi,5838.0,0.03511476533059267
pedestrian_1-3_4291_W_4PLTS,22712.0,22958.0,247.0,pedestrian_1-3_4291,WiFi,5665.0,0.04360105913503972
pedestrian_1-3_4492_W_S0DGR,18644.0,19220.0,577.0,pedestrian_1-3_4492,WiFi,7054.0,0.08179756166713921
pedestrian_1-3_458_W_KRAGH,21951.0,23169.0,1219.0,pedestrian_1-3_458,WiFi,5749.0,0.21203687597843104
pedestrian_1-3_4587_W_LV36Q,20819.0,21014.0,196.0,pedestrian_1-3_4587,WiFi,5425.0,0.03612903225806452
pedestrian_1-3_4644_W_SS01E,21391.0,22283.0,893.0,pedestrian_1-3_4644,WiFi,6750.0,0.1322962962962963
pedestrian_1-3_4663_W_2CRS6,20044.0,20277.0,234.0,pedestrian_1-3_4663,WiFi,6189.0,0.03780901599612215
pedestrian_1-3_4666_W_CZ241,23515.0,23835.0,321.0,pedestrian_1-3_4666,WiFi,6291.0,0.05102527420123987
pedestrian_1-3_4690_W_E8DPK,20679.0,20897.0,219.0,pedestrian_1-3_4690,WiFi,6733.0,0.03252636269122234
pedestrian_1-3_4738_W_BWWFH,21853.0,22093.0,241.0,pedestrian_1-3_4738,WiFi,6733.0,0.03579385118075152
pedestrian_1-3_4775_W_VVVOW,22968.0,23256.0,289.0,pedestrian_1-3_4775,WiFi,6482.0,0.04458500462820117
pedestrian_1-3_4822_W_KJFRR,20387.0,20521.0,135.0,pedestrian_1-3_4822,WiFi,6455.0,0.020914020139426802
pedestrian_1-3_4875_W_TM4IB,19267.0,19489.0,223.0,pedestrian_1-3_4875,WiFi,6082.0,0.03666557053600789
pedestrian_1-3_4881_W_RCKPA,23788.0,24069.0,282.0,pedestrian_1-3_4881,WiFi,6104.0,0.04619921363040629
pedestrian_1-3_4944_W_FF1KS,23774.0,24071.0,298.0,pedestrian_1-3_4944,WiFi,6028.0,0.049435965494359656
pedestrian_1-3_4954_W_JISAC,24556.0,25002.0,447.0,pedestrian_1-3_4954,WiFi,6643.0,0.06728887550805358
pedestrian_1-3_5020_W_SCUWE,21426.0,21786.0,361.0,pedestrian_1-3_5020,WiFi,6218.0,0.05805725313605661
pedestrian_1-3_5117_W_JGKG0,20721.0,21128.0,408.0,pedestrian_1-3_5117,WiFi,6709.0,0.060813832165747504
pedestrian_1-3_5123_W_NMJV8,24141.0,24396.0,256.0,pedestrian_1-3_5123,WiFi,6674.0,0.03835780641294576
pedestrian_1-3_5144_W_COQJT,24320.0,24606.0,287.0,pedestrian_1-3_5144,WiFi,5937.0,0.048340912918982654
pedestrian_1-3_528_W_6AEZ9,18328.0,18559.0,232.0,pedestrian_1-3_528,WiFi,6873.0,0.03375527426160337
pedestrian_1-3_5334_W_E4AHF,18206.0,18720.0,515.0,pedestrian_1-3_5334,WiFi,6995.0,0.0736240171551108
pedestrian_1-3_5354_W_JEVAD,22394.0,22581.0,188.0,pedestrian_1-3_5354,WiFi,6318.0,0.029756251978474202
pedestrian_1-3_5451_W_XMD35,21730.0,21930.0,201.0,pedestrian_1-3_5451,WiFi,6252.0,0.032149712092130515
pedestrian_1-3_547_W_5PSPW,22733.0,23165.0,433.0,pedestrian_1-3_547,WiFi,5883.0,0.07360190379058304
pedestrian_1-3_5475_W_QFGYN,20749.0,20977.0,229.0,pedestrian_1-3_5475,WiFi,6758.0,0.03388576501923646
pedestrian_1-3_5537_W_Y1AV2,18298.0,18937.0,640.0,pedestrian_1-3_5537,WiFi,6903.0,0.0927133130522961
pedestrian_1-3_5550_W_BVRTJ,20579.0,20762.0,184.0,pedestrian_1-3_5550,WiFi,5472.0,0.033625730994152045
pedestrian_1-3_5578_W_C17AT,22163.0,22402.0,240.0,pedestrian_1-3_5578,WiFi,7019.0,0.03419290497221827
pedestrian_1-3_635_W_07EOQ,18441.0,18645.0,205.0,pedestrian_1-3_635,WiFi,6760.0,0.030325443786982247
pedestrian_1-3_743_W_14G2K,23472.0,23641.0,170.0,pedestrian_1-3_743,WiFi,5835.0,0.02913453299057412
pedestrian_1-3_80_W_AKOWU,21291.0,21576.0,286.0,pedestrian_1-3_80,WiFi,6418.0,0.044562168899968835
pedestrian_1-3_809_W_OGOQN,24834.0,25089.0,256.0,pedestrian_1-3_809,WiFi,6025.0,0.042489626556016596
pedestrian_1-3_870_W_WCLC5,21978.0,22204.0,227.0,pedestrian_1-3_870,WiFi,5749.0,0.03948512784832145
pedestrian_1-3_874_W_GC5IS,24729.0,24932.0,204.0,pedestrian_1-3_874,WiFi,6253.0,0.03262434031664801
pedestrian_1-3_990_W_L3FMD,19608.0,19919.0,312.0,pedestrian_1-3_990,WiFi,6262.0,0.049824337272436924
pedestrian_2-1_1248_W_H4O8K,19163.0,19341.0,179.0,pedestrian_2-1_1248,WiFi,6790.0,0.026362297496318115
pedestrian_2-1_1463_W_4T2MR,19115.0,19477.0,363.0,pedestrian_2-1_1463,WiFi,6223.0,0.058331994215008835
pedestrian_2-1_1609_W_HP8YZ,19125.0,19530.0,406.0,pedestrian_2-1_1609,WiFi,6168.0,0.06582360570687419
pedestrian_2-1_1724_W_YAKFZ,19787.0,20409.0,623.0,pedestrian_2-1_1724,WiFi,5414.0,0.11507203546361286
pedestrian_2-1_1878_W_76ZNN,23633.0,23825.0,193.0,pedestrian_2-1_1878,WiFi,5633.0,0.0342623823894905
pedestrian_2-1_2028_W_VA5FT,20507.0,20670.0,164.0,pedestrian_2-1_2028,WiFi,5930.0,0.027655986509274873
pedestrian_2-1_2045_W_CUDUC,24950.0,25200.0,251.0,pedestrian_2-1_2045,WiFi,5957.0,0.04213530300486822
pedestrian_2-1_213_W_AUAEL,24382.0,24681.0,300.0,pedestrian_2-1_213,WiFi,6509.0,0.04609002919035182
pedestrian_2-1_2136_W_JE6P4,23557.0,23718.0,162.0,pedestrian_2-1_2136,WiFi,6315.0,0.025653206650831355
pedestrian_2-1_2161_W_C9C1R,20386.0,20577.0,192.0,pedestrian_2-1_2161,WiFi,5470.0,0.03510054844606947
pedestrian_2-1_2293_W_OMD3F,19212.0,19461.0,250.0,pedestrian_2-1_2293,WiFi,6735.0,0.03711952487008166
pedestrian_2-1_2384_W_6DAZA,24245.0,24458.0,214.0,pedestrian_2-1_2384,WiFi,6084.0,0.03517422748191979
pedestrian_2-1_2486_W_NSVVM,24078.0,24500.0,423.0,pedestrian_2-1_2486,WiFi,5420.0,0.07804428044280443
pedestrian_2-1_2911_W_S58MB,21660.0,21868.0,209.0,pedestrian_2-1_2911,WiFi,5508.0,0.03794480755265069
pedestrian_2-1_2925_W_3HYIW,24613.0,24802.0,190.0,pedestrian_2-1_2925,WiFi,6246.0,0.030419468459814282
pedestrian_2-1_2987_W_3Z00Y,20437.0,20571.0,135.0,pedestrian_2-1_2987,WiFi,5511.0,0.024496461622210124
pedestrian_2-1_3058_W_ONRKO,24501.0,24739.0,239.0,pedestrian_2-1_3058,WiFi,6226.0,0.038387407645358175
pedestrian_2-1_3119_W_YTEAK,22654.0,23514.0,861.0,pedestrian_2-1_3119,WiFi,5570.0,0.15457809694793537
pedestrian_2-1_3136_W_7051H,19235.0,19548.0,314.0,pedestrian_2-1_3136,WiFi,6740.0,0.04658753709198813
pedestrian_2-1_3376_W_V2YYC,19897.0,20125.0,229.0,pedestrian_2-1_3376,WiFi,6681.0,0.034276305942224215
pedestrian_2-1_3390_W_WJMT6,20371.0,20507.0,137.0,pedestrian_2-1_3390,WiFi,6472.0,0.021168108776266997
pedestrian_2-1_3601_W_N7ED3,19006.0,19731.0,726.0,pedestrian_2-1_3601,WiFi,6609.0,0.10985020426690877
pedestrian_2-1_3664_W_GA2HI,19066.0,19686.0,621.0,pedestrian_2-1_3664,WiFi,6250.0,0.09936
pedestrian_2-1_3764_W_V90L6,21205.0,21518.0,314.0,pedestrian_2-1_3764,WiFi,6460.0,0.04860681114551084
pedestrian_2-1_3944_W_I029U,19011.0,19789.0,779.0,pedestrian_2-1_3944,WiFi,6190.0,0.1258481421647819
pedestrian_2-1_4127_W_RD0V5,19229.0,19692.0,464.0,pedestrian_2-1_4127,WiFi,6875.0,0.06749090909090909
pedestrian_2-1_4232_W_JB2X4,22894.0,23127.0,234.0,pedestrian_2-1_4232,WiFi,6017.0,0.03888981219877015
pedestrian_2-1_4267_W_ZANU7,24651.0,24860.0,210.0,pedestrian_2-1_4267,WiFi,5382.0,0.03901895206243032
pedestrian_2-1_4331_W_PCVBG,24689.0,24829.0,141.0,pedestrian_2-1_4331,WiFi,6910.0,0.02040520984081042
pedestrian_2-1_4788_W_CGC6C,19811.0,20029.0,219.0,pedestrian_2-1_4788,WiFi,5470.0,0.040036563071297986
pedestrian_2-1_4811_W_7PU5G,19399.0,20172.0,774.0,pedestrian_2-1_4811,WiFi,6017.0,0.1286355326574705
pedestrian_2-1_4909_W_H1XI8,21695.0,22769.0,1075.0,pedestrian_2-1_4909,WiFi,6327.0,0.16990674885411727
pedestrian_2-1_4930_W_9GPCC,24289.0,24675.0,387.0,pedestrian_2-1_4930,WiFi,6676.0,0.057968843618933494
pedestrian_2-1_499_W_IYC7L,24360.0,24558.0,199.0,pedestrian_2-1_499,WiFi,5415.0,0.03674976915974146
pedestrian_2-1_5001_W_7NNEO,21295.0,21885.0,591.0,pedestrian_2-1_5001,WiFi,6915.0,0.08546637744034707
pedestrian_2-1_5067_W_BPMBI,19942.0,20084.0,143.0,pedestrian_2-1_5067,WiFi,5421.0,0.026378896882494004
pedestrian_2-1_5419_W_42HHK,20016.0,20450.0,435.0,pedestrian_2-1_5419,WiFi,6991.0,0.062222857960234586
pedestrian_2-1_5435_W_L2S2F,24102.0,24387.0,286.0,pedestrian_2-1_5435,WiFi,7013.0,0.04078140596035933
pedestrian_2-1_5450_W_3BIXP,19814.0,20202.0,389.0,pedestrian_2-1_5450,WiFi,5987.0,0.06497411057290797
pedestrian_2-1_5552_W_D1NCZ,21007.0,21262.0,256.0,pedestrian_2-1_5552,WiFi,5798.0,0.04415315626077958
pedestrian_2-1_5799_W_JM1W9,23195.0,23595.0,401.0,pedestrian_2-1_5799,WiFi,6017.0,0.06664450722951637
pedestrian_2-1_5841_W_SVSG4,21750.0,22006.0,257.0,pedestrian_2-1_5841,WiFi,6190.0,0.04151857835218094
pedestrian_2-1_600_W_WSMWN,21124.0,21380.0,257.0,pedestrian_2-1_600,WiFi,5583.0,0.04603259896113201
pedestrian_2-1_6021_W_QHQI0,20480.0,21590.0,1111.0,pedestrian_2-1_6021,WiFi,7046.0,0.15767811524269087
pedestrian_2-1_6130_W_ZSAVT,22572.0,22850.0,279.0,pedestrian_2-1_6130,WiFi,6616.0,0.04217049576783555
pedestrian_2-1_6236_W_XTFPY,24115.0,24391.0,277.0,pedestrian_2-1_6236,WiFi,6636.0,0.041742013261000604
pedestrian_2-1_6256_W_CL34T,22448.0,22691.0,244.0,pedestrian_2-1_6256,WiFi,6665.0,0.03660915228807202
pedestrian_2-1_6274_W_M58ZI,18535.0,18887.0,353.0,pedestrian_2-1_6274,WiFi,6666.0,0.052955295529552956
pedestrian_2-1_63_W_7NL2E,18187.0,18473.0,287.0,pedestrian_2-1_63,WiFi,7014.0,0.04091816367265469
pedestrian_2-1_804_W_PET4I,24483.0,24770.0,288.0,pedestrian_2-1_804,WiFi,5915.0,0.048689771766694846
pedestrian_2-1_842_W_JAJO4,19482.0,19821.0,340.0,pedestrian_2-1_842,WiFi,5914.0,0.05749070003381806
