id,user_id,protocol,start_timestep,last_timestep,total_time,lte_duration,privacy_score
pedestrian_1-1-pt_0_L_03X08,pedestrian_1-1-pt_0,LTE,21492.0,22988.0,1497.0,5898.0,0.2538148524923703
pedestrian_1-1-pt_1006_L_II0L8,pedestrian_1-1-pt_1006,LTE,21268.0,22583.0,1316.0,7050.0,0.18666666666666668
pedestrian_1-1-pt_1037_L_NTI64,pedestrian_1-1-pt_1037,LTE,22351.0,24129.0,1779.0,5840.0,0.30462328767123287
pedestrian_1-1-pt_1039_L_PNSCX,pedestrian_1-1-pt_1039,LTE,20224.0,21857.0,1634.0,6474.0,0.2523941921532283
pedestrian_1-1-pt_1108_L_LJ3WN,pedestrian_1-1-pt_1108,LTE,23621.0,25200.0,1580.0,6696.0,0.23596176821983272
pedestrian_1-1-pt_1121_L_39TQ3,pedestrian_1-1-pt_1121,LTE,21858.0,23390.0,1533.0,5916.0,0.2591277890466531
pedestrian_1-1-pt_1138_L_EEW9U,pedestrian_1-1-pt_1138,LTE,21614.0,23269.0,1656.0,5624.0,0.29445234708392604
pedestrian_1-1-pt_1167_L_OJHIZ,pedestrian_1-1-pt_1167,LTE,21303.0,23030.0,1728.0,6258.0,0.27612655800575264
pedestrian_1-1-pt_1173_L_NVT2K,pedestrian_1-1-pt_1173,LTE,19604.0,20956.0,1353.0,6381.0,0.21203573107663376
pedestrian_1-1-pt_1226_L_GSWWQ,pedestrian_1-1-pt_1226,LTE,23506.0,25098.0,1593.0,5413.0,0.29429152041381856
pedestrian_1-1-pt_1238_L_DJKA5,pedestrian_1-1-pt_1238,LTE,19833.0,21519.0,1687.0,6403.0,0.2634702483210995
pedestrian_1-1-pt_1270_L_61Z87,pedestrian_1-1-pt_1270,LTE,19807.0,21266.0,1460.0,6731.0,0.21690684890803744
pedestrian_1-1-pt_1296_L_FYKHS,pedestrian_1-1-pt_1296,LTE,20364.0,21830.0,1467.0,6354.0,0.23087818696883852
pedestrian_1-1-pt_1298_L_3RUFG,pedestrian_1-1-pt_1298,LTE,22381.0,24002.0,1622.0,6335.0,0.25603788476716655
pedestrian_1-1-pt_1304_L_DAL67,pedestrian_1-1-pt_1304,LTE,22388.0,23818.0,1431.0,5854.0,0.24444824051930303
pedestrian_1-1-pt_1306_L_ZU199,pedestrian_1-1-pt_1306,LTE,19029.0,20737.0,1709.0,6172.0,0.27689565780946207
pedestrian_1-1-pt_1329_L_AM83U,pedestrian_1-1-pt_1329,LTE,18535.0,20317.0,1783.0,6666.0,0.2674767476747675
pedestrian_1-1-pt_1420_L_0043I,pedestrian_1-1-pt_1420,LTE,19045.0,20772.0,1728.0,6156.0,0.2807017543859649
pedestrian_1-1-pt_1473_L_DKAQS,pedestrian_1-1-pt_1473,LTE,22513.0,24002.0,1490.0,5832.0,0.2554869684499314
pedestrian_1-1-pt_1497_L_Y9JBQ,pedestrian_1-1-pt_1497,LTE,20600.0,22108.0,1509.0,5453.0,0.2767284063818082
pedestrian_1-1-pt_150_L_S3AAQ,pedestrian_1-1-pt_150,LTE,19310.0,20953.0,1644.0,5891.0,0.27906976744186046
pedestrian_1-1-pt_1560_L_6P9GC,pedestrian_1-1-pt_1560,LTE,21467.0,23180.0,1714.0,6694.0,0.25605019420376457
pedestrian_1-1-pt_1601_L_FBAN4,pedestrian_1-1-pt_1601,LTE,23100.0,24723.0,1624.0,6011.0,0.2701713525203793
pedestrian_1-1-pt_1669_L_LNZ0V,pedestrian_1-1-pt_1669,LTE,20550.0,22034.0,1485.0,7057.0,0.21042936091823722
pedestrian_1-1-pt_1700_L_47OKG,pedestrian_1-1-pt_1700,LTE,23422.0,24927.0,1506.0,5771.0,0.2609599722751689
pedestrian_1-1-pt_1714_L_O562O,pedestrian_1-1-pt_1714,LTE,18687.0,20244.0,1558.0,6514.0,0.2391771568928462
pedestrian_1-1-pt_1723_L_5TXW3,pedestrian_1-1-pt_1723,LTE,20682.0,22222.0,1541.0,5437.0,0.2834283612286187
pedestrian_1-1-pt_1747_L_RH7K9,pedestrian_1-1-pt_1747,LTE,21022.0,22591.0,1570.0,6993.0,0.2245102245102245
pedestrian_1-1-pt_1798_L_6X94J,pedestrian_1-1-pt_1798,LTE,20471.0,21997.0,1527.0,5574.0,0.2739504843918192
pedestrian_1-1-pt_182_L_N3BMZ,pedestrian_1-1-pt_182,LTE,20550.0,22077.0,1528.0,6141.0,0.24881941051945938
pedestrian_1-1-pt_1966_L_CU9N6,pedestrian_1-1-pt_1966,LTE,18875.0,20040.0,1166.0,6326.0,0.1843186847929181
pedestrian_1-1-pt_2013_L_W2FMC,pedestrian_1-1-pt_2013,LTE,21767.0,23319.0,1553.0,6083.0,0.2553016603649515
pedestrian_1-1-pt_2032_L_OBX8R,pedestrian_1-1-pt_2032,LTE,18740.0,19970.0,1231.0,6461.0,0.19052778207707785
pedestrian_1-1-pt_2129_L_7U8AS,pedestrian_1-1-pt_2129,LTE,19790.0,21412.0,1623.0,6484.0,0.250308451573103
pedestrian_1-1-pt_2162_L_VA151,pedestrian_1-1-pt_2162,LTE,21640.0,23248.0,1609.0,6850.0,0.23489051094890512
pedestrian_1-1-pt_2170_L_VP082,pedestrian_1-1-pt_2170,LTE,19914.0,21561.0,1648.0,6529.0,0.25241231429009037
pedestrian_1-1-pt_2297_L_7BOLL,pedestrian_1-1-pt_2297,LTE,20663.0,21945.0,1283.0,5715.0,0.22449693788276465
pedestrian_1-1-pt_2342_L_1BKUP,pedestrian_1-1-pt_2342,LTE,21994.0,23742.0,1749.0,6929.0,0.25241737624476834
pedestrian_1-1-pt_2369_L_SSMBR,pedestrian_1-1-pt_2369,LTE,18547.0,20326.0,1780.0,6654.0,0.2675082657048392
pedestrian_1-1-pt_2424_L_CWONF,pedestrian_1-1-pt_2424,LTE,19481.0,20982.0,1502.0,5720.0,0.2625874125874126
pedestrian_1-1-pt_2425_L_T7F5N,pedestrian_1-1-pt_2425,LTE,23158.0,24425.0,1268.0,6264.0,0.20242656449553
pedestrian_1-1-pt_2431_L_ZR3KP,pedestrian_1-1-pt_2431,LTE,23301.0,24921.0,1621.0,6458.0,0.25100650356147414
pedestrian_1-1-pt_2503_L_G9ADA,pedestrian_1-1-pt_2503,LTE,22286.0,23989.0,1704.0,5459.0,0.3121450815167613
pedestrian_1-1-pt_2529_L_XMAXW,pedestrian_1-1-pt_2529,LTE,20568.0,22039.0,1472.0,6637.0,0.22178695193611572
pedestrian_1-1-pt_255_L_QQBVQ,pedestrian_1-1-pt_255,LTE,19644.0,21345.0,1702.0,7122.0,0.2389778152204437
pedestrian_1-1-pt_2606_L_TM7LN,pedestrian_1-1-pt_2606,LTE,18514.0,20121.0,1608.0,6687.0,0.240466576940332
pedestrian_1-1-pt_2718_L_QNWBT,pedestrian_1-1-pt_2718,LTE,19195.0,20837.0,1643.0,6006.0,0.27355977355977357
pedestrian_1-1-pt_2770_L_P89K6,pedestrian_1-1-pt_2770,LTE,20132.0,21795.0,1664.0,7127.0,0.23347832187456152
pedestrian_1-1-pt_2808_L_CI0MQ,pedestrian_1-1-pt_2808,LTE,22792.0,24529.0,1738.0,5418.0,0.3207825765965301
pedestrian_1-1-pt_2820_L_M7VEL,pedestrian_1-1-pt_2820,LTE,22530.0,24128.0,1599.0,6484.0,0.24660703269586676
pedestrian_1-1-pt_2834_L_DTWC0,pedestrian_1-1-pt_2834,LTE,22787.0,24460.0,1674.0,6107.0,0.27411167512690354
pedestrian_1-1-pt_2844_L_LJLMW,pedestrian_1-1-pt_2844,LTE,18372.0,20011.0,1640.0,6829.0,0.2401522916971738
pedestrian_1-1-pt_2863_L_7U866,pedestrian_1-1-pt_2863,LTE,23269.0,24747.0,1479.0,6429.0,0.23005132991133925
pedestrian_1-1-pt_2880_L_THREK,pedestrian_1-1-pt_2880,LTE,22993.0,24495.0,1503.0,5898.0,0.2548321464903357
pedestrian_1-1-pt_2920_L_DEIKF,pedestrian_1-1-pt_2920,LTE,22785.0,24177.0,1393.0,6124.0,0.2274657086871326
pedestrian_1-1-pt_2952_L_0U3WM,pedestrian_1-1-pt_2952,LTE,23141.0,24496.0,1356.0,5567.0,0.24357822884857194
pedestrian_1-1-pt_2961_L_DLPEK,pedestrian_1-1-pt_2961,LTE,20046.0,21671.0,1626.0,6086.0,0.2671705553729872
pedestrian_1-1-pt_297_L_PCZHS,pedestrian_1-1-pt_297,LTE,22808.0,24335.0,1528.0,6055.0,0.2523534269199009
pedestrian_1-1-pt_3067_L_YZGD2,pedestrian_1-1-pt_3067,LTE,19288.0,21039.0,1752.0,5913.0,0.2962962962962963
pedestrian_1-1-pt_3097_L_RUJZV,pedestrian_1-1-pt_3097,LTE,19028.0,20490.0,1463.0,6173.0,0.2369998380042119
pedestrian_1-1-pt_3176_L_WRGBR,pedestrian_1-1-pt_3176,LTE,22697.0,24178.0,1482.0,5712.0,0.25945378151260506
pedestrian_1-1-pt_3207_L_K77BN,pedestrian_1-1-pt_3207,LTE,22260.0,23749.0,1490.0,5882.0,0.2533151989119347
pedestrian_1-1-pt_3230_L_R31YN,pedestrian_1-1-pt_3230,LTE,21670.0,23280.0,1611.0,5943.0,0.27107521453811206
pedestrian_1-1-pt_3275_L_C9LFV,pedestrian_1-1-pt_3275,LTE,23320.0,25007.0,1688.0,6470.0,0.26089644513137555
pedestrian_1-1-pt_3353_L_QWKGO,pedestrian_1-1-pt_3353,LTE,19580.0,21226.0,1647.0,5621.0,0.29300836150151216
pedestrian_1-1-pt_3386_L_CZ1A4,pedestrian_1-1-pt_3386,LTE,23073.0,24436.0,1364.0,5632.0,0.2421875
pedestrian_1-1-pt_3409_L_SF0IP,pedestrian_1-1-pt_3409,LTE,20469.0,22039.0,1571.0,5743.0,0.27355040919380114
pedestrian_1-1-pt_3489_L_LQ9W7,pedestrian_1-1-pt_3489,LTE,22258.0,23999.0,1742.0,6495.0,0.26820631254811395
pedestrian_1-1-pt_3512_L_JR65K,pedestrian_1-1-pt_3512,LTE,20966.0,22470.0,1505.0,5421.0,0.27762405460247186
pedestrian_1-1-pt_3571_L_HKPKX,pedestrian_1-1-pt_3571,LTE,20851.0,22450.0,1600.0,5912.0,0.2706359945872801
pedestrian_1-1-pt_3595_L_Q242Q,pedestrian_1-1-pt_3595,LTE,23458.0,25130.0,1673.0,5921.0,0.2825536226988684
pedestrian_1-1-pt_3624_L_ED1IX,pedestrian_1-1-pt_3624,LTE,19340.0,20937.0,1598.0,5861.0,0.2726497184780754
pedestrian_1-1-pt_3629_L_3U5EB,pedestrian_1-1-pt_3629,LTE,19174.0,20809.0,1636.0,7078.0,0.2311387397569935
pedestrian_1-1-pt_3671_L_8NQ7P,pedestrian_1-1-pt_3671,LTE,18958.0,20283.0,1326.0,6243.0,0.21239788563190773
pedestrian_1-1-pt_3769_L_DYBJO,pedestrian_1-1-pt_3769,LTE,19740.0,21459.0,1720.0,6686.0,0.25725396350583307
pedestrian_1-1-pt_3800_L_1YVBR,pedestrian_1-1-pt_3800,LTE,19727.0,21289.0,1563.0,5474.0,0.2855316039459262
pedestrian_1-1-pt_3858_L_0R4GV,pedestrian_1-1-pt_3858,LTE,21934.0,23436.0,1503.0,6728.0,0.2233947681331748
pedestrian_1-1-pt_3916_L_0VE9U,pedestrian_1-1-pt_3916,LTE,19697.0,21437.0,1741.0,5504.0,0.3163154069767442
pedestrian_1-1-pt_3927_L_498QV,pedestrian_1-1-pt_3927,LTE,20790.0,22243.0,1454.0,6679.0,0.21769726006887258
pedestrian_1-1-pt_3931_L_ZLV1Z,pedestrian_1-1-pt_3931,LTE,21443.0,22797.0,1355.0,5378.0,0.25195239866121233
pedestrian_1-1-pt_394_L_1NB1H,pedestrian_1-1-pt_394,LTE,19370.0,20875.0,1506.0,5831.0,0.2582747384668153
pedestrian_1-1-pt_4262_L_GNN5E,pedestrian_1-1-pt_4262,LTE,21091.0,22633.0,1543.0,6777.0,0.22768186513206434
pedestrian_1-1-pt_4380_L_NC5RJ,pedestrian_1-1-pt_4380,LTE,20556.0,22151.0,1596.0,5550.0,0.2875675675675676
pedestrian_1-1-pt_4541_L_D9GXG,pedestrian_1-1-pt_4541,LTE,19408.0,20804.0,1397.0,5793.0,0.24115311582944934
pedestrian_1-1-pt_4595_L_WGTPV,pedestrian_1-1-pt_4595,LTE,20448.0,21490.0,1043.0,5624.0,0.1854551920341394
pedestrian_1-1-pt_4645_L_27T2Z,pedestrian_1-1-pt_4645,LTE,20527.0,22070.0,1544.0,6155.0,0.2508529650690495
pedestrian_1-1-pt_4671_L_CLOSY,pedestrian_1-1-pt_4671,LTE,19531.0,21288.0,1758.0,6848.0,0.25671728971962615
pedestrian_1-1-pt_4715_L_LPZV4,pedestrian_1-1-pt_4715,LTE,21670.0,23034.0,1365.0,6476.0,0.21077825818406423
pedestrian_1-1-pt_4736_L_0RF62,pedestrian_1-1-pt_4736,LTE,20451.0,22148.0,1698.0,6324.0,0.2685009487666034
pedestrian_1-1-pt_4785_L_JYMI8,pedestrian_1-1-pt_4785,LTE,19331.0,20975.0,1645.0,5870.0,0.28023850085178875
pedestrian_1-1-pt_4875_L_3MZFK,pedestrian_1-1-pt_4875,LTE,22584.0,24158.0,1575.0,6465.0,0.24361948955916474
pedestrian_1-1-pt_4879_L_3SALO,pedestrian_1-1-pt_4879,LTE,19675.0,21201.0,1527.0,6641.0,0.22993525071525373
pedestrian_1-1-pt_4901_L_IRIFB,pedestrian_1-1-pt_4901,LTE,23644.0,25200.0,1557.0,5436.0,0.28642384105960267
pedestrian_1-1-pt_4919_L_JG72C,pedestrian_1-1-pt_4919,LTE,19769.0,21518.0,1750.0,5432.0,0.32216494845360827
pedestrian_1-1-pt_494_L_IH8ER,pedestrian_1-1-pt_494,LTE,21962.0,23619.0,1658.0,6748.0,0.24570243034973324
pedestrian_1-1-pt_4966_L_YKXOI,pedestrian_1-1-pt_4966,LTE,22144.0,23394.0,1251.0,6016.0,0.20794547872340424
pedestrian_1-1-pt_498_L_0X7Y3,pedestrian_1-1-pt_498,LTE,19755.0,21005.0,1251.0,5446.0,0.22970987881013588
pedestrian_1-1-pt_4996_L_U84GZ,pedestrian_1-1-pt_4996,LTE,19464.0,20850.0,1387.0,6860.0,0.2021865889212828
pedestrian_1-1-pt_5078_L_H050N,pedestrian_1-1-pt_5078,LTE,20267.0,21857.0,1591.0,7162.0,0.2221446523317509
pedestrian_1-1-pt_5115_L_15EA4,pedestrian_1-1-pt_5115,LTE,22750.0,24287.0,1538.0,6515.0,0.23607060629316962
pedestrian_1-1-pt_5139_L_SUF6N,pedestrian_1-1-pt_5139,LTE,18076.0,19695.0,1620.0,7125.0,0.22736842105263158
pedestrian_1-1-pt_5167_L_AHGQY,pedestrian_1-1-pt_5167,LTE,20763.0,22455.0,1693.0,7055.0,0.23997165131112685
pedestrian_1-1-pt_5193_L_4HI7F,pedestrian_1-1-pt_5193,LTE,20407.0,22045.0,1639.0,6293.0,0.2604481169553472
pedestrian_1-1-pt_5199_L_QT2XC,pedestrian_1-1-pt_5199,LTE,20949.0,22280.0,1332.0,6359.0,0.20946689731089793
pedestrian_1-1-pt_521_L_O0L5B,pedestrian_1-1-pt_521,LTE,19351.0,20791.0,1441.0,6656.0,0.21649639423076922
pedestrian_1-1-pt_5241_L_44SIT,pedestrian_1-1-pt_5241,LTE,22681.0,24131.0,1451.0,6257.0,0.23190027169570082
pedestrian_1-1-pt_5258_L_LDI55,pedestrian_1-1-pt_5258,LTE,22976.0,24412.0,1437.0,6796.0,0.21144791053560918
pedestrian_1-1-pt_527_L_AGJZ1,pedestrian_1-1-pt_527,LTE,23703.0,25200.0,1498.0,6069.0,0.24682814302191464
pedestrian_1-1-pt_5275_L_C7J6M,pedestrian_1-1-pt_5275,LTE,23192.0,24913.0,1722.0,6382.0,0.26982137261046696
pedestrian_1-1-pt_5298_L_H4NGR,pedestrian_1-1-pt_5298,LTE,21287.0,22925.0,1639.0,5573.0,0.29409653687421494
pedestrian_1-1-pt_530_L_0Q1TW,pedestrian_1-1-pt_530,LTE,22507.0,24194.0,1688.0,7080.0,0.2384180790960452
pedestrian_1-1-pt_5324_L_XYMI0,pedestrian_1-1-pt_5324,LTE,20232.0,21685.0,1454.0,5831.0,0.2493568856113874
pedestrian_1-1-pt_5357_L_SM5SB,pedestrian_1-1-pt_5357,LTE,18646.0,19939.0,1294.0,6555.0,0.19740655987795575
pedestrian_1-1-pt_5392_L_X9EQP,pedestrian_1-1-pt_5392,LTE,21112.0,22793.0,1682.0,6937.0,0.24246792561626063
pedestrian_1-1-pt_5481_L_0Q7ZY,pedestrian_1-1-pt_5481,LTE,21464.0,23111.0,1648.0,5875.0,0.2805106382978723
pedestrian_1-1-pt_560_L_4XGY6,pedestrian_1-1-pt_560,LTE,19447.0,20900.0,1454.0,6756.0,0.21521610420367082
pedestrian_1-1-pt_5666_L_8PHM3,pedestrian_1-1-pt_5666,LTE,19059.0,20615.0,1557.0,6142.0,0.2535004884402475
pedestrian_1-1-pt_571_L_4B2FH,pedestrian_1-1-pt_571,LTE,19234.0,20954.0,1721.0,5967.0,0.2884196413608178
pedestrian_1-1-pt_5897_L_ACF74,pedestrian_1-1-pt_5897,LTE,23832.0,25200.0,1369.0,6252.0,0.2189699296225208
pedestrian_1-1-pt_5906_L_3BHUM,pedestrian_1-1-pt_5906,LTE,22899.0,24511.0,1613.0,5741.0,0.28096150496429195
pedestrian_1-1-pt_5913_L_AMDMM,pedestrian_1-1-pt_5913,LTE,22049.0,23585.0,1537.0,5514.0,0.27874501269495827
pedestrian_1-1-pt_5942_L_DLWA7,pedestrian_1-1-pt_5942,LTE,19816.0,21370.0,1555.0,5385.0,0.28876508820798513
pedestrian_1-1-pt_5997_L_W5EN0,pedestrian_1-1-pt_5997,LTE,20417.0,21706.0,1290.0,5988.0,0.2154308617234469
pedestrian_1-1-pt_5999_L_2I76N,pedestrian_1-1-pt_5999,LTE,21841.0,23481.0,1641.0,5726.0,0.2865874956339504
pedestrian_1-1-pt_6031_L_RS8VX,pedestrian_1-1-pt_6031,LTE,21171.0,22644.0,1474.0,6793.0,0.21698807596054762
pedestrian_1-1-pt_6176_L_QAZY8,pedestrian_1-1-pt_6176,LTE,19727.0,21335.0,1609.0,6381.0,0.25215483466541294
pedestrian_1-1-pt_6273_L_IJ5C5,pedestrian_1-1-pt_6273,LTE,20441.0,22010.0,1570.0,5933.0,0.2646216079555031
pedestrian_1-1-pt_6292_L_J61BF,pedestrian_1-1-pt_6292,LTE,18919.0,20414.0,1496.0,6282.0,0.23814071951607768
pedestrian_1-1-pt_6297_L_A33SR,pedestrian_1-1-pt_6297,LTE,21002.0,22547.0,1546.0,6567.0,0.23541952185168266
pedestrian_1-1-pt_6309_L_VOYSR,pedestrian_1-1-pt_6309,LTE,18381.0,20044.0,1664.0,6820.0,0.2439882697947214
pedestrian_1-1-pt_6355_L_PR6N2,pedestrian_1-1-pt_6355,LTE,19558.0,21231.0,1674.0,7060.0,0.23711048158640227
pedestrian_1-1-pt_6358_L_087GD,pedestrian_1-1-pt_6358,LTE,20189.0,21698.0,1510.0,6143.0,0.24580823701774376
pedestrian_1-1-pt_6368_L_XMNE3,pedestrian_1-1-pt_6368,LTE,19926.0,21379.0,1454.0,6525.0,0.2228352490421456
pedestrian_1-1-pt_6381_L_6HUZX,pedestrian_1-1-pt_6381,LTE,20909.0,22515.0,1607.0,6181.0,0.25999029283287495
pedestrian_1-1-pt_6389_L_LEN3Q,pedestrian_1-1-pt_6389,LTE,21212.0,22722.0,1511.0,5520.0,0.273731884057971
pedestrian_1-1-pt_6413_L_RQWBU,pedestrian_1-1-pt_6413,LTE,20595.0,22241.0,1647.0,6037.0,0.27281762464800396
pedestrian_1-1-pt_6453_L_DANLJ,pedestrian_1-1-pt_6453,LTE,23693.0,25086.0,1394.0,5976.0,0.23326639892904952
pedestrian_1-1-pt_6516_L_EG1NG,pedestrian_1-1-pt_6516,LTE,22614.0,24027.0,1414.0,6210.0,0.22769726247987118
pedestrian_1-1-pt_6538_L_LPF3P,pedestrian_1-1-pt_6538,LTE,20031.0,21763.0,1733.0,6300.0,0.2750793650793651
pedestrian_1-1-pt_654_L_ZELRE,pedestrian_1-1-pt_654,LTE,23591.0,24773.0,1183.0,5592.0,0.211552217453505
pedestrian_1-1-pt_6673_L_N93QO,pedestrian_1-1-pt_6673,LTE,20389.0,22091.0,1703.0,6768.0,0.2516252955082742
pedestrian_1-1-pt_6743_L_TFKAG,pedestrian_1-1-pt_6743,LTE,18841.0,20420.0,1580.0,6360.0,0.24842767295597484
pedestrian_1-1-pt_6779_L_K6E2L,pedestrian_1-1-pt_6779,LTE,23410.0,25122.0,1713.0,6538.0,0.26200672988681556
pedestrian_1-1-pt_6931_L_QR1EO,pedestrian_1-1-pt_6931,LTE,20623.0,22289.0,1667.0,6836.0,0.2438560561732007
pedestrian_1-1-pt_6974_L_EVAMU,pedestrian_1-1-pt_6974,LTE,21061.0,22651.0,1591.0,6531.0,0.24360741080998316
pedestrian_1-1-pt_7040_L_BOJSK,pedestrian_1-1-pt_7040,LTE,21390.0,23141.0,1752.0,7007.0,0.2500356786071072
pedestrian_1-1-pt_7080_L_4W5AJ,pedestrian_1-1-pt_7080,LTE,22443.0,24028.0,1586.0,5813.0,0.2728367452262171
pedestrian_1-1-pt_7104_L_5EMRO,pedestrian_1-1-pt_7104,LTE,20922.0,22540.0,1619.0,5929.0,0.2730645977399224
pedestrian_1-1-pt_7123_L_Z6VXA,pedestrian_1-1-pt_7123,LTE,22918.0,24634.0,1717.0,7004.0,0.24514563106796117
pedestrian_1-1-pt_7142_L_144WA,pedestrian_1-1-pt_7142,LTE,22544.0,24225.0,1682.0,6394.0,0.26305911792305287
pedestrian_1-1-pt_7208_L_8O736,pedestrian_1-1-pt_7208,LTE,22329.0,23800.0,1472.0,5511.0,0.2671021593177282
pedestrian_1-1-pt_725_L_BN5ZH,pedestrian_1-1-pt_725,LTE,20665.0,22364.0,1700.0,5500.0,0.3090909090909091
pedestrian_1-1-pt_7277_L_E3R37,pedestrian_1-1-pt_7277,LTE,22153.0,23565.0,1413.0,5531.0,0.255469173747966
pedestrian_1-1-pt_7325_L_D1PUL,pedestrian_1-1-pt_7325,LTE,21974.0,23485.0,1512.0,5555.0,0.2721872187218722
pedestrian_1-1-pt_7440_L_E3IK4,pedestrian_1-1-pt_7440,LTE,18217.0,19935.0,1719.0,6984.0,0.24613402061855671
pedestrian_1-1-pt_7573_L_FW7JF,pedestrian_1-1-pt_7573,LTE,21747.0,23405.0,1659.0,5703.0,0.2908995265649658
pedestrian_1-1-pt_761_L_LFUMX,pedestrian_1-1-pt_761,LTE,20494.0,22190.0,1697.0,5770.0,0.29410745233968805
pedestrian_1-1-pt_7664_L_0I0XG,pedestrian_1-1-pt_7664,LTE,19644.0,21308.0,1665.0,6652.0,0.25030066145520147
pedestrian_1-1-pt_7732_L_NP8E0,pedestrian_1-1-pt_7732,LTE,19497.0,20866.0,1370.0,5704.0,0.24018232819074334
pedestrian_1-1-pt_776_L_N0C1Y,pedestrian_1-1-pt_776,LTE,20809.0,22447.0,1639.0,6782.0,0.2416691241521675
pedestrian_1-1-pt_7760_L_THT2A,pedestrian_1-1-pt_7760,LTE,19650.0,21174.0,1525.0,6481.0,0.2353031939515507
pedestrian_1-1-pt_7763_L_Q7P52,pedestrian_1-1-pt_7763,LTE,22634.0,24306.0,1673.0,6435.0,0.25998445998445996
pedestrian_1-1-pt_7863_L_J8Z1Y,pedestrian_1-1-pt_7863,LTE,22827.0,24562.0,1736.0,5960.0,0.2912751677852349
pedestrian_1-1-pt_7915_L_0HX2C,pedestrian_1-1-pt_7915,LTE,21820.0,23425.0,1606.0,7007.0,0.22919937205651492
pedestrian_1-1-pt_7938_L_VR4KN,pedestrian_1-1-pt_7938,LTE,22911.0,24453.0,1543.0,5768.0,0.2675104022191401
pedestrian_1-1-pt_7948_L_AT7Y8,pedestrian_1-1-pt_7948,LTE,22361.0,24033.0,1673.0,5563.0,0.30073701240337947
pedestrian_1-1-pt_7959_L_VGF3Y,pedestrian_1-1-pt_7959,LTE,20079.0,21241.0,1163.0,5894.0,0.19731930777061418
pedestrian_1-1-pt_8068_L_YZ27W,pedestrian_1-1-pt_8068,LTE,20169.0,21638.0,1470.0,6233.0,0.2358414888496711
pedestrian_1-1-pt_8085_L_B08V8,pedestrian_1-1-pt_8085,LTE,19982.0,21461.0,1480.0,5972.0,0.2478231748158071
pedestrian_1-1-pt_8137_L_36F1B,pedestrian_1-1-pt_8137,LTE,23599.0,25119.0,1521.0,5526.0,0.2752442996742671
pedestrian_1-1-pt_8184_L_0SQ55,pedestrian_1-1-pt_8184,LTE,19603.0,21208.0,1606.0,6506.0,0.24684906240393484
pedestrian_1-1-pt_8247_L_73EAK,pedestrian_1-1-pt_8247,LTE,19319.0,20945.0,1627.0,5882.0,0.2766065963957837
pedestrian_1-1-pt_8280_L_3EOEN,pedestrian_1-1-pt_8280,LTE,22716.0,24447.0,1732.0,6185.0,0.2800323362974939
pedestrian_1-1-pt_8289_L_WRXO6,pedestrian_1-1-pt_8289,LTE,20247.0,21825.0,1579.0,7155.0,0.22068483577917541
pedestrian_1-1-pt_841_L_TGSKN,pedestrian_1-1-pt_841,LTE,22424.0,23893.0,1470.0,6978.0,0.21066208082545143
pedestrian_1-1-pt_8545_L_6INVU,pedestrian_1-1-pt_8545,LTE,19242.0,20802.0,1561.0,6923.0,0.22548028311425683
pedestrian_1-1-pt_8611_L_FE32P,pedestrian_1-1-pt_8611,LTE,21000.0,22521.0,1522.0,6238.0,0.243988457839051
pedestrian_1-1-pt_8682_L_ACPZE,pedestrian_1-1-pt_8682,LTE,21159.0,22623.0,1465.0,6024.0,0.24319389110225764
pedestrian_1-1-pt_8692_L_F80PR,pedestrian_1-1-pt_8692,LTE,20883.0,22594.0,1712.0,6684.0,0.2561340514661879
pedestrian_1-1-pt_8728_L_G8PSC,pedestrian_1-1-pt_8728,LTE,20309.0,21507.0,1199.0,5814.0,0.2062263501891985
pedestrian_1-1-pt_8735_L_ZO56V,pedestrian_1-1-pt_8735,LTE,19305.0,21030.0,1726.0,5896.0,0.29274084124830396
pedestrian_1-1-pt_8739_L_4AC5W,pedestrian_1-1-pt_8739,LTE,22194.0,23770.0,1577.0,5576.0,0.28281922525107606
pedestrian_1-1-pt_8762_L_6F5MZ,pedestrian_1-1-pt_8762,LTE,18815.0,19848.0,1034.0,6386.0,0.16191669276542436
pedestrian_1-1-pt_8830_L_UI255,pedestrian_1-1-pt_8830,LTE,22832.0,24410.0,1579.0,5373.0,0.29387679136422856
pedestrian_1-1-pt_8968_L_EJ512,pedestrian_1-1-pt_8968,LTE,21130.0,22425.0,1296.0,6159.0,0.21042377009254748
pedestrian_1-1-pt_8969_L_9N0TH,pedestrian_1-1-pt_8969,LTE,22651.0,23944.0,1294.0,5637.0,0.22955472769203478
pedestrian_1-1-pt_8982_L_6GRKE,pedestrian_1-1-pt_8982,LTE,21813.0,23450.0,1638.0,6952.0,0.23561565017261218
pedestrian_1-1-pt_977_L_Q4FNA,pedestrian_1-1-pt_977,LTE,19381.0,21132.0,1752.0,6579.0,0.2663018695850433
pedestrian_1-1-pt_98_L_MJS32,pedestrian_1-1-pt_98,LTE,23319.0,24959.0,1641.0,6077.0,0.27003455652460095
pedestrian_1-1-veh_105_L_TK8O4,pedestrian_1-1-veh_105,LTE,22421.0,24094.0,1674.0,7196.0,0.23262923846581435
pedestrian_1-1-veh_152_L_YIKA6,pedestrian_1-1-veh_152,LTE,18944.0,20360.0,1417.0,6257.0,0.22646635767939907
pedestrian_1-1-veh_234_L_9YF7U,pedestrian_1-1-veh_234,LTE,21848.0,23414.0,1567.0,6799.0,0.23047506986321517
pedestrian_1-1-veh_246_L_P90CL,pedestrian_1-1-veh_246,LTE,18803.0,20002.0,1200.0,6398.0,0.1875586120662707
pedestrian_1-1-veh_298_L_2EYNI,pedestrian_1-1-veh_298,LTE,22132.0,23620.0,1489.0,5630.0,0.2644760213143872
pedestrian_1-1-veh_407_L_Z4MXC,pedestrian_1-1-veh_407,LTE,22218.0,23927.0,1710.0,6288.0,0.2719465648854962
pedestrian_1-1-veh_459_L_8F0ZV,pedestrian_1-1-veh_459,LTE,19430.0,21122.0,1693.0,6678.0,0.25351901766996104
pedestrian_1-1-veh_5_L_9KY2T,pedestrian_1-1-veh_5,LTE,21726.0,23164.0,1439.0,5507.0,0.2613037951697839
pedestrian_1-1-veh_530_L_5E7QA,pedestrian_1-1-veh_530,LTE,19791.0,21430.0,1640.0,5410.0,0.3031423290203327
pedestrian_1-1-veh_602_L_LC4N6,pedestrian_1-1-veh_602,LTE,21651.0,23238.0,1588.0,6500.0,0.2443076923076923
pedestrian_1-1-veh_603_L_JX5DJ,pedestrian_1-1-veh_603,LTE,21777.0,23061.0,1285.0,5455.0,0.23556370302474794
pedestrian_1-1-veh_608_L_9LYO4,pedestrian_1-1-veh_608,LTE,19131.0,20583.0,1453.0,6070.0,0.23937397034596375
pedestrian_1-1-veh_610_L_RB9AQ,pedestrian_1-1-veh_610,LTE,22534.0,23966.0,1433.0,5536.0,0.25885115606936415
pedestrian_1-1-veh_65_L_Y4SAK,pedestrian_1-1-veh_65,LTE,23288.0,25000.0,1713.0,6733.0,0.25441853557106786
pedestrian_1-1-veh_767_L_9P2M2,pedestrian_1-1-veh_767,LTE,19596.0,21268.0,1673.0,6894.0,0.2426747896721787
pedestrian_1-1-veh_792_L_IS6ST,pedestrian_1-1-veh_792,LTE,19592.0,21197.0,1606.0,5609.0,0.28632554822606526
pedestrian_1-1-veh_824_L_YDTCL,pedestrian_1-1-veh_824,LTE,19071.0,20425.0,1355.0,6130.0,0.22104404567699837
pedestrian_1-1-veh_834_L_XHADH,pedestrian_1-1-veh_834,LTE,20365.0,21770.0,1406.0,5735.0,0.24516129032258063
pedestrian_1-1-veh_837_L_VJHYL,pedestrian_1-1-veh_837,LTE,19461.0,21219.0,1759.0,5740.0,0.3064459930313589
pedestrian_1-2_1017_L_5HCPS,pedestrian_1-2_1017,LTE,20644.0,22250.0,1607.0,5594.0,0.28727207722559883
pedestrian_1-2_1025_L_TYHRF,pedestrian_1-2_1025,LTE,21417.0,23175.0,1759.0,6139.0,0.28652875061084865
pedestrian_1-2_104_L_XB066,pedestrian_1-2_104,LTE,20204.0,21915.0,1712.0,7031.0,0.24349310197695917
pedestrian_1-2_1063_L_03XD1,pedestrian_1-2_1063,LTE,22094.0,23824.0,1731.0,6656.0,0.2600661057692308
pedestrian_1-2_1066_L_O7QZ3,pedestrian_1-2_1066,LTE,18358.0,19912.0,1555.0,6843.0,0.22723951483267574
pedestrian_1-2_1203_L_LSZKD,pedestrian_1-2_1203,LTE,19513.0,21193.0,1681.0,5688.0,0.29553445850914206
pedestrian_1-2_1219_L_VWMVI,pedestrian_1-2_1219,LTE,21808.0,23574.0,1767.0,5938.0,0.29757494105759513
pedestrian_1-2_1255_L_3SPHG,pedestrian_1-2_1255,LTE,21780.0,23522.0,1743.0,6617.0,0.26341242254798247
pedestrian_1-2_1265_L_9CLZE,pedestrian_1-2_1265,LTE,19571.0,21281.0,1711.0,5630.0,0.3039076376554174
pedestrian_1-2_1285_L_AV86F,pedestrian_1-2_1285,LTE,18139.0,19721.0,1583.0,7062.0,0.22415746247521948
pedestrian_1-2_1313_L_097QF,pedestrian_1-2_1313,LTE,20149.0,21832.0,1684.0,7097.0,0.23728335916584473
pedestrian_1-2_1420_L_O0CTP,pedestrian_1-2_1420,LTE,19878.0,21509.0,1632.0,6363.0,0.2564827911362565
pedestrian_1-2_149_L_NG1XZ,pedestrian_1-2_149,LTE,22243.0,23636.0,1394.0,5388.0,0.25872308834446917
pedestrian_1-2_1494_L_EUGHC,pedestrian_1-2_1494,LTE,18702.0,20413.0,1712.0,6499.0,0.2634251423295892
pedestrian_1-2_1533_L_MMDA8,pedestrian_1-2_1533,LTE,20459.0,22179.0,1721.0,6275.0,0.27426294820717134
pedestrian_1-2_1559_L_0GJ0K,pedestrian_1-2_1559,LTE,22294.0,23759.0,1466.0,7108.0,0.20624648283624086
pedestrian_1-2_1596_L_JS9JQ,pedestrian_1-2_1596,LTE,19206.0,20382.0,1177.0,5995.0,0.1963302752293578
pedestrian_1-2_1600_L_V6Z7J,pedestrian_1-2_1600,LTE,21354.0,23096.0,1743.0,6859.0,0.2541186761918647
pedestrian_1-2_1612_L_1HU1O,pedestrian_1-2_1612,LTE,23575.0,25200.0,1626.0,7035.0,0.23113006396588487
pedestrian_1-2_163_L_IJQTY,pedestrian_1-2_163,LTE,19685.0,21419.0,1735.0,6738.0,0.25749480558029086
pedestrian_1-2_1640_L_0MT6T,pedestrian_1-2_1640,LTE,18479.0,20025.0,1547.0,6722.0,0.2301398393335317
pedestrian_1-2_1658_L_S265E,pedestrian_1-2_1658,LTE,23909.0,25200.0,1292.0,6216.0,0.20785070785070786
pedestrian_1-2_168_L_36E9G,pedestrian_1-2_168,LTE,23597.0,25161.0,1565.0,6497.0,0.24088040634138833
pedestrian_1-2_171_L_JQVSP,pedestrian_1-2_171,LTE,20818.0,22424.0,1607.0,5485.0,0.29298085688240655
pedestrian_1-2_1715_L_0JS4I,pedestrian_1-2_1715,LTE,23320.0,24840.0,1521.0,6609.0,0.230140717203813
pedestrian_1-2_1805_L_M2DV4,pedestrian_1-2_1805,LTE,20969.0,22254.0,1286.0,6105.0,0.21064701064701064
pedestrian_1-2_1948_L_G44NT,pedestrian_1-2_1948,LTE,18646.0,20317.0,1672.0,6555.0,0.25507246376811593
pedestrian_1-2_1953_L_TBU8K,pedestrian_1-2_1953,LTE,18879.0,20532.0,1654.0,6322.0,0.2616260677000949
pedestrian_1-2_1990_L_1B4FT,pedestrian_1-2_1990,LTE,18002.0,19374.0,1373.0,7199.0,0.19072093346298097
pedestrian_1-2_2030_L_BKLVP,pedestrian_1-2_2030,LTE,23713.0,25200.0,1488.0,6734.0,0.22096822096822097
pedestrian_1-2_2034_L_RWEPV,pedestrian_1-2_2034,LTE,20522.0,22062.0,1541.0,5960.0,0.25855704697986576
pedestrian_1-2_2061_L_WSLOJ,pedestrian_1-2_2061,LTE,23525.0,24924.0,1400.0,6199.0,0.2258428778835296
pedestrian_1-2_2180_L_E8J34,pedestrian_1-2_2180,LTE,19703.0,21315.0,1613.0,7026.0,0.2295758610873897
pedestrian_1-2_2183_L_67AUP,pedestrian_1-2_2183,LTE,22116.0,23830.0,1715.0,6926.0,0.2476176725382616
pedestrian_1-2_2215_L_9MJ06,pedestrian_1-2_2215,LTE,21147.0,22664.0,1518.0,5539.0,0.2740566889330204
pedestrian_1-2_2229_L_X92LE,pedestrian_1-2_2229,LTE,19305.0,20757.0,1453.0,6762.0,0.21487725524992607
pedestrian_1-2_2237_L_W81O2,pedestrian_1-2_2237,LTE,22963.0,24189.0,1227.0,6682.0,0.18362765639030232
pedestrian_1-2_2287_L_AX201,pedestrian_1-2_2287,LTE,22381.0,24048.0,1668.0,7050.0,0.23659574468085107
pedestrian_1-2_2335_L_Z84NL,pedestrian_1-2_2335,LTE,19080.0,20501.0,1422.0,6121.0,0.23231498121222022
pedestrian_1-2_2338_L_J30F9,pedestrian_1-2_2338,LTE,20622.0,22089.0,1468.0,5498.0,0.26700618406693344
pedestrian_1-2_2345_L_2OQ8R,pedestrian_1-2_2345,LTE,20859.0,22394.0,1536.0,5395.0,0.284708063021316
pedestrian_1-2_2422_L_D6MTI,pedestrian_1-2_2422,LTE,19748.0,21157.0,1410.0,6365.0,0.22152395915161036
pedestrian_1-2_2473_L_596QT,pedestrian_1-2_2473,LTE,20517.0,21839.0,1323.0,5816.0,0.22747592847317744
pedestrian_1-2_250_L_9FVQD,pedestrian_1-2_250,LTE,22620.0,24305.0,1686.0,5782.0,0.29159460394327225
pedestrian_1-2_2512_L_SSMZL,pedestrian_1-2_2512,LTE,20842.0,22398.0,1557.0,6947.0,0.22412552180797465
pedestrian_1-2_2543_L_GZV0Y,pedestrian_1-2_2543,LTE,22796.0,24550.0,1755.0,5759.0,0.3047404063205418
pedestrian_1-2_2554_L_TN9SJ,pedestrian_1-2_2554,LTE,21209.0,22847.0,1639.0,6340.0,0.2585173501577287
pedestrian_1-2_2564_L_2LWGX,pedestrian_1-2_2564,LTE,23331.0,24843.0,1513.0,6935.0,0.21816870944484498
pedestrian_1-2_2580_L_5R5Y7,pedestrian_1-2_2580,LTE,22455.0,23768.0,1314.0,7070.0,0.18585572842998585
pedestrian_1-2_2598_L_2UHQ2,pedestrian_1-2_2598,LTE,21461.0,23016.0,1556.0,6473.0,0.24038312992430094
pedestrian_1-2_2613_L_ZSBT0,pedestrian_1-2_2613,LTE,21724.0,23489.0,1766.0,6190.0,0.2852988691437803
pedestrian_1-2_263_L_Y8T7G,pedestrian_1-2_263,LTE,19480.0,20897.0,1418.0,5721.0,0.24785876595000875
pedestrian_1-2_2653_L_G6P38,pedestrian_1-2_2653,LTE,20552.0,22116.0,1565.0,5917.0,0.2644921412878148
pedestrian_1-2_2702_L_9ACKN,pedestrian_1-2_2702,LTE,22789.0,24335.0,1547.0,6084.0,0.25427350427350426
pedestrian_1-2_2715_L_V36F9,pedestrian_1-2_2715,LTE,22976.0,24184.0,1209.0,6045.0,0.2
pedestrian_1-2_2795_L_4NPJF,pedestrian_1-2_2795,LTE,23073.0,24595.0,1523.0,5670.0,0.2686067019400353
pedestrian_1-2_2797_L_894CW,pedestrian_1-2_2797,LTE,23249.0,24816.0,1568.0,6046.0,0.2593450215018194
pedestrian_1-2_2875_L_13IK7,pedestrian_1-2_2875,LTE,22691.0,24271.0,1581.0,5673.0,0.2786885245901639
pedestrian_1-2_303_L_K4QWU,pedestrian_1-2_303,LTE,19653.0,21339.0,1687.0,5548.0,0.3040735400144196
pedestrian_1-2_3052_L_XFMSA,pedestrian_1-2_3052,LTE,21900.0,23510.0,1611.0,6365.0,0.2531029065200314
pedestrian_1-2_3077_L_XRRKP,pedestrian_1-2_3077,LTE,21630.0,23387.0,1758.0,6537.0,0.26893070215695275
pedestrian_1-2_3081_L_FPBQD,pedestrian_1-2_3081,LTE,22723.0,24464.0,1742.0,5591.0,0.3115721695582186
pedestrian_1-2_315_L_ZXC13,pedestrian_1-2_315,LTE,19048.0,20461.0,1414.0,6153.0,0.229806598407281
pedestrian_1-2_3214_L_1K8I4,pedestrian_1-2_3214,LTE,19725.0,21395.0,1671.0,7047.0,0.23712217965091528
pedestrian_1-2_3224_L_HNBJS,pedestrian_1-2_3224,LTE,20595.0,22161.0,1567.0,5736.0,0.273186889818689
pedestrian_1-2_3280_L_KZNLH,pedestrian_1-2_3280,LTE,21827.0,23520.0,1694.0,6864.0,0.2467948717948718
pedestrian_1-2_3286_L_H9ZHW,pedestrian_1-2_3286,LTE,23000.0,24571.0,1572.0,6578.0,0.23897841289145638
pedestrian_1-2_3378_L_JYCHE,pedestrian_1-2_3378,LTE,19510.0,21287.0,1778.0,5691.0,0.3124231242312423
pedestrian_1-2_3386_L_Q5AQE,pedestrian_1-2_3386,LTE,18330.0,20013.0,1684.0,6871.0,0.24508805122980643
pedestrian_1-2_3389_L_RDU05,pedestrian_1-2_3389,LTE,21849.0,23442.0,1594.0,5598.0,0.28474455162558054
pedestrian_1-2_3413_L_LR7L2,pedestrian_1-2_3413,LTE,19608.0,21251.0,1644.0,5593.0,0.2939388521365993
pedestrian_1-2_3464_L_3K3IV,pedestrian_1-2_3464,LTE,19027.0,20761.0,1735.0,6174.0,0.2810171687722708
pedestrian_1-2_3488_L_54CUK,pedestrian_1-2_3488,LTE,22550.0,24093.0,1544.0,7089.0,0.21780222880519115
pedestrian_1-2_3575_L_WLDE8,pedestrian_1-2_3575,LTE,22818.0,24556.0,1739.0,6873.0,0.2530190600902081
pedestrian_1-2_3590_L_HCYFH,pedestrian_1-2_3590,LTE,21903.0,23559.0,1657.0,6158.0,0.2690808704124716
pedestrian_1-2_3608_L_LH44S,pedestrian_1-2_3608,LTE,19143.0,20731.0,1589.0,6988.0,0.227389811104751
pedestrian_1-2_3692_L_O9M8X,pedestrian_1-2_3692,LTE,22530.0,24215.0,1686.0,5961.0,0.2828384499245093
pedestrian_1-2_3693_L_K5FZ2,pedestrian_1-2_3693,LTE,19044.0,20768.0,1725.0,7023.0,0.24562152926099956
pedestrian_1-2_3702_L_KBU51,pedestrian_1-2_3702,LTE,21104.0,22832.0,1729.0,5679.0,0.30445500968480366
pedestrian_1-2_3708_L_ILAJV,pedestrian_1-2_3708,LTE,21945.0,23670.0,1726.0,6144.0,0.2809244791666667
pedestrian_1-2_3716_L_XDHN2,pedestrian_1-2_3716,LTE,22778.0,24529.0,1752.0,5629.0,0.3112453366494937
pedestrian_1-2_3752_L_9QFNV,pedestrian_1-2_3752,LTE,20604.0,22000.0,1397.0,5481.0,0.2548804962598066
pedestrian_1-2_3821_L_4Y5NJ,pedestrian_1-2_3821,LTE,18059.0,19662.0,1604.0,7142.0,0.22458695043405208
pedestrian_1-2_3835_L_KO3TG,pedestrian_1-2_3835,LTE,21839.0,23137.0,1299.0,6603.0,0.1967287596547024
pedestrian_1-2_3879_L_MB96H,pedestrian_1-2_3879,LTE,19773.0,21236.0,1464.0,6481.0,0.22589106619348867
pedestrian_1-2_3908_L_QMERH,pedestrian_1-2_3908,LTE,22672.0,24113.0,1442.0,6464.0,0.22308168316831684
pedestrian_1-2_4019_L_SO14Y,pedestrian_1-2_4019,LTE,19828.0,21399.0,1572.0,5373.0,0.2925739810161921
pedestrian_1-2_4065_L_VIOMY,pedestrian_1-2_4065,LTE,20000.0,21752.0,1753.0,6023.0,0.2910509712767724
pedestrian_1-2_4098_L_R00QS,pedestrian_1-2_4098,LTE,20353.0,22097.0,1745.0,6284.0,0.27768936982813497
pedestrian_1-2_4206_L_6HOKK,pedestrian_1-2_4206,LTE,20755.0,22375.0,1621.0,6944.0,0.2334389400921659
pedestrian_1-2_4208_L_9UAR1,pedestrian_1-2_4208,LTE,21267.0,22880.0,1614.0,6604.0,0.24439733494851604
pedestrian_1-2_4249_L_TL7IA,pedestrian_1-2_4249,LTE,21683.0,22988.0,1306.0,5877.0,0.2222222222222222
pedestrian_1-2_4266_L_FFYFC,pedestrian_1-2_4266,LTE,22894.0,24360.0,1467.0,5854.0,0.2505978817902289
pedestrian_1-2_4270_L_GE6CK,pedestrian_1-2_4270,LTE,20344.0,21800.0,1457.0,7037.0,0.20704845814977973
pedestrian_1-2_4285_L_4QNIN,pedestrian_1-2_4285,LTE,21535.0,23206.0,1672.0,5448.0,0.3069016152716593
pedestrian_1-2_4327_L_RNNIG,pedestrian_1-2_4327,LTE,21650.0,23151.0,1502.0,7115.0,0.21110330288123683
pedestrian_1-2_4329_L_OS88S,pedestrian_1-2_4329,LTE,21507.0,22844.0,1338.0,5659.0,0.23643753313306237
pedestrian_1-2_4376_L_9O80X,pedestrian_1-2_4376,LTE,18588.0,20054.0,1467.0,6613.0,0.2218357780130047
pedestrian_1-2_4388_L_7YV7G,pedestrian_1-2_4388,LTE,21123.0,22885.0,1763.0,6804.0,0.25911228689006466
pedestrian_1-2_4454_L_3XP8Y,pedestrian_1-2_4454,LTE,18070.0,19448.0,1379.0,7131.0,0.19338101248071798
pedestrian_1-2_4464_L_UQZMB,pedestrian_1-2_4464,LTE,21020.0,22499.0,1480.0,5418.0,0.2731635289774825
pedestrian_1-2_4483_L_9DBH4,pedestrian_1-2_4483,LTE,22419.0,24092.0,1674.0,6485.0,0.25813415574402465
pedestrian_1-2_4607_L_ZTYZS,pedestrian_1-2_4607,LTE,20264.0,21970.0,1707.0,6110.0,0.2793780687397709
pedestrian_1-2_4609_L_6S57W,pedestrian_1-2_4609,LTE,18126.0,19903.0,1778.0,7075.0,0.2513074204946997
pedestrian_1-2_4634_L_ZXWN2,pedestrian_1-2_4634,LTE,19961.0,21490.0,1530.0,7076.0,0.21622385528547203
pedestrian_1-2_4715_L_YTSFW,pedestrian_1-2_4715,LTE,18481.0,20011.0,1531.0,6720.0,0.22782738095238095
pedestrian_1-2_4724_L_8R3KO,pedestrian_1-2_4724,LTE,20526.0,22223.0,1698.0,5843.0,0.2906041417080267
pedestrian_1-2_4730_L_KCGH5,pedestrian_1-2_4730,LTE,18769.0,20511.0,1743.0,6432.0,0.27098880597014924
pedestrian_1-2_4734_L_LSEJ3,pedestrian_1-2_4734,LTE,23305.0,24763.0,1459.0,7159.0,0.2037994133258835
pedestrian_1-2_4753_L_6H014,pedestrian_1-2_4753,LTE,19897.0,21573.0,1677.0,6759.0,0.24811362627607633
pedestrian_1-2_4771_L_BW4A2,pedestrian_1-2_4771,LTE,23182.0,24879.0,1698.0,5684.0,0.2987332864180155
pedestrian_1-2_4791_L_IGCRN,pedestrian_1-2_4791,LTE,21203.0,22831.0,1629.0,6628.0,0.24577549788774894
pedestrian_1-2_4853_L_GZO1M,pedestrian_1-2_4853,LTE,22570.0,24129.0,1560.0,6891.0,0.22638223770134958
pedestrian_1-2_4886_L_Z46LM,pedestrian_1-2_4886,LTE,20299.0,21981.0,1683.0,5921.0,0.28424252660023647
pedestrian_1-2_4940_L_AVHFD,pedestrian_1-2_4940,LTE,21136.0,22663.0,1528.0,6464.0,0.23638613861386137
pedestrian_1-2_4955_L_YXN0P,pedestrian_1-2_4955,LTE,21156.0,22879.0,1724.0,6920.0,0.2491329479768786
pedestrian_1-2_4962_L_UIWVQ,pedestrian_1-2_4962,LTE,19046.0,20806.0,1761.0,6155.0,0.2861088545897644
pedestrian_1-2_5020_L_J4POX,pedestrian_1-2_5020,LTE,20389.0,21993.0,1605.0,6183.0,0.25958272683163514
pedestrian_1-2_505_L_G3PZN,pedestrian_1-2_505,LTE,22964.0,24501.0,1538.0,6196.0,0.24822466107165914
pedestrian_1-2_5092_L_IRLVX,pedestrian_1-2_5092,LTE,18215.0,19815.0,1601.0,6986.0,0.2291726309762382
pedestrian_1-2_5210_L_RY7TL,pedestrian_1-2_5210,LTE,21404.0,22970.0,1567.0,6568.0,0.2385809987819732
pedestrian_1-2_5252_L_3WXOH,pedestrian_1-2_5252,LTE,18908.0,20284.0,1377.0,6293.0,0.2188145558557127
pedestrian_1-2_5288_L_PO054,pedestrian_1-2_5288,LTE,20997.0,22429.0,1433.0,6284.0,0.22803946530872057
pedestrian_1-2_5369_L_FLKQW,pedestrian_1-2_5369,LTE,21464.0,23188.0,1725.0,5874.0,0.2936670071501532
pedestrian_1-2_5428_L_7GDK5,pedestrian_1-2_5428,LTE,19135.0,20794.0,1660.0,6066.0,0.2736564457632707
pedestrian_1-2_5437_L_3E4UG,pedestrian_1-2_5437,LTE,19546.0,20639.0,1094.0,5655.0,0.19345711759504863
pedestrian_1-2_5518_L_MD5OX,pedestrian_1-2_5518,LTE,18103.0,19757.0,1655.0,7098.0,0.23316427162581008
pedestrian_1-2_5543_L_25VJD,pedestrian_1-2_5543,LTE,23231.0,24390.0,1160.0,5376.0,0.21577380952380953
pedestrian_1-2_5640_L_K03K9,pedestrian_1-2_5640,LTE,18258.0,19935.0,1678.0,6943.0,0.24168226991214173
pedestrian_1-2_5641_L_IHVU0,pedestrian_1-2_5641,LTE,18619.0,19986.0,1368.0,6582.0,0.20783956244302643
pedestrian_1-2_568_L_CIO87,pedestrian_1-2_568,LTE,20858.0,21976.0,1119.0,5400.0,0.20722222222222222
pedestrian_1-2_573_L_ZVJ4X,pedestrian_1-2_573,LTE,22200.0,23872.0,1673.0,6739.0,0.24825641786615224
pedestrian_1-2_5745_L_KMMZG,pedestrian_1-2_5745,LTE,19114.0,20300.0,1187.0,6087.0,0.19500574995892886
pedestrian_1-2_5752_L_A858S,pedestrian_1-2_5752,LTE,20555.0,22155.0,1601.0,6265.0,0.2555466879489226
pedestrian_1-2_5753_L_RYI15,pedestrian_1-2_5753,LTE,20523.0,22028.0,1506.0,6898.0,0.2183241519280951
pedestrian_1-2_5765_L_WAKEV,pedestrian_1-2_5765,LTE,20555.0,22069.0,1515.0,5532.0,0.2738611713665944
pedestrian_1-2_5927_L_Q4LD2,pedestrian_1-2_5927,LTE,19560.0,21082.0,1523.0,6531.0,0.2331955290154647
pedestrian_1-2_593_L_L1TOK,pedestrian_1-2_593,LTE,23454.0,24980.0,1527.0,6862.0,0.22252987467210725
pedestrian_1-2_5943_L_01OT6,pedestrian_1-2_5943,LTE,18201.0,19922.0,1722.0,7000.0,0.246
pedestrian_1-2_5951_L_BGL0L,pedestrian_1-2_5951,LTE,21099.0,22690.0,1592.0,6485.0,0.24548959136468773
pedestrian_1-2_6013_L_QHJMU,pedestrian_1-2_6013,LTE,21455.0,23030.0,1576.0,6037.0,0.2610568162994865
pedestrian_1-2_609_L_POC89,pedestrian_1-2_609,LTE,18037.0,19698.0,1662.0,7164.0,0.2319932998324958
pedestrian_1-2_638_L_84LPR,pedestrian_1-2_638,LTE,22748.0,24518.0,1771.0,7148.0,0.24776161163961946
pedestrian_1-2_671_L_DRCS4,pedestrian_1-2_671,LTE,21884.0,23032.0,1149.0,5507.0,0.20864354457962592
pedestrian_1-2_752_L_NJXQK,pedestrian_1-2_752,LTE,22505.0,24104.0,1600.0,6709.0,0.23848561633626472
pedestrian_1-2_829_L_108GY,pedestrian_1-2_829,LTE,19407.0,21043.0,1637.0,6668.0,0.245500899820036
pedestrian_1-2_848_L_RPQ5K,pedestrian_1-2_848,LTE,21562.0,23111.0,1550.0,6513.0,0.2379855673268847
pedestrian_1-2_960_L_5YY6K,pedestrian_1-2_960,LTE,22673.0,24105.0,1433.0,5821.0,0.2461776327091565
pedestrian_1-3_1027_L_M6S9Y,pedestrian_1-3_1027,LTE,18922.0,20591.0,1670.0,6279.0,0.26596591813983117
pedestrian_1-3_1140_L_J3621,pedestrian_1-3_1140,LTE,21627.0,23077.0,1451.0,6039.0,0.2402715681404206
pedestrian_1-3_1213_L_HXXT5,pedestrian_1-3_1213,LTE,21174.0,22724.0,1551.0,5402.0,0.287115883006294
pedestrian_1-3_1324_L_A64BZ,pedestrian_1-3_1324,LTE,21267.0,22615.0,1349.0,5667.0,0.23804482089288864
pedestrian_1-3_1500_L_GTIW2,pedestrian_1-3_1500,LTE,23074.0,24722.0,1649.0,6651.0,0.24793264170801382
pedestrian_1-3_1535_L_6Z8LW,pedestrian_1-3_1535,LTE,22732.0,24193.0,1462.0,5417.0,0.26989108362562303
pedestrian_1-3_1571_L_EZ9AL,pedestrian_1-3_1571,LTE,23524.0,25041.0,1518.0,5568.0,0.27262931034482757
pedestrian_1-3_1604_L_BEFD7,pedestrian_1-3_1604,LTE,20920.0,22643.0,1724.0,6640.0,0.2596385542168675
pedestrian_1-3_1676_L_AXG7A,pedestrian_1-3_1676,LTE,21640.0,23173.0,1534.0,5749.0,0.26682901374152024
pedestrian_1-3_17_L_6SM5Z,pedestrian_1-3_17,LTE,18494.0,20178.0,1685.0,6707.0,0.2512300581482034
pedestrian_1-3_1737_L_R5LGH,pedestrian_1-3_1737,LTE,21110.0,22716.0,1607.0,6476.0,0.24814700432365658
pedestrian_1-3_1785_L_SB8MZ,pedestrian_1-3_1785,LTE,20578.0,22331.0,1754.0,6891.0,0.25453490059497896
pedestrian_1-3_1945_L_Y2UM6,pedestrian_1-3_1945,LTE,19514.0,21073.0,1560.0,5687.0,0.27430982943555476
pedestrian_1-3_2018_L_QZO5R,pedestrian_1-3_2018,LTE,19239.0,20926.0,1688.0,7169.0,0.23545822290417073
pedestrian_1-3_2043_L_RJMC3,pedestrian_1-3_2043,LTE,21862.0,23542.0,1681.0,6656.0,0.25255408653846156
pedestrian_1-3_2053_L_LH3DQ,pedestrian_1-3_2053,LTE,22345.0,24014.0,1670.0,6568.0,0.25426309378806333
pedestrian_1-3_2076_L_78E5J,pedestrian_1-3_2076,LTE,21079.0,22529.0,1451.0,6219.0,0.23331725357774563
pedestrian_1-3_2171_L_9YNF1,pedestrian_1-3_2171,LTE,23405.0,25147.0,1743.0,5908.0,0.2950236966824645
pedestrian_1-3_2180_L_9TRTI,pedestrian_1-3_2180,LTE,20374.0,21898.0,1525.0,7091.0,0.2150613453673671
pedestrian_1-3_2187_L_HK8Q6,pedestrian_1-3_2187,LTE,20915.0,22636.0,1722.0,6683.0,0.25766871165644173
pedestrian_1-3_2221_L_SSJMX,pedestrian_1-3_2221,LTE,18011.0,19736.0,1726.0,7190.0,0.24005563282336578
pedestrian_1-3_2278_L_XVJLY,pedestrian_1-3_2278,LTE,19523.0,20925.0,1403.0,6794.0,0.2065057403591404
pedestrian_1-3_228_L_N0KXZ,pedestrian_1-3_228,LTE,24020.0,25200.0,1181.0,6268.0,0.18841735800893428
pedestrian_1-3_2280_L_7H24I,pedestrian_1-3_2280,LTE,22600.0,24123.0,1524.0,5935.0,0.2567818028643639
pedestrian_1-3_2323_L_WG5IN,pedestrian_1-3_2323,LTE,22207.0,23927.0,1721.0,6890.0,0.2497822931785196
pedestrian_1-3_234_L_3N8VZ,pedestrian_1-3_234,LTE,23053.0,24770.0,1718.0,5948.0,0.28883658372562204
pedestrian_1-3_2374_L_ZLJYA,pedestrian_1-3_2374,LTE,20870.0,22435.0,1566.0,7199.0,0.21753021252951799
pedestrian_1-3_2410_L_FN4XK,pedestrian_1-3_2410,LTE,21493.0,23030.0,1538.0,7197.0,0.2137001528414617
pedestrian_1-3_2421_L_FQUP3,pedestrian_1-3_2421,LTE,22186.0,23886.0,1701.0,5604.0,0.3035331905781585
pedestrian_1-3_2424_L_4QCYE,pedestrian_1-3_2424,LTE,22082.0,23668.0,1587.0,5902.0,0.2688919010504914
pedestrian_1-3_2454_L_IJ0B2,pedestrian_1-3_2454,LTE,21754.0,23375.0,1622.0,7144.0,0.22704367301231804
pedestrian_1-3_2482_L_82QJ8,pedestrian_1-3_2482,LTE,23083.0,24537.0,1455.0,5462.0,0.26638593921640424
pedestrian_1-3_2528_L_PO7BT,pedestrian_1-3_2528,LTE,23364.0,25079.0,1716.0,5932.0,0.28927848954821306
pedestrian_1-3_2599_L_44KOD,pedestrian_1-3_2599,LTE,21262.0,22574.0,1313.0,6099.0,0.21528119363830137
pedestrian_1-3_2633_L_HFV7L,pedestrian_1-3_2633,LTE,19701.0,21460.0,1760.0,5500.0,0.32
pedestrian_1-3_2643_L_06BKE,pedestrian_1-3_2643,LTE,21783.0,23334.0,1552.0,6047.0,0.2566561931536299
pedestrian_1-3_268_L_C0TSV,pedestrian_1-3_268,LTE,22613.0,24004.0,1392.0,7140.0,0.1949579831932773
pedestrian_1-3_2745_L_QXRFF,pedestrian_1-3_2745,LTE,19760.0,21465.0,1706.0,5441.0,0.3135453041720272
pedestrian_1-3_2773_L_J6YQR,pedestrian_1-3_2773,LTE,22605.0,24343.0,1739.0,5761.0,0.30185731643811836
pedestrian_1-3_2786_L_RWDVR,pedestrian_1-3_2786,LTE,22697.0,24310.0,1614.0,5518.0,0.29249728162377675
pedestrian_1-3_28_L_X7U9Z,pedestrian_1-3_28,LTE,21847.0,23528.0,1682.0,5457.0,0.3082279640828294
pedestrian_1-3_283_L_VHMYK,pedestrian_1-3_283,LTE,21998.0,23612.0,1615.0,5666.0,0.2850335333568655
pedestrian_1-3_2881_L_V4DQX,pedestrian_1-3_2881,LTE,20608.0,22114.0,1507.0,6959.0,0.2165541026009484
pedestrian_1-3_2955_L_HSQRE,pedestrian_1-3_2955,LTE,22718.0,24109.0,1392.0,6818.0,0.20416544441185097
pedestrian_1-3_2985_L_JMAJD,pedestrian_1-3_2985,LTE,19923.0,21492.0,1570.0,6191.0,0.2535939266677435
pedestrian_1-3_3046_L_JSOCQ,pedestrian_1-3_3046,LTE,19094.0,20812.0,1719.0,7087.0,0.24255679413009737
pedestrian_1-3_3076_L_M8I12,pedestrian_1-3_3076,LTE,22228.0,23896.0,1669.0,6237.0,0.26759660092993426
pedestrian_1-3_3132_L_ZCPKO,pedestrian_1-3_3132,LTE,20295.0,21815.0,1521.0,6333.0,0.24017053529133112
pedestrian_1-3_3135_L_YBCBF,pedestrian_1-3_3135,LTE,21418.0,23046.0,1629.0,5406.0,0.3013318534961154
pedestrian_1-3_3245_L_AA63J,pedestrian_1-3_3245,LTE,23042.0,24442.0,1401.0,5902.0,0.23737716028464928
pedestrian_1-3_3253_L_VURQ8,pedestrian_1-3_3253,LTE,20565.0,21856.0,1292.0,5941.0,0.21747180609325029
pedestrian_1-3_3339_L_K66TN,pedestrian_1-3_3339,LTE,18622.0,20299.0,1678.0,6579.0,0.25505395956832344
pedestrian_1-3_3410_L_LCY6O,pedestrian_1-3_3410,LTE,19620.0,21335.0,1716.0,5581.0,0.3074717792510303
pedestrian_1-3_3457_L_HOYKS,pedestrian_1-3_3457,LTE,22505.0,24264.0,1760.0,6764.0,0.26020106445890007
pedestrian_1-3_3494_L_W2GTY,pedestrian_1-3_3494,LTE,20345.0,21785.0,1441.0,5672.0,0.2540550070521862
pedestrian_1-3_3536_L_ESFRH,pedestrian_1-3_3536,LTE,21747.0,23448.0,1702.0,5624.0,0.3026315789473684
pedestrian_1-3_3579_L_SZCR6,pedestrian_1-3_3579,LTE,20110.0,21812.0,1703.0,6076.0,0.2802830809743252
pedestrian_1-3_3755_L_7HN6X,pedestrian_1-3_3755,LTE,20746.0,22024.0,1279.0,5442.0,0.23502388827636897
pedestrian_1-3_3759_L_H908T,pedestrian_1-3_3759,LTE,18329.0,19870.0,1542.0,6872.0,0.22438882421420256
pedestrian_1-3_3776_L_RAMJ5,pedestrian_1-3_3776,LTE,22139.0,23412.0,1274.0,6101.0,0.2088182265202426
pedestrian_1-3_3793_L_OXYAX,pedestrian_1-3_3793,LTE,18916.0,20491.0,1576.0,6285.0,0.2507557677008751
pedestrian_1-3_3834_L_HCQZR,pedestrian_1-3_3834,LTE,21989.0,23571.0,1583.0,7122.0,0.2222690255546195
pedestrian_1-3_3901_L_DCMJF,pedestrian_1-3_3901,LTE,21827.0,23269.0,1443.0,6527.0,0.22108166079362648
pedestrian_1-3_4025_L_RX01U,pedestrian_1-3_4025,LTE,21537.0,23111.0,1575.0,5986.0,0.26311393250918813
pedestrian_1-3_403_L_06R9J,pedestrian_1-3_403,LTE,21611.0,23352.0,1742.0,5970.0,0.2917922948073702
pedestrian_1-3_4124_L_LNO2V,pedestrian_1-3_4124,LTE,19100.0,20854.0,1755.0,6101.0,0.2876577610227832
pedestrian_1-3_4168_L_PK6GU,pedestrian_1-3_4168,LTE,22465.0,24163.0,1699.0,6652.0,0.25541190619362597
pedestrian_1-3_4253_L_XYYML,pedestrian_1-3_4253,LTE,22214.0,23561.0,1348.0,5941.0,0.22689782864837568
pedestrian_1-3_4262_L_HGNGV,pedestrian_1-3_4262,LTE,19877.0,21458.0,1582.0,6546.0,0.24167430491903452
pedestrian_1-3_4289_L_DN4YG,pedestrian_1-3_4289,LTE,19363.0,20935.0,1573.0,5838.0,0.2694415895854745
pedestrian_1-3_4291_L_CK4G5,pedestrian_1-3_4291,LTE,23200.0,24741.0,1542.0,5665.0,0.27219770520741393
pedestrian_1-3_4492_L_DG333,pedestrian_1-3_4492,LTE,19392.0,20832.0,1441.0,7054.0,0.20428125886022114
pedestrian_1-3_458_L_IG5DQ,pedestrian_1-3_458,LTE,19452.0,20848.0,1397.0,5749.0,0.2429987823969386
pedestrian_1-3_4587_L_OGVLK,pedestrian_1-3_4587,LTE,23256.0,24888.0,1633.0,5425.0,0.3010138248847926
pedestrian_1-3_4644_L_09L7L,pedestrian_1-3_4644,LTE,22464.0,24224.0,1761.0,6750.0,0.2608888888888889
pedestrian_1-3_4663_L_BAHIS,pedestrian_1-3_4663,LTE,22509.0,23788.0,1280.0,6189.0,0.2068185490386169
pedestrian_1-3_4666_L_111EI,pedestrian_1-3_4666,LTE,19988.0,21574.0,1587.0,6291.0,0.25226514067715783
pedestrian_1-3_4690_L_29QBG,pedestrian_1-3_4690,LTE,19460.0,21142.0,1683.0,6733.0,0.24996286944898263
pedestrian_1-3_4738_L_8H4G0,pedestrian_1-3_4738,LTE,19951.0,21609.0,1659.0,6733.0,0.24639833655131443
pedestrian_1-3_4775_L_ISGVG,pedestrian_1-3_4775,LTE,21093.0,22871.0,1779.0,6482.0,0.2744523295279235
pedestrian_1-3_4822_L_J30P4,pedestrian_1-3_4822,LTE,18746.0,20518.0,1773.0,6455.0,0.2746707978311386
pedestrian_1-3_4875_L_XLFVY,pedestrian_1-3_4875,LTE,20482.0,22141.0,1660.0,6082.0,0.27293653403485696
pedestrian_1-3_4881_L_NRN4S,pedestrian_1-3_4881,LTE,20445.0,21742.0,1298.0,6104.0,0.21264744429882046
pedestrian_1-3_4944_L_G0ZLK,pedestrian_1-3_4944,LTE,22533.0,24180.0,1648.0,6028.0,0.2733908427339084
pedestrian_1-3_4954_L_CM5JU,pedestrian_1-3_4954,LTE,18558.0,20220.0,1663.0,6643.0,0.2503387023934969
pedestrian_1-3_5020_L_1INIL,pedestrian_1-3_5020,LTE,23675.0,25130.0,1456.0,6218.0,0.2341588935348987
pedestrian_1-3_5117_L_0W6WK,pedestrian_1-3_5117,LTE,18492.0,19993.0,1502.0,6709.0,0.2238783723356685
pedestrian_1-3_5123_L_9GCCO,pedestrian_1-3_5123,LTE,19600.0,21101.0,1502.0,6674.0,0.2250524423134552
pedestrian_1-3_5144_L_9YL1P,pedestrian_1-3_5144,LTE,22257.0,23346.0,1090.0,5937.0,0.18359440795014317
pedestrian_1-3_528_L_81EPS,pedestrian_1-3_528,LTE,18328.0,19955.0,1628.0,6873.0,0.23686890731849264
pedestrian_1-3_5334_L_U1U4E,pedestrian_1-3_5334,LTE,18206.0,19724.0,1519.0,6995.0,0.21715511079342387
pedestrian_1-3_5354_L_H2JSE,pedestrian_1-3_5354,LTE,21598.0,22860.0,1263.0,6318.0,0.19990503323836656
pedestrian_1-3_5451_L_Y7L58,pedestrian_1-3_5451,LTE,21074.0,22605.0,1532.0,6252.0,0.24504158669225848
pedestrian_1-3_547_L_1XPKP,pedestrian_1-3_547,LTE,19318.0,21004.0,1687.0,5883.0,0.28675845656977733
pedestrian_1-3_5475_L_ZFM16,pedestrian_1-3_5475,LTE,20647.0,22345.0,1699.0,6758.0,0.2514057413435928
pedestrian_1-3_5537_L_VH0XE,pedestrian_1-3_5537,LTE,20841.0,22502.0,1662.0,6903.0,0.24076488483268144
pedestrian_1-3_5550_L_V6X9J,pedestrian_1-3_5550,LTE,22264.0,23708.0,1445.0,5472.0,0.2640716374269006
pedestrian_1-3_5578_L_00KAI,pedestrian_1-3_5578,LTE,20304.0,21819.0,1516.0,7019.0,0.21598518307451203
pedestrian_1-3_635_L_4EZ3G,pedestrian_1-3_635,LTE,19575.0,21008.0,1434.0,6760.0,0.2121301775147929
pedestrian_1-3_743_L_QU4C7,pedestrian_1-3_743,LTE,23172.0,24878.0,1707.0,5835.0,0.29254498714652954
pedestrian_1-3_80_L_0RWKZ,pedestrian_1-3_80,LTE,18783.0,20551.0,1769.0,6418.0,0.2756310377064506
pedestrian_1-3_809_L_KVFPC,pedestrian_1-3_809,LTE,20519.0,22232.0,1714.0,6025.0,0.28448132780082985
pedestrian_1-3_870_L_74SCH,pedestrian_1-3_870,LTE,20691.0,22440.0,1750.0,5749.0,0.30440076535049576
pedestrian_1-3_874_L_I919P,pedestrian_1-3_874,LTE,20369.0,21855.0,1487.0,6253.0,0.23780585319046857
pedestrian_1-3_990_L_9ILMI,pedestrian_1-3_990,LTE,23072.0,24860.0,1789.0,6262.0,0.28569147237304376
pedestrian_2-1_1248_L_B4FCM,pedestrian_2-1_1248,LTE,20843.0,22138.0,1296.0,6790.0,0.19086892488954343
pedestrian_2-1_1463_L_Q7M1D,pedestrian_2-1_1463,LTE,22854.0,24527.0,1674.0,6223.0,0.2690020890245862
pedestrian_2-1_1609_L_6U1GJ,pedestrian_2-1_1609,LTE,21078.0,22705.0,1628.0,6168.0,0.26394293125810636
pedestrian_2-1_1724_L_3G40Z,pedestrian_2-1_1724,LTE,21977.0,23651.0,1675.0,5414.0,0.30938308090136685
pedestrian_2-1_1878_L_ML9WO,pedestrian_2-1_1878,LTE,22697.0,24061.0,1365.0,5633.0,0.24232203088940174
pedestrian_2-1_2028_L_QDHAE,pedestrian_2-1_2028,LTE,22359.0,24073.0,1715.0,5930.0,0.28920741989881954
pedestrian_2-1_2045_L_RIN1A,pedestrian_2-1_2045,LTE,22258.0,23300.0,1043.0,5957.0,0.17508813160987075
pedestrian_2-1_213_L_DO6DB,pedestrian_2-1_213,LTE,21476.0,23127.0,1652.0,6509.0,0.253802427408204
pedestrian_2-1_2136_L_5LERI,pedestrian_2-1_2136,LTE,21419.0,23159.0,1741.0,6315.0,0.27569279493269994
pedestrian_2-1_2161_L_73SL0,pedestrian_2-1_2161,LTE,22656.0,24217.0,1562.0,5470.0,0.2855575868372943
pedestrian_2-1_2293_L_RW94N,pedestrian_2-1_2293,LTE,18466.0,20182.0,1717.0,6735.0,0.25493689680772086
pedestrian_2-1_2384_L_DFPHG,pedestrian_2-1_2384,LTE,22187.0,23896.0,1710.0,6084.0,0.28106508875739644
pedestrian_2-1_2486_L_E9OT6,pedestrian_2-1_2486,LTE,23901.0,25200.0,1300.0,5420.0,0.23985239852398524
pedestrian_2-1_2911_L_488HX,pedestrian_2-1_2911,LTE,22144.0,23620.0,1477.0,5508.0,0.2681554103122731
pedestrian_2-1_2925_L_65OJU,pedestrian_2-1_2925,LTE,18955.0,20594.0,1640.0,6246.0,0.2625680435478706
pedestrian_2-1_2987_L_YXPCV,pedestrian_2-1_2987,LTE,22822.0,24580.0,1759.0,5511.0,0.31917982217383417
pedestrian_2-1_3058_L_V4FOM,pedestrian_2-1_3058,LTE,21780.0,23302.0,1523.0,6226.0,0.24461933825891424
pedestrian_2-1_3119_L_P8P1Q,pedestrian_2-1_3119,LTE,20837.0,22484.0,1648.0,5570.0,0.2958707360861759
pedestrian_2-1_3136_L_VDANA,pedestrian_2-1_3136,LTE,23455.0,25047.0,1593.0,6740.0,0.2363501483679525
pedestrian_2-1_3376_L_LDEYY,pedestrian_2-1_3376,LTE,18520.0,20149.0,1630.0,6681.0,0.24397545277653046
pedestrian_2-1_3390_L_D282K,pedestrian_2-1_3390,LTE,18729.0,20447.0,1719.0,6472.0,0.26560568603213847
pedestrian_2-1_3601_L_AE8MJ,pedestrian_2-1_3601,LTE,21803.0,23401.0,1599.0,6609.0,0.24194280526554698
pedestrian_2-1_3664_L_A1N4S,pedestrian_2-1_3664,LTE,18951.0,20541.0,1591.0,6250.0,0.25456
pedestrian_2-1_3764_L_5ACQL,pedestrian_2-1_3764,LTE,18741.0,20372.0,1632.0,6460.0,0.25263157894736843
pedestrian_2-1_3944_L_Q99PA,pedestrian_2-1_3944,LTE,23509.0,25200.0,1692.0,6190.0,0.27334410339256865
pedestrian_2-1_4127_L_OLF6M,pedestrian_2-1_4127,LTE,19951.0,21530.0,1580.0,6875.0,0.2298181818181818
pedestrian_2-1_4232_L_NOTX0,pedestrian_2-1_4232,LTE,19184.0,20763.0,1580.0,6017.0,0.2625893302310121
pedestrian_2-1_4267_L_9SKV4,pedestrian_2-1_4267,LTE,21405.0,22557.0,1153.0,5382.0,0.21423262727610554
pedestrian_2-1_4331_L_LH1L4,pedestrian_2-1_4331,LTE,18291.0,19832.0,1542.0,6910.0,0.2231548480463097
pedestrian_2-1_4788_L_DJHBB,pedestrian_2-1_4788,LTE,19731.0,21434.0,1704.0,5470.0,0.31151736745886655
pedestrian_2-1_4811_L_UO37C,pedestrian_2-1_4811,LTE,22596.0,24124.0,1529.0,6017.0,0.25411334552102377
pedestrian_2-1_4909_L_Z0BS8,pedestrian_2-1_4909,LTE,18874.0,20623.0,1750.0,6327.0,0.27659238185553975
pedestrian_2-1_4930_L_J0N4C,pedestrian_2-1_4930,LTE,23062.0,24547.0,1486.0,6676.0,0.2225883762732175
pedestrian_2-1_499_L_IHIB2,pedestrian_2-1_499,LTE,22879.0,24524.0,1646.0,5415.0,0.30397045244690674
pedestrian_2-1_5001_L_ICQ93,pedestrian_2-1_5001,LTE,19834.0,21500.0,1667.0,6915.0,0.2410701373825018
pedestrian_2-1_5067_L_SBB4V,pedestrian_2-1_5067,LTE,19780.0,21330.0,1551.0,5421.0,0.28610957387935804
pedestrian_2-1_5419_L_DVSS0,pedestrian_2-1_5419,LTE,22572.0,24341.0,1770.0,6991.0,0.2531826634244028
pedestrian_2-1_5435_L_RO7UQ,pedestrian_2-1_5435,LTE,19606.0,21269.0,1664.0,7013.0,0.2372736346784543
pedestrian_2-1_5450_L_VL0EQ,pedestrian_2-1_5450,LTE,20340.0,22094.0,1755.0,5987.0,0.2931351261065642
pedestrian_2-1_5552_L_JOT9T,pedestrian_2-1_5552,LTE,19403.0,21066.0,1664.0,5798.0,0.28699551569506726
pedestrian_2-1_5799_L_YUQXJ,pedestrian_2-1_5799,LTE,20324.0,22089.0,1766.0,6017.0,0.2935017450556756
pedestrian_2-1_5841_L_MW7SM,pedestrian_2-1_5841,LTE,22803.0,24442.0,1640.0,6190.0,0.2649434571890145
pedestrian_2-1_600_L_42154,pedestrian_2-1_600,LTE,19618.0,21289.0,1672.0,5583.0,0.2994805660039405
pedestrian_2-1_6021_L_0K5EJ,pedestrian_2-1_6021,LTE,21024.0,22562.0,1539.0,7046.0,0.2184217996026114
pedestrian_2-1_6130_L_HARCN,pedestrian_2-1_6130,LTE,21746.0,23211.0,1466.0,6616.0,0.22158403869407498
pedestrian_2-1_6236_L_7ERKQ,pedestrian_2-1_6236,LTE,18565.0,20038.0,1474.0,6636.0,0.22212176009644363
pedestrian_2-1_6256_L_7QFUO,pedestrian_2-1_6256,LTE,21660.0,23415.0,1756.0,6665.0,0.2634658664666166
pedestrian_2-1_6274_L_YRC2H,pedestrian_2-1_6274,LTE,21756.0,23361.0,1606.0,6666.0,0.24092409240924093
pedestrian_2-1_63_L_643I9,pedestrian_2-1_63,LTE,22924.0,24626.0,1703.0,7014.0,0.24280011405759908
pedestrian_2-1_804_L_K1B0Y,pedestrian_2-1_804,LTE,20087.0,21672.0,1586.0,5915.0,0.2681318681318681
pedestrian_2-1_842_L_HOF0P,pedestrian_2-1_842,LTE,19287.0,20749.0,1463.0,5914.0,0.24737910043963476
