id,start_timestep,last_timestep,total_time,user_id,protocol,lte_duration,privacy_score
pedestrian_1-1-pt_0_L_WWEFL,19303.0,25200.0,5898.0,pedestrian_1-1-pt_0,LTE,5898.0,1.0
pedestrian_1-1-pt_1006_L_Z8ELC,20135.0,25200.0,5066.0,pedestrian_1-1-pt_1006,LTE,7050.0,0.7185815602836879
pedestrian_1-1-pt_1037_L_WR25B,19361.0,24129.0,4769.0,pedestrian_1-1-pt_1037,LTE,5840.0,0.8166095890410959
pedestrian_1-1-pt_1039_L_980CF,21914.0,25200.0,3287.0,pedestrian_1-1-pt_1039,LTE,6474.0,0.5077232004942849
pedestrian_1-1-pt_1108_L_AVAK0,18505.0,25200.0,6696.0,pedestrian_1-1-pt_1108,LTE,6696.0,1.0
pedestrian_1-1-pt_1121_L_FHSBU,19285.0,23390.0,4106.0,pedestrian_1-1-pt_1121,LTE,5916.0,0.6940500338066261
pedestrian_1-1-pt_1138_L_2KYHA,19577.0,21577.0,2001.0,pedestrian_1-1-pt_1138,LTE,5624.0,0.35579658605974396
pedestrian_1-1-pt_1167_L_Y0N4L,18943.0,25200.0,6258.0,pedestrian_1-1-pt_1167,LTE,6258.0,1.0
pedestrian_1-1-pt_1173_L_L1TJB,18820.0,25200.0,6381.0,pedestrian_1-1-pt_1173,LTE,6381.0,1.0
pedestrian_1-1-pt_1226_L_FHDU7,22510.0,25200.0,2691.0,pedestrian_1-1-pt_1226,LTE,5413.0,0.4971365231849252
pedestrian_1-1-pt_1238_L_DJKA5,19833.0,22597.0,2765.0,pedestrian_1-1-pt_1238,LTE,6403.0,0.43182883023582697
pedestrian_1-1-pt_1270_L_PNOQA,21273.0,25200.0,3928.0,pedestrian_1-1-pt_1270,LTE,6731.0,0.5835685633635418
pedestrian_1-1-pt_1296_L_52NQJ,18847.0,25200.0,6354.0,pedestrian_1-1-pt_1296,LTE,6354.0,1.0
pedestrian_1-1-pt_1298_L_TKDDU,21249.0,24717.0,3469.0,pedestrian_1-1-pt_1298,LTE,6335.0,0.5475927387529598
pedestrian_1-1-pt_1304_L_70343,21472.0,25200.0,3729.0,pedestrian_1-1-pt_1304,LTE,5854.0,0.6370003416467372
pedestrian_1-1-pt_1306_L_ZU199,19029.0,24133.0,5105.0,pedestrian_1-1-pt_1306,LTE,6172.0,0.8271224886584575
pedestrian_1-1-pt_1329_L_AM83U,18535.0,25200.0,6666.0,pedestrian_1-1-pt_1329,LTE,6666.0,1.0
pedestrian_1-1-pt_1420_L_0043I,19045.0,25200.0,6156.0,pedestrian_1-1-pt_1420,LTE,6156.0,1.0
pedestrian_1-1-pt_1473_L_1I89A,19369.0,24002.0,4634.0,pedestrian_1-1-pt_1473,LTE,5832.0,0.7945816186556928
pedestrian_1-1-pt_1497_L_NZSOK,22149.0,24714.0,2566.0,pedestrian_1-1-pt_1497,LTE,5453.0,0.47056666055382357
pedestrian_1-1-pt_150_L_O6UJD,20984.0,23682.0,2699.0,pedestrian_1-1-pt_150,LTE,5891.0,0.4581565099304023
pedestrian_1-1-pt_1560_L_6P9GC,21467.0,25200.0,3734.0,pedestrian_1-1-pt_1560,LTE,6694.0,0.5578129668359725
pedestrian_1-1-pt_1601_L_P4TBS,19190.0,25200.0,6011.0,pedestrian_1-1-pt_1601,LTE,6011.0,1.0
pedestrian_1-1-pt_1669_L_T7T5K,18144.0,24896.0,6753.0,pedestrian_1-1-pt_1669,LTE,7057.0,0.9569222049029332
pedestrian_1-1-pt_1700_L_5JKQ2,19430.0,24927.0,5498.0,pedestrian_1-1-pt_1700,LTE,5771.0,0.9526945070178479
pedestrian_1-1-pt_1714_L_O562O,18687.0,22363.0,3677.0,pedestrian_1-1-pt_1714,LTE,6514.0,0.5644765121277249
pedestrian_1-1-pt_1723_L_5TXW3,20682.0,23555.0,2874.0,pedestrian_1-1-pt_1723,LTE,5437.0,0.5286003310649255
pedestrian_1-1-pt_1747_L_30B1C,19696.0,22591.0,2896.0,pedestrian_1-1-pt_1747,LTE,6993.0,0.4141284141284141
pedestrian_1-1-pt_1798_L_6X94J,20471.0,22974.0,2504.0,pedestrian_1-1-pt_1798,LTE,5574.0,0.4492285611768927
pedestrian_1-1-pt_182_L_LVIP7,19060.0,23125.0,4066.0,pedestrian_1-1-pt_182,LTE,6141.0,0.6621071486728546
pedestrian_1-1-pt_1966_L_CU9N6,18875.0,23167.0,4293.0,pedestrian_1-1-pt_1966,LTE,6326.0,0.6786278849193803
pedestrian_1-1-pt_2013_L_F6SNM,19118.0,21726.0,2609.0,pedestrian_1-1-pt_2013,LTE,6083.0,0.4289002137103403
pedestrian_1-1-pt_2032_L_OBX8R,18740.0,25200.0,6461.0,pedestrian_1-1-pt_2032,LTE,6461.0,1.0
pedestrian_1-1-pt_2129_L_7U8AS,19790.0,25200.0,5411.0,pedestrian_1-1-pt_2129,LTE,6484.0,0.8345157310302282
pedestrian_1-1-pt_2162_L_LL4BJ,20683.0,23248.0,2566.0,pedestrian_1-1-pt_2162,LTE,6850.0,0.3745985401459854
pedestrian_1-1-pt_2170_L_9TY89,18672.0,25200.0,6529.0,pedestrian_1-1-pt_2170,LTE,6529.0,1.0
pedestrian_1-1-pt_2297_L_00SO8,19486.0,25200.0,5715.0,pedestrian_1-1-pt_2297,LTE,5715.0,1.0
pedestrian_1-1-pt_2342_L_1UYQ0,19731.0,25200.0,5470.0,pedestrian_1-1-pt_2342,LTE,6929.0,0.7894357050079377
pedestrian_1-1-pt_2369_L_IRGAM,20350.0,23176.0,2827.0,pedestrian_1-1-pt_2369,LTE,6654.0,0.42485722873459575
pedestrian_1-1-pt_2424_L_CWONF,19481.0,25200.0,5720.0,pedestrian_1-1-pt_2424,LTE,5720.0,1.0
pedestrian_1-1-pt_2425_L_9GRDS,18937.0,24425.0,5489.0,pedestrian_1-1-pt_2425,LTE,6264.0,0.8762771392081737
pedestrian_1-1-pt_2431_L_KP35L,18743.0,25200.0,6458.0,pedestrian_1-1-pt_2431,LTE,6458.0,1.0
pedestrian_1-1-pt_2503_L_QSQSP,19742.0,25200.0,5459.0,pedestrian_1-1-pt_2503,LTE,5459.0,1.0
pedestrian_1-1-pt_2529_L_UHGG5,18564.0,25200.0,6637.0,pedestrian_1-1-pt_2529,LTE,6637.0,1.0
pedestrian_1-1-pt_255_L_OGPTB,18079.0,22276.0,4198.0,pedestrian_1-1-pt_255,LTE,7122.0,0.5894411682111766
pedestrian_1-1-pt_2606_L_TM7LN,18514.0,25200.0,6687.0,pedestrian_1-1-pt_2606,LTE,6687.0,1.0
pedestrian_1-1-pt_2718_L_QNWBT,19195.0,25200.0,6006.0,pedestrian_1-1-pt_2718,LTE,6006.0,1.0
pedestrian_1-1-pt_2770_L_ZIBAH,18074.0,25200.0,7127.0,pedestrian_1-1-pt_2770,LTE,7127.0,1.0
pedestrian_1-1-pt_2808_L_S0ND8,22013.0,25200.0,3188.0,pedestrian_1-1-pt_2808,LTE,5418.0,0.5884090070136582
pedestrian_1-1-pt_2820_L_CDQCP,18717.0,24128.0,5412.0,pedestrian_1-1-pt_2820,LTE,6484.0,0.8346699568167798
pedestrian_1-1-pt_2834_L_8TNI2,19094.0,24460.0,5367.0,pedestrian_1-1-pt_2834,LTE,6107.0,0.8788275749140331
pedestrian_1-1-pt_2844_L_LJLMW,18372.0,25200.0,6829.0,pedestrian_1-1-pt_2844,LTE,6829.0,1.0
pedestrian_1-1-pt_2863_L_OYE3E,21146.0,25200.0,4055.0,pedestrian_1-1-pt_2863,LTE,6429.0,0.6307357287291958
pedestrian_1-1-pt_2880_L_GU49X,21579.0,24495.0,2917.0,pedestrian_1-1-pt_2880,LTE,5898.0,0.49457443201085116
pedestrian_1-1-pt_2920_L_Q79JB,20247.0,25200.0,4954.0,pedestrian_1-1-pt_2920,LTE,6124.0,0.8089483997387329
pedestrian_1-1-pt_2952_L_TX3JB,20712.0,25200.0,4489.0,pedestrian_1-1-pt_2952,LTE,5567.0,0.8063589006646309
pedestrian_1-1-pt_2961_L_OE8MI,19115.0,25200.0,6086.0,pedestrian_1-1-pt_2961,LTE,6086.0,1.0
pedestrian_1-1-pt_297_L_7YZWU,20248.0,24335.0,4088.0,pedestrian_1-1-pt_297,LTE,6055.0,0.6751445086705202
pedestrian_1-1-pt_3067_L_YZGD2,19288.0,24129.0,4842.0,pedestrian_1-1-pt_3067,LTE,5913.0,0.8188736681887366
pedestrian_1-1-pt_3097_L_RUJZV,19028.0,23601.0,4574.0,pedestrian_1-1-pt_3097,LTE,6173.0,0.7409687348128948
pedestrian_1-1-pt_3176_L_07UYD,19489.0,25200.0,5712.0,pedestrian_1-1-pt_3176,LTE,5712.0,1.0
pedestrian_1-1-pt_3207_L_WWCBB,19319.0,25200.0,5882.0,pedestrian_1-1-pt_3207,LTE,5882.0,1.0
pedestrian_1-1-pt_3230_L_7X9RU,19258.0,25200.0,5943.0,pedestrian_1-1-pt_3230,LTE,5943.0,1.0
pedestrian_1-1-pt_3275_L_91X8F,18731.0,25200.0,6470.0,pedestrian_1-1-pt_3275,LTE,6470.0,1.0
pedestrian_1-1-pt_3353_L_QWKGO,19580.0,25200.0,5621.0,pedestrian_1-1-pt_3353,LTE,5621.0,1.0
pedestrian_1-1-pt_3386_L_LIKNN,20886.0,25200.0,4315.0,pedestrian_1-1-pt_3386,LTE,5632.0,0.7661576704545454
pedestrian_1-1-pt_3409_L_Y4XMJ,19458.0,25200.0,5743.0,pedestrian_1-1-pt_3409,LTE,5743.0,1.0
pedestrian_1-1-pt_3489_L_XJH9M,18706.0,25200.0,6495.0,pedestrian_1-1-pt_3489,LTE,6495.0,1.0
pedestrian_1-1-pt_3512_L_2XXGK,19780.0,24806.0,5027.0,pedestrian_1-1-pt_3512,LTE,5421.0,0.9273196827153661
pedestrian_1-1-pt_3571_L_HKPKX,20851.0,24813.0,3963.0,pedestrian_1-1-pt_3571,LTE,5912.0,0.6703315290933695
pedestrian_1-1-pt_3595_L_20KVW,19280.0,25200.0,5921.0,pedestrian_1-1-pt_3595,LTE,5921.0,1.0
pedestrian_1-1-pt_3624_L_ED1IX,19340.0,23252.0,3913.0,pedestrian_1-1-pt_3624,LTE,5861.0,0.6676335096399931
pedestrian_1-1-pt_3629_L_1STOR,18123.0,23134.0,5012.0,pedestrian_1-1-pt_3629,LTE,7078.0,0.7081096354902515
pedestrian_1-1-pt_3671_L_8NQ7P,18958.0,22602.0,3645.0,pedestrian_1-1-pt_3671,LTE,6243.0,0.5838539163863528
pedestrian_1-1-pt_3769_L_BUXL2,18515.0,23424.0,4910.0,pedestrian_1-1-pt_3769,LTE,6686.0,0.7343703260544421
pedestrian_1-1-pt_3800_L_1YVBR,19727.0,23494.0,3768.0,pedestrian_1-1-pt_3800,LTE,5474.0,0.6883449031786628
pedestrian_1-1-pt_3858_L_4RMP8,20786.0,23436.0,2651.0,pedestrian_1-1-pt_3858,LTE,6728.0,0.39402497027348393
pedestrian_1-1-pt_3916_L_50VK7,22635.0,24983.0,2349.0,pedestrian_1-1-pt_3916,LTE,5504.0,0.42678052325581395
pedestrian_1-1-pt_3927_L_29X95,19613.0,25200.0,5588.0,pedestrian_1-1-pt_3927,LTE,6679.0,0.836652193442132
pedestrian_1-1-pt_3931_L_ZLV1Z,21443.0,24130.0,2688.0,pedestrian_1-1-pt_3931,LTE,5378.0,0.4998140572703607
pedestrian_1-1-pt_394_L_8G10O,20897.0,24084.0,3188.0,pedestrian_1-1-pt_394,LTE,5831.0,0.546732978905848
pedestrian_1-1-pt_4262_L_JGQEA,18424.0,24812.0,6389.0,pedestrian_1-1-pt_4262,LTE,6777.0,0.942747528404899
pedestrian_1-1-pt_4380_L_NC5RJ,20556.0,25150.0,4595.0,pedestrian_1-1-pt_4380,LTE,5550.0,0.8279279279279279
pedestrian_1-1-pt_4541_L_D9GXG,19408.0,25185.0,5778.0,pedestrian_1-1-pt_4541,LTE,5793.0,0.9974106680476437
pedestrian_1-1-pt_4595_L_Q6VQ6,19577.0,25200.0,5624.0,pedestrian_1-1-pt_4595,LTE,5624.0,1.0
pedestrian_1-1-pt_4645_L_C5NWJ,22129.0,23952.0,1824.0,pedestrian_1-1-pt_4645,LTE,6155.0,0.29634443541835903
pedestrian_1-1-pt_4671_L_SG2SM,18353.0,24585.0,6233.0,pedestrian_1-1-pt_4671,LTE,6848.0,0.9101927570093458
pedestrian_1-1-pt_4715_L_YQQHS,18725.0,25200.0,6476.0,pedestrian_1-1-pt_4715,LTE,6476.0,1.0
pedestrian_1-1-pt_4736_L_80ONV,22155.0,25200.0,3046.0,pedestrian_1-1-pt_4736,LTE,6324.0,0.4816571790006325
pedestrian_1-1-pt_4785_L_JYMI8,19331.0,23221.0,3891.0,pedestrian_1-1-pt_4785,LTE,5870.0,0.6628620102214651
pedestrian_1-1-pt_4875_L_U1VMH,20268.0,24158.0,3891.0,pedestrian_1-1-pt_4875,LTE,6465.0,0.6018561484918794
pedestrian_1-1-pt_4879_L_3SALO,19675.0,22665.0,2991.0,pedestrian_1-1-pt_4879,LTE,6641.0,0.4503839783165186
pedestrian_1-1-pt_4901_L_PA2N5,19765.0,25200.0,5436.0,pedestrian_1-1-pt_4901,LTE,5436.0,1.0
pedestrian_1-1-pt_4919_L_JG72C,19769.0,25200.0,5432.0,pedestrian_1-1-pt_4919,LTE,5432.0,1.0
pedestrian_1-1-pt_494_L_0VL3N,18453.0,23619.0,5167.0,pedestrian_1-1-pt_494,LTE,6748.0,0.7657083580320095
pedestrian_1-1-pt_4966_L_83OXC,19185.0,25200.0,6016.0,pedestrian_1-1-pt_4966,LTE,6016.0,1.0
pedestrian_1-1-pt_498_L_0X7Y3,19755.0,25200.0,5446.0,pedestrian_1-1-pt_498,LTE,5446.0,1.0
pedestrian_1-1-pt_4996_L_OSZLK,20878.0,24220.0,3343.0,pedestrian_1-1-pt_4996,LTE,6860.0,0.48731778425655975
pedestrian_1-1-pt_5078_L_M3ZG0,18039.0,25200.0,7162.0,pedestrian_1-1-pt_5078,LTE,7162.0,1.0
pedestrian_1-1-pt_5115_L_Y2XYC,21745.0,25200.0,3456.0,pedestrian_1-1-pt_5115,LTE,6515.0,0.5304681504221028
pedestrian_1-1-pt_5139_L_SUF6N,18076.0,25200.0,7125.0,pedestrian_1-1-pt_5139,LTE,7125.0,1.0
pedestrian_1-1-pt_5167_L_9RA0T,18146.0,22455.0,4310.0,pedestrian_1-1-pt_5167,LTE,7055.0,0.6109142452161588
pedestrian_1-1-pt_5193_L_MK2W8,18908.0,24822.0,5915.0,pedestrian_1-1-pt_5193,LTE,6293.0,0.9399332591768632
pedestrian_1-1-pt_5199_L_IMYMO,22319.0,24427.0,2109.0,pedestrian_1-1-pt_5199,LTE,6359.0,0.3316559207422551
pedestrian_1-1-pt_521_L_VJH3Y,18545.0,25200.0,6656.0,pedestrian_1-1-pt_521,LTE,6656.0,1.0
pedestrian_1-1-pt_5241_L_U3JQI,18944.0,24131.0,5188.0,pedestrian_1-1-pt_5241,LTE,6257.0,0.829151350487454
pedestrian_1-1-pt_5258_L_6YK8G,18405.0,24412.0,6008.0,pedestrian_1-1-pt_5258,LTE,6796.0,0.8840494408475574
pedestrian_1-1-pt_527_L_C0K7D,19132.0,22533.0,3402.0,pedestrian_1-1-pt_527,LTE,6069.0,0.5605536332179931
pedestrian_1-1-pt_5275_L_WU9N6,18819.0,25200.0,6382.0,pedestrian_1-1-pt_5275,LTE,6382.0,1.0
pedestrian_1-1-pt_5298_L_2CM3W,19628.0,25200.0,5573.0,pedestrian_1-1-pt_5298,LTE,5573.0,1.0
pedestrian_1-1-pt_530_L_299DV,20879.0,24194.0,3316.0,pedestrian_1-1-pt_530,LTE,7080.0,0.46836158192090394
pedestrian_1-1-pt_5324_L_JGJZW,19370.0,24907.0,5538.0,pedestrian_1-1-pt_5324,LTE,5831.0,0.9497513291030698
pedestrian_1-1-pt_5357_L_SM5SB,18646.0,23201.0,4556.0,pedestrian_1-1-pt_5357,LTE,6555.0,0.6950419527078566
pedestrian_1-1-pt_5392_L_92BKY,18264.0,25200.0,6937.0,pedestrian_1-1-pt_5392,LTE,6937.0,1.0
pedestrian_1-1-pt_5481_L_0Q7ZY,21464.0,25200.0,3737.0,pedestrian_1-1-pt_5481,LTE,5875.0,0.6360851063829788
pedestrian_1-1-pt_560_L_I71WS,18445.0,22089.0,3645.0,pedestrian_1-1-pt_560,LTE,6756.0,0.5395204262877442
pedestrian_1-1-pt_5666_L_XVY01,21973.0,25200.0,3228.0,pedestrian_1-1-pt_5666,LTE,6142.0,0.5255617062845979
pedestrian_1-1-pt_571_L_4B2FH,19234.0,25200.0,5967.0,pedestrian_1-1-pt_571,LTE,5967.0,1.0
pedestrian_1-1-pt_5897_L_XIZUQ,21617.0,25200.0,3584.0,pedestrian_1-1-pt_5897,LTE,6252.0,0.5732565579014716
pedestrian_1-1-pt_5906_L_GUM83,21470.0,24511.0,3042.0,pedestrian_1-1-pt_5906,LTE,5741.0,0.5298728444521861
pedestrian_1-1-pt_5913_L_AMDMM,22049.0,25200.0,3152.0,pedestrian_1-1-pt_5913,LTE,5514.0,0.5716358360536815
pedestrian_1-1-pt_5942_L_DLWA7,19816.0,25200.0,5385.0,pedestrian_1-1-pt_5942,LTE,5385.0,1.0
pedestrian_1-1-pt_5997_L_HI5OC,19213.0,25200.0,5988.0,pedestrian_1-1-pt_5997,LTE,5988.0,1.0
pedestrian_1-1-pt_5999_L_2I76N,21841.0,24432.0,2592.0,pedestrian_1-1-pt_5999,LTE,5726.0,0.4526720223541739
pedestrian_1-1-pt_6031_L_IKCZO,18408.0,24782.0,6375.0,pedestrian_1-1-pt_6031,LTE,6793.0,0.938466068011188
pedestrian_1-1-pt_6176_L_P7EOT,18820.0,25006.0,6187.0,pedestrian_1-1-pt_6176,LTE,6381.0,0.9695972418116283
pedestrian_1-1-pt_6273_L_I6RTO,22050.0,25200.0,3151.0,pedestrian_1-1-pt_6273,LTE,5933.0,0.5310972526546435
pedestrian_1-1-pt_6292_L_J61BF,18919.0,23784.0,4866.0,pedestrian_1-1-pt_6292,LTE,6282.0,0.7745940783190067
pedestrian_1-1-pt_6297_L_A33SR,21002.0,25200.0,4199.0,pedestrian_1-1-pt_6297,LTE,6567.0,0.639409167047358
pedestrian_1-1-pt_6309_L_VOYSR,18381.0,22635.0,4255.0,pedestrian_1-1-pt_6309,LTE,6820.0,0.623900293255132
pedestrian_1-1-pt_6355_L_W516N,18141.0,25200.0,7060.0,pedestrian_1-1-pt_6355,LTE,7060.0,1.0
pedestrian_1-1-pt_6358_L_CGCQL,19058.0,24134.0,5077.0,pedestrian_1-1-pt_6358,LTE,6143.0,0.8264691518801889
pedestrian_1-1-pt_6368_L_GYYFC,18676.0,24700.0,6025.0,pedestrian_1-1-pt_6368,LTE,6525.0,0.9233716475095786
pedestrian_1-1-pt_6381_L_BZDYD,19020.0,23611.0,4592.0,pedestrian_1-1-pt_6381,LTE,6181.0,0.7429218573046432
pedestrian_1-1-pt_6389_L_QRWIX,19681.0,22722.0,3042.0,pedestrian_1-1-pt_6389,LTE,5520.0,0.5510869565217391
pedestrian_1-1-pt_6413_L_U5B4A,19164.0,24854.0,5691.0,pedestrian_1-1-pt_6413,LTE,6037.0,0.9426867649494782
pedestrian_1-1-pt_6453_L_TME8U,22312.0,25200.0,2889.0,pedestrian_1-1-pt_6453,LTE,5976.0,0.48343373493975905
pedestrian_1-1-pt_6516_L_Q18ZH,20352.0,25200.0,4849.0,pedestrian_1-1-pt_6516,LTE,6210.0,0.7808373590982287
pedestrian_1-1-pt_6538_L_LPF3P,20031.0,24496.0,4466.0,pedestrian_1-1-pt_6538,LTE,6300.0,0.7088888888888889
pedestrian_1-1-pt_654_L_6CVWI,21534.0,25200.0,3667.0,pedestrian_1-1-pt_654,LTE,5592.0,0.655758226037196
pedestrian_1-1-pt_6673_L_R3H86,18433.0,25200.0,6768.0,pedestrian_1-1-pt_6673,LTE,6768.0,1.0
pedestrian_1-1-pt_6743_L_00UCJ,20450.0,23326.0,2877.0,pedestrian_1-1-pt_6743,LTE,6360.0,0.4523584905660377
pedestrian_1-1-pt_6779_L_5RSDB,18663.0,25122.0,6460.0,pedestrian_1-1-pt_6779,LTE,6538.0,0.9880697460997246
pedestrian_1-1-pt_6931_L_FLP06,18365.0,22289.0,3925.0,pedestrian_1-1-pt_6931,LTE,6836.0,0.5741661790520772
pedestrian_1-1-pt_6974_L_04VT6,18670.0,21020.0,2351.0,pedestrian_1-1-pt_6974,LTE,6531.0,0.3599755014546011
pedestrian_1-1-pt_7040_L_91C82,19387.0,24732.0,5346.0,pedestrian_1-1-pt_7040,LTE,7007.0,0.7629513343799058
pedestrian_1-1-pt_7080_L_OGRKS,19388.0,22409.0,3022.0,pedestrian_1-1-pt_7080,LTE,5813.0,0.5198692585584036
pedestrian_1-1-pt_7104_L_HFPSN,19272.0,25200.0,5929.0,pedestrian_1-1-pt_7104,LTE,5929.0,1.0
pedestrian_1-1-pt_7123_L_GYQ10,19383.0,25200.0,5818.0,pedestrian_1-1-pt_7123,LTE,7004.0,0.8306681896059395
pedestrian_1-1-pt_7142_L_HT0AL,20405.0,25200.0,4796.0,pedestrian_1-1-pt_7142,LTE,6394.0,0.7500781983109165
pedestrian_1-1-pt_7208_L_K8LB9,21002.0,23800.0,2799.0,pedestrian_1-1-pt_7208,LTE,5511.0,0.50789330430049
pedestrian_1-1-pt_725_L_BN5ZH,20665.0,25200.0,4536.0,pedestrian_1-1-pt_725,LTE,5500.0,0.8247272727272728
pedestrian_1-1-pt_7277_L_E3R37,22153.0,25200.0,3048.0,pedestrian_1-1-pt_7277,LTE,5531.0,0.5510757548363768
pedestrian_1-1-pt_7325_L_SNIAA,20474.0,23485.0,3012.0,pedestrian_1-1-pt_7325,LTE,5555.0,0.5422142214221423
pedestrian_1-1-pt_7440_L_E3IK4,18217.0,25200.0,6984.0,pedestrian_1-1-pt_7440,LTE,6984.0,1.0
pedestrian_1-1-pt_7573_L_FW7JF,21747.0,24981.0,3235.0,pedestrian_1-1-pt_7573,LTE,5703.0,0.5672453094862353
pedestrian_1-1-pt_761_L_V5QGF,19431.0,25200.0,5770.0,pedestrian_1-1-pt_761,LTE,5770.0,1.0
pedestrian_1-1-pt_7664_L_P6F6E,18549.0,25200.0,6652.0,pedestrian_1-1-pt_7664,LTE,6652.0,1.0
pedestrian_1-1-pt_7732_L_NP8E0,19497.0,25200.0,5704.0,pedestrian_1-1-pt_7732,LTE,5704.0,1.0
pedestrian_1-1-pt_776_L_RPS2W,18419.0,25200.0,6782.0,pedestrian_1-1-pt_776,LTE,6782.0,1.0
pedestrian_1-1-pt_7760_L_FSN2E,22705.0,25200.0,2496.0,pedestrian_1-1-pt_7760,LTE,6481.0,0.38512575219873474
pedestrian_1-1-pt_7763_L_WFRUW,18766.0,25200.0,6435.0,pedestrian_1-1-pt_7763,LTE,6435.0,1.0
pedestrian_1-1-pt_7863_L_8V93H,19241.0,21571.0,2331.0,pedestrian_1-1-pt_7863,LTE,5960.0,0.39110738255033556
pedestrian_1-1-pt_7915_L_WSWZJ,18194.0,23425.0,5232.0,pedestrian_1-1-pt_7915,LTE,7007.0,0.7466818895390324
pedestrian_1-1-pt_7938_L_4T8MX,19433.0,22853.0,3421.0,pedestrian_1-1-pt_7938,LTE,5768.0,0.5930998613037448
pedestrian_1-1-pt_7948_L_2YIEF,19638.0,25200.0,5563.0,pedestrian_1-1-pt_7948,LTE,5563.0,1.0
pedestrian_1-1-pt_7959_L_LWFVM,22250.0,25200.0,2951.0,pedestrian_1-1-pt_7959,LTE,5894.0,0.500678656260604
pedestrian_1-1-pt_8068_L_38ZQH,18968.0,25021.0,6054.0,pedestrian_1-1-pt_8068,LTE,6233.0,0.9712818867319108
pedestrian_1-1-pt_8085_L_GJ46Q,21499.0,24634.0,3136.0,pedestrian_1-1-pt_8085,LTE,5972.0,0.5251172136637642
pedestrian_1-1-pt_8137_L_K0CXP,19675.0,25119.0,5445.0,pedestrian_1-1-pt_8137,LTE,5526.0,0.9853420195439739
pedestrian_1-1-pt_8184_L_2R78S,18695.0,21208.0,2514.0,pedestrian_1-1-pt_8184,LTE,6506.0,0.38641254226867505
pedestrian_1-1-pt_8247_L_73EAK,19319.0,25200.0,5882.0,pedestrian_1-1-pt_8247,LTE,5882.0,1.0
pedestrian_1-1-pt_8280_L_MVO8B,19016.0,22666.0,3651.0,pedestrian_1-1-pt_8280,LTE,6185.0,0.590299110751819
pedestrian_1-1-pt_8289_L_7FQAA,18915.0,23376.0,4462.0,pedestrian_1-1-pt_8289,LTE,7155.0,0.6236198462613557
pedestrian_1-1-pt_841_L_VV98B,20256.0,23893.0,3638.0,pedestrian_1-1-pt_841,LTE,6978.0,0.5213528231584982
pedestrian_1-1-pt_8545_L_UYBCS,20844.0,23998.0,3155.0,pedestrian_1-1-pt_8545,LTE,6923.0,0.4557272858587318
pedestrian_1-1-pt_8611_L_DDR6B,18963.0,25200.0,6238.0,pedestrian_1-1-pt_8611,LTE,6238.0,1.0
pedestrian_1-1-pt_8682_L_ACPZE,21159.0,25200.0,4042.0,pedestrian_1-1-pt_8682,LTE,6024.0,0.6709827357237715
pedestrian_1-1-pt_8692_L_C2S1O,18517.0,25200.0,6684.0,pedestrian_1-1-pt_8692,LTE,6684.0,1.0
pedestrian_1-1-pt_8728_L_ECIP8,19387.0,21507.0,2121.0,pedestrian_1-1-pt_8728,LTE,5814.0,0.36480908152734776
pedestrian_1-1-pt_8735_L_ZO56V,19305.0,25200.0,5896.0,pedestrian_1-1-pt_8735,LTE,5896.0,1.0
pedestrian_1-1-pt_8739_L_4AC5W,22194.0,25200.0,3007.0,pedestrian_1-1-pt_8739,LTE,5576.0,0.5392754662840746
pedestrian_1-1-pt_8762_L_3W1J2,20951.0,23725.0,2775.0,pedestrian_1-1-pt_8762,LTE,6386.0,0.4345443156905731
pedestrian_1-1-pt_8830_L_TD4QI,19828.0,25200.0,5373.0,pedestrian_1-1-pt_8830,LTE,5373.0,1.0
pedestrian_1-1-pt_8968_L_5T7KP,19042.0,25200.0,6159.0,pedestrian_1-1-pt_8968,LTE,6159.0,1.0
pedestrian_1-1-pt_8969_L_YY52L,19564.0,22599.0,3036.0,pedestrian_1-1-pt_8969,LTE,5637.0,0.5385843533794572
pedestrian_1-1-pt_8982_L_FF16I,18249.0,25200.0,6952.0,pedestrian_1-1-pt_8982,LTE,6952.0,1.0
pedestrian_1-1-pt_977_L_Q4FNA,19381.0,22691.0,3311.0,pedestrian_1-1-pt_977,LTE,6579.0,0.5032679738562091
pedestrian_1-1-pt_98_L_6CEZF,21310.0,25200.0,3891.0,pedestrian_1-1-pt_98,LTE,6077.0,0.6402830343919698
pedestrian_1-1-veh_105_L_6A3CA,19626.0,25200.0,5575.0,pedestrian_1-1-veh_105,LTE,7196.0,0.7747359644246804
pedestrian_1-1-veh_152_L_YIKA6,18944.0,25200.0,6257.0,pedestrian_1-1-veh_152,LTE,6257.0,1.0
pedestrian_1-1-veh_234_L_JZTQZ,18402.0,21802.0,3401.0,pedestrian_1-1-veh_234,LTE,6799.0,0.5002206206795117
pedestrian_1-1-veh_246_L_P90CL,18803.0,22178.0,3376.0,pedestrian_1-1-veh_246,LTE,6398.0,0.5276648952797749
pedestrian_1-1-veh_298_L_95RWW,19571.0,25200.0,5630.0,pedestrian_1-1-veh_298,LTE,5630.0,1.0
pedestrian_1-1-veh_407_L_7LA7S,20519.0,25200.0,4682.0,pedestrian_1-1-veh_407,LTE,6288.0,0.7445928753180662
pedestrian_1-1-veh_459_L_EIGR4,22035.0,25200.0,3166.0,pedestrian_1-1-veh_459,LTE,6678.0,0.474094040131776
pedestrian_1-1-veh_5_L_J09PF,19694.0,25200.0,5507.0,pedestrian_1-1-veh_5,LTE,5507.0,1.0
pedestrian_1-1-veh_530_L_5E7QA,19791.0,25200.0,5410.0,pedestrian_1-1-veh_530,LTE,5410.0,1.0
pedestrian_1-1-veh_602_L_9YOSV,18701.0,24511.0,5811.0,pedestrian_1-1-veh_602,LTE,6500.0,0.894
pedestrian_1-1-veh_603_L_OR7EO,19746.0,23926.0,4181.0,pedestrian_1-1-veh_603,LTE,5455.0,0.7664527956003666
pedestrian_1-1-veh_608_L_9LYO4,19131.0,25200.0,6070.0,pedestrian_1-1-veh_608,LTE,6070.0,1.0
pedestrian_1-1-veh_610_L_V9G41,21548.0,25200.0,3653.0,pedestrian_1-1-veh_610,LTE,5536.0,0.6598627167630058
pedestrian_1-1-veh_65_L_XNDCX,20627.0,25000.0,4374.0,pedestrian_1-1-veh_65,LTE,6733.0,0.6496361206000297
pedestrian_1-1-veh_767_L_QJ3I8,18307.0,24976.0,6670.0,pedestrian_1-1-veh_767,LTE,6894.0,0.9675079779518422
pedestrian_1-1-veh_792_L_IS6ST,19592.0,22580.0,2989.0,pedestrian_1-1-veh_792,LTE,5609.0,0.5328935639151364
pedestrian_1-1-veh_824_L_YDTCL,19071.0,24638.0,5568.0,pedestrian_1-1-veh_824,LTE,6130.0,0.9083197389885808
pedestrian_1-1-veh_834_L_G8ISM,19466.0,25200.0,5735.0,pedestrian_1-1-veh_834,LTE,5735.0,1.0
pedestrian_1-1-veh_837_L_VJHYL,19461.0,22000.0,2540.0,pedestrian_1-1-veh_837,LTE,5740.0,0.4425087108013937
pedestrian_1-2_1017_L_EAOJY,19607.0,25200.0,5594.0,pedestrian_1-2_1017,LTE,5594.0,1.0
pedestrian_1-2_1025_L_TYHRF,21417.0,25200.0,3784.0,pedestrian_1-2_1025,LTE,6139.0,0.6163870337188467
pedestrian_1-2_104_L_E68ED,18170.0,23414.0,5245.0,pedestrian_1-2_104,LTE,7031.0,0.7459820793628218
pedestrian_1-2_1063_L_8SU0U,19770.0,25200.0,5431.0,pedestrian_1-2_1063,LTE,6656.0,0.8159555288461539
pedestrian_1-2_1066_L_O7QZ3,18358.0,23192.0,4835.0,pedestrian_1-2_1066,LTE,6843.0,0.7065614496565834
pedestrian_1-2_1203_L_7RDDG,23450.0,25200.0,1751.0,pedestrian_1-2_1203,LTE,5688.0,0.3078410689170183
pedestrian_1-2_1219_L_SHSUM,19263.0,25200.0,5938.0,pedestrian_1-2_1219,LTE,5938.0,1.0
pedestrian_1-2_1255_L_LU7T0,18584.0,25200.0,6617.0,pedestrian_1-2_1255,LTE,6617.0,1.0
pedestrian_1-2_1265_L_9CLZE,19571.0,24102.0,4532.0,pedestrian_1-2_1265,LTE,5630.0,0.8049733570159858
pedestrian_1-2_1285_L_AV86F,18139.0,23052.0,4914.0,pedestrian_1-2_1285,LTE,7062.0,0.6958368734069669
pedestrian_1-2_1313_L_E1KWP,18104.0,25200.0,7097.0,pedestrian_1-2_1313,LTE,7097.0,1.0
pedestrian_1-2_1420_L_3LJ0B,18838.0,25200.0,6363.0,pedestrian_1-2_1420,LTE,6363.0,1.0
pedestrian_1-2_149_L_NG1XZ,22243.0,25200.0,2958.0,pedestrian_1-2_149,LTE,5388.0,0.5489977728285078
pedestrian_1-2_1494_L_EUGHC,18702.0,25200.0,6499.0,pedestrian_1-2_1494,LTE,6499.0,1.0
pedestrian_1-2_1533_L_MMDA8,20459.0,25200.0,4742.0,pedestrian_1-2_1533,LTE,6275.0,0.7556972111553785
pedestrian_1-2_1559_L_FDH8V,20696.0,25200.0,4505.0,pedestrian_1-2_1559,LTE,7108.0,0.6337929093978616
pedestrian_1-2_1596_L_U6TWH,22172.0,24346.0,2175.0,pedestrian_1-2_1596,LTE,5995.0,0.3628023352793995
pedestrian_1-2_1600_L_M6OQX,19394.0,23096.0,3703.0,pedestrian_1-2_1600,LTE,6859.0,0.5398746172911503
pedestrian_1-2_1612_L_8JEJ9,18166.0,25200.0,7035.0,pedestrian_1-2_1612,LTE,7035.0,1.0
pedestrian_1-2_163_L_IJQTY,19685.0,25200.0,5516.0,pedestrian_1-2_163,LTE,6738.0,0.8186405461561295
pedestrian_1-2_1640_L_PSWXY,20080.0,24839.0,4760.0,pedestrian_1-2_1640,LTE,6722.0,0.7081225825647128
pedestrian_1-2_1658_L_P7BRG,18985.0,25200.0,6216.0,pedestrian_1-2_1658,LTE,6216.0,1.0
pedestrian_1-2_168_L_7754J,18704.0,21521.0,2818.0,pedestrian_1-2_168,LTE,6497.0,0.4337386486070494
pedestrian_1-2_171_L_USK0H,19716.0,25200.0,5485.0,pedestrian_1-2_171,LTE,5485.0,1.0
pedestrian_1-2_1715_L_9QCTQ,19638.0,25200.0,5563.0,pedestrian_1-2_1715,LTE,6609.0,0.841730972915721
pedestrian_1-2_1805_L_GC5VI,19096.0,25200.0,6105.0,pedestrian_1-2_1805,LTE,6105.0,1.0
pedestrian_1-2_1948_L_G44NT,18646.0,25200.0,6555.0,pedestrian_1-2_1948,LTE,6555.0,1.0
pedestrian_1-2_1953_L_TBU8K,18879.0,25200.0,6322.0,pedestrian_1-2_1953,LTE,6322.0,1.0
pedestrian_1-2_1990_L_1B4FT,18002.0,22980.0,4979.0,pedestrian_1-2_1990,LTE,7199.0,0.6916238366439783
pedestrian_1-2_2030_L_BKLVP,23713.0,25200.0,1488.0,pedestrian_1-2_2030,LTE,6734.0,0.22096822096822097
pedestrian_1-2_2034_L_JVY3W,19241.0,22062.0,2822.0,pedestrian_1-2_2034,LTE,5960.0,0.473489932885906
pedestrian_1-2_2061_L_548VM,19002.0,23497.0,4496.0,pedestrian_1-2_2061,LTE,6199.0,0.7252782706888208
pedestrian_1-2_2180_L_E6ZN2,18175.0,25200.0,7026.0,pedestrian_1-2_2180,LTE,7026.0,1.0
pedestrian_1-2_2183_L_FPZXG,20690.0,25200.0,4511.0,pedestrian_1-2_2183,LTE,6926.0,0.6513138896910193
pedestrian_1-2_2215_L_PCIY6,19662.0,24461.0,4800.0,pedestrian_1-2_2215,LTE,5539.0,0.8665824155984835
pedestrian_1-2_2229_L_U6C4H,18439.0,20757.0,2319.0,pedestrian_1-2_2229,LTE,6762.0,0.3429458740017746
pedestrian_1-2_2237_L_6TNG3,18519.0,22921.0,4403.0,pedestrian_1-2_2237,LTE,6682.0,0.6589344507632445
pedestrian_1-2_2287_L_SYPQ7,18151.0,22336.0,4186.0,pedestrian_1-2_2287,LTE,7050.0,0.593758865248227
pedestrian_1-2_2335_L_Z84NL,19080.0,25200.0,6121.0,pedestrian_1-2_2335,LTE,6121.0,1.0
pedestrian_1-2_2338_L_FXFJC,19703.0,22089.0,2387.0,pedestrian_1-2_2338,LTE,5498.0,0.43415787559112407
pedestrian_1-2_2345_L_2OQ8R,20859.0,25200.0,4342.0,pedestrian_1-2_2345,LTE,5395.0,0.8048192771084337
pedestrian_1-2_2422_L_D6MTI,19748.0,23273.0,3526.0,pedestrian_1-2_2422,LTE,6365.0,0.5539670070699136
pedestrian_1-2_2473_L_EXDN7,19385.0,22965.0,3581.0,pedestrian_1-2_2473,LTE,5816.0,0.6157152682255846
pedestrian_1-2_250_L_59HKF,19419.0,25200.0,5782.0,pedestrian_1-2_250,LTE,5782.0,1.0
pedestrian_1-2_2512_L_SSMZL,20842.0,24977.0,4136.0,pedestrian_1-2_2512,LTE,6947.0,0.595364905714697
pedestrian_1-2_2543_L_OY448,19442.0,25200.0,5759.0,pedestrian_1-2_2543,LTE,5759.0,1.0
pedestrian_1-2_2554_L_TN9SJ,21209.0,25200.0,3992.0,pedestrian_1-2_2554,LTE,6340.0,0.6296529968454259
pedestrian_1-2_2564_L_ZPPU4,19728.0,25200.0,5473.0,pedestrian_1-2_2564,LTE,6935.0,0.7891852919971161
pedestrian_1-2_2580_L_KOT00,19454.0,24969.0,5516.0,pedestrian_1-2_2580,LTE,7070.0,0.7801980198019802
pedestrian_1-2_2598_L_WNKF3,18728.0,25200.0,6473.0,pedestrian_1-2_2598,LTE,6473.0,1.0
pedestrian_1-2_2613_L_JVQIC,19011.0,25200.0,6190.0,pedestrian_1-2_2613,LTE,6190.0,1.0
pedestrian_1-2_263_L_BG8GM,20905.0,25200.0,4296.0,pedestrian_1-2_263,LTE,5721.0,0.7509176717357106
pedestrian_1-2_2653_L_26R1K,19284.0,25105.0,5822.0,pedestrian_1-2_2653,LTE,5917.0,0.9839445665032955
pedestrian_1-2_2702_L_IERLM,19117.0,22764.0,3648.0,pedestrian_1-2_2702,LTE,6084.0,0.5996055226824457
pedestrian_1-2_2715_L_1YCBB,20216.0,25200.0,4985.0,pedestrian_1-2_2715,LTE,6045.0,0.8246484698097601
pedestrian_1-2_2795_L_GVB1Q,19531.0,25200.0,5670.0,pedestrian_1-2_2795,LTE,5670.0,1.0
pedestrian_1-2_2797_L_X2UI3,22005.0,24816.0,2812.0,pedestrian_1-2_2797,LTE,6046.0,0.46510089315249753
pedestrian_1-2_2875_L_CO5E3,19528.0,22675.0,3148.0,pedestrian_1-2_2875,LTE,5673.0,0.5549092191080557
pedestrian_1-2_303_L_K4QWU,19653.0,24702.0,5050.0,pedestrian_1-2_303,LTE,5548.0,0.9102379235760635
pedestrian_1-2_3052_L_5VASY,18836.0,24690.0,5855.0,pedestrian_1-2_3052,LTE,6365.0,0.9198743126472899
pedestrian_1-2_3077_L_1569G,18664.0,25200.0,6537.0,pedestrian_1-2_3077,LTE,6537.0,1.0
pedestrian_1-2_3081_L_IHDK4,21233.0,25200.0,3968.0,pedestrian_1-2_3081,LTE,5591.0,0.7097120372026471
pedestrian_1-2_315_L_ZXC13,19048.0,25200.0,6153.0,pedestrian_1-2_315,LTE,6153.0,1.0
pedestrian_1-2_3214_L_A4YZP,18154.0,21395.0,3242.0,pedestrian_1-2_3214,LTE,7047.0,0.4600539236554562
pedestrian_1-2_3224_L_HNBJS,20595.0,25200.0,4606.0,pedestrian_1-2_3224,LTE,5736.0,0.8029986052998606
pedestrian_1-2_3280_L_U9ILY,18337.0,21775.0,3439.0,pedestrian_1-2_3280,LTE,6864.0,0.5010198135198135
pedestrian_1-2_3286_L_D4HON,18623.0,25200.0,6578.0,pedestrian_1-2_3286,LTE,6578.0,1.0
pedestrian_1-2_3378_L_JYCHE,19510.0,25200.0,5691.0,pedestrian_1-2_3378,LTE,5691.0,1.0
pedestrian_1-2_3386_L_T0GX9,20804.0,24056.0,3253.0,pedestrian_1-2_3386,LTE,6871.0,0.4734390918352496
pedestrian_1-2_3389_L_XWII4,19603.0,25200.0,5598.0,pedestrian_1-2_3389,LTE,5598.0,1.0
pedestrian_1-2_3413_L_LR7L2,19608.0,24134.0,4527.0,pedestrian_1-2_3413,LTE,5593.0,0.8094046129089933
pedestrian_1-2_3464_L_PXN5W,22989.0,25200.0,2212.0,pedestrian_1-2_3464,LTE,6174.0,0.35827664399092973
pedestrian_1-2_3488_L_2HBCI,18112.0,25200.0,7089.0,pedestrian_1-2_3488,LTE,7089.0,1.0
pedestrian_1-2_3575_L_GIX5O,20033.0,25200.0,5168.0,pedestrian_1-2_3575,LTE,6873.0,0.7519278335515787
pedestrian_1-2_3590_L_9ZXND,19043.0,25200.0,6158.0,pedestrian_1-2_3590,LTE,6158.0,1.0
pedestrian_1-2_3608_L_36F0R,18213.0,23800.0,5588.0,pedestrian_1-2_3608,LTE,6988.0,0.7996565540927304
pedestrian_1-2_3692_L_13X2G,19240.0,25200.0,5961.0,pedestrian_1-2_3692,LTE,5961.0,1.0
pedestrian_1-2_3693_L_K5FZ2,19044.0,25200.0,6157.0,pedestrian_1-2_3693,LTE,7023.0,0.8766908728463619
pedestrian_1-2_3702_L_31BWR,19522.0,23535.0,4014.0,pedestrian_1-2_3702,LTE,5679.0,0.7068145800316957
pedestrian_1-2_3708_L_DGK29,20618.0,25200.0,4583.0,pedestrian_1-2_3708,LTE,6144.0,0.7459309895833334
pedestrian_1-2_3716_L_NSCLG,19572.0,21358.0,1787.0,pedestrian_1-2_3716,LTE,5629.0,0.3174631373245692
pedestrian_1-2_3752_L_R47JZ,19720.0,25200.0,5481.0,pedestrian_1-2_3752,LTE,5481.0,1.0
pedestrian_1-2_3821_L_4Y5NJ,18059.0,20606.0,2548.0,pedestrian_1-2_3821,LTE,7142.0,0.3567628115373845
pedestrian_1-2_3835_L_THCVJ,18598.0,25200.0,6603.0,pedestrian_1-2_3835,LTE,6603.0,1.0
pedestrian_1-2_3879_L_SHVHN,18720.0,25200.0,6481.0,pedestrian_1-2_3879,LTE,6481.0,1.0
pedestrian_1-2_3908_L_3D9Z3,18737.0,21593.0,2857.0,pedestrian_1-2_3908,LTE,6464.0,0.44198638613861385
pedestrian_1-2_4019_L_WCUVE,21457.0,23951.0,2495.0,pedestrian_1-2_4019,LTE,5373.0,0.46435883119300203
pedestrian_1-2_4065_L_VIOMY,20000.0,25200.0,5201.0,pedestrian_1-2_4065,LTE,6023.0,0.8635231612153412
pedestrian_1-2_4098_L_2DG1T,18917.0,23951.0,5035.0,pedestrian_1-2_4098,LTE,6284.0,0.8012412476129853
pedestrian_1-2_4206_L_LKZO3,18257.0,25200.0,6944.0,pedestrian_1-2_4206,LTE,6944.0,1.0
pedestrian_1-2_4208_L_9UAR1,21267.0,24059.0,2793.0,pedestrian_1-2_4208,LTE,6604.0,0.42292549969715326
pedestrian_1-2_4249_L_51NB6,20485.0,22988.0,2504.0,pedestrian_1-2_4249,LTE,5877.0,0.4260677216266803
pedestrian_1-2_4266_L_624BG,19347.0,25200.0,5854.0,pedestrian_1-2_4266,LTE,5854.0,1.0
pedestrian_1-2_4270_L_4WOOB,18164.0,25200.0,7037.0,pedestrian_1-2_4270,LTE,7037.0,1.0
pedestrian_1-2_4285_L_UG9SL,19753.0,25200.0,5448.0,pedestrian_1-2_4285,LTE,5448.0,1.0
pedestrian_1-2_4327_L_65YPE,18086.0,25200.0,7115.0,pedestrian_1-2_4327,LTE,7115.0,1.0
pedestrian_1-2_4329_L_B7DEJ,20389.0,25200.0,4812.0,pedestrian_1-2_4329,LTE,5659.0,0.8503269128821347
pedestrian_1-2_4376_L_GDJGZ,21564.0,25200.0,3637.0,pedestrian_1-2_4376,LTE,6613.0,0.5499773174051111
pedestrian_1-2_4388_L_0IUFB,18397.0,25200.0,6804.0,pedestrian_1-2_4388,LTE,6804.0,1.0
pedestrian_1-2_4454_L_3XP8Y,18070.0,25200.0,7131.0,pedestrian_1-2_4454,LTE,7131.0,1.0
pedestrian_1-2_4464_L_UQZMB,21020.0,25200.0,4181.0,pedestrian_1-2_4464,LTE,5418.0,0.7716869693613879
pedestrian_1-2_4483_L_A633J,20131.0,24836.0,4706.0,pedestrian_1-2_4483,LTE,6485.0,0.725674633770239
pedestrian_1-2_4607_L_1YKUO,19091.0,21970.0,2880.0,pedestrian_1-2_4607,LTE,6110.0,0.4713584288052373
pedestrian_1-2_4609_L_FVNAZ,21277.0,25200.0,3924.0,pedestrian_1-2_4609,LTE,7075.0,0.5546289752650176
pedestrian_1-2_4634_L_5EZI4,18125.0,22980.0,4856.0,pedestrian_1-2_4634,LTE,7076.0,0.686263425664217
pedestrian_1-2_4715_L_YTSFW,18481.0,25200.0,6720.0,pedestrian_1-2_4715,LTE,6720.0,1.0
pedestrian_1-2_4724_L_8R3KO,20526.0,23064.0,2539.0,pedestrian_1-2_4724,LTE,5843.0,0.4345370528837926
pedestrian_1-2_4730_L_KCGH5,18769.0,25200.0,6432.0,pedestrian_1-2_4730,LTE,6432.0,1.0
pedestrian_1-2_4734_L_31WR2,18042.0,21888.0,3847.0,pedestrian_1-2_4734,LTE,7159.0,0.5373655538483029
pedestrian_1-2_4753_L_AVBXV,18442.0,25200.0,6759.0,pedestrian_1-2_4753,LTE,6759.0,1.0
pedestrian_1-2_4771_L_84IK1,19517.0,22079.0,2563.0,pedestrian_1-2_4771,LTE,5684.0,0.45091484869809995
pedestrian_1-2_4791_L_GAN0M,20210.0,25200.0,4991.0,pedestrian_1-2_4791,LTE,6628.0,0.7530175015087508
pedestrian_1-2_4853_L_6FTZY,18310.0,25200.0,6891.0,pedestrian_1-2_4853,LTE,6891.0,1.0
pedestrian_1-2_4886_L_Z46LM,20299.0,21981.0,1683.0,pedestrian_1-2_4886,LTE,5921.0,0.28424252660023647
pedestrian_1-2_4940_L_SXWT5,20004.0,23989.0,3986.0,pedestrian_1-2_4940,LTE,6464.0,0.6166460396039604
pedestrian_1-2_4955_L_TUHV7,18281.0,25200.0,6920.0,pedestrian_1-2_4955,LTE,6920.0,1.0
pedestrian_1-2_4962_L_UIWVQ,19046.0,22566.0,3521.0,pedestrian_1-2_4962,LTE,6155.0,0.572055239642567
pedestrian_1-2_5020_L_3N7E7,19018.0,23297.0,4280.0,pedestrian_1-2_5020,LTE,6183.0,0.6922206048843603
pedestrian_1-2_505_L_GX272,19005.0,22137.0,3133.0,pedestrian_1-2_505,LTE,6196.0,0.5056488056810846
pedestrian_1-2_5092_L_IRLVX,18215.0,23275.0,5061.0,pedestrian_1-2_5092,LTE,6986.0,0.7244488977955912
pedestrian_1-2_5210_L_GDSML,18633.0,23869.0,5237.0,pedestrian_1-2_5210,LTE,6568.0,0.7973507917174177
pedestrian_1-2_5252_L_3WXOH,18908.0,24004.0,5097.0,pedestrian_1-2_5252,LTE,6293.0,0.8099475607818211
pedestrian_1-2_5288_L_L5VOZ,18917.0,25200.0,6284.0,pedestrian_1-2_5288,LTE,6284.0,1.0
pedestrian_1-2_5369_L_PF1SN,19327.0,25200.0,5874.0,pedestrian_1-2_5369,LTE,5874.0,1.0
pedestrian_1-2_5428_L_7GDK5,19135.0,25200.0,6066.0,pedestrian_1-2_5428,LTE,6066.0,1.0
pedestrian_1-2_5437_L_9Y4XN,20675.0,25200.0,4526.0,pedestrian_1-2_5437,LTE,5655.0,0.8003536693191866
pedestrian_1-2_5518_L_1SEB9,19795.0,25200.0,5406.0,pedestrian_1-2_5518,LTE,7098.0,0.7616229923922232
pedestrian_1-2_5543_L_0FOSC,20667.0,25200.0,4534.0,pedestrian_1-2_5543,LTE,5376.0,0.8433779761904762
pedestrian_1-2_5640_L_K03K9,18258.0,23158.0,4901.0,pedestrian_1-2_5640,LTE,6943.0,0.7058908252916607
pedestrian_1-2_5641_L_XUDPJ,20744.0,25200.0,4457.0,pedestrian_1-2_5641,LTE,6582.0,0.6771498024916439
pedestrian_1-2_568_L_84CKB,19801.0,25003.0,5203.0,pedestrian_1-2_568,LTE,5400.0,0.9635185185185186
pedestrian_1-2_573_L_KQO7H,18462.0,22176.0,3715.0,pedestrian_1-2_573,LTE,6739.0,0.5512687342335658
pedestrian_1-2_5745_L_JR6BU,22230.0,25200.0,2971.0,pedestrian_1-2_5745,LTE,6087.0,0.48808937079020864
pedestrian_1-2_5752_L_M5BL0,18936.0,25200.0,6265.0,pedestrian_1-2_5752,LTE,6265.0,1.0
pedestrian_1-2_5753_L_JUWQM,18303.0,22028.0,3726.0,pedestrian_1-2_5753,LTE,6898.0,0.5401565671209047
pedestrian_1-2_5765_L_W6D6W,19669.0,25200.0,5532.0,pedestrian_1-2_5765,LTE,5532.0,1.0
pedestrian_1-2_5927_L_MI6GC,18670.0,25200.0,6531.0,pedestrian_1-2_5927,LTE,6531.0,1.0
pedestrian_1-2_593_L_D6WPH,18339.0,25200.0,6862.0,pedestrian_1-2_593,LTE,6862.0,1.0
pedestrian_1-2_5943_L_01OT6,18201.0,22080.0,3880.0,pedestrian_1-2_5943,LTE,7000.0,0.5542857142857143
pedestrian_1-2_5951_L_UKFRN,18716.0,25200.0,6485.0,pedestrian_1-2_5951,LTE,6485.0,1.0
pedestrian_1-2_6013_L_V7IEP,19164.0,23030.0,3867.0,pedestrian_1-2_6013,LTE,6037.0,0.6405499420241842
pedestrian_1-2_609_L_ZCBOE,20785.0,25200.0,4416.0,pedestrian_1-2_609,LTE,7164.0,0.6164154103852596
pedestrian_1-2_638_L_QX4VM,18843.0,25200.0,6358.0,pedestrian_1-2_638,LTE,7148.0,0.8894795747062115
pedestrian_1-2_671_L_DRCS4,21884.0,24795.0,2912.0,pedestrian_1-2_671,LTE,5507.0,0.5287815507535863
pedestrian_1-2_752_L_2VFML,18492.0,25200.0,6709.0,pedestrian_1-2_752,LTE,6709.0,1.0
pedestrian_1-2_829_L_OY67W,18533.0,25200.0,6668.0,pedestrian_1-2_829,LTE,6668.0,1.0
pedestrian_1-2_848_L_V2TC8,20483.0,25200.0,4718.0,pedestrian_1-2_848,LTE,6513.0,0.724397359127898
pedestrian_1-2_960_L_UOK23,19380.0,24105.0,4726.0,pedestrian_1-2_960,LTE,5821.0,0.8118879917539942
pedestrian_1-3_1027_L_M6S9Y,18922.0,23567.0,4646.0,pedestrian_1-3_1027,LTE,6279.0,0.73992673992674
pedestrian_1-3_1140_L_8FICJ,19162.0,24137.0,4976.0,pedestrian_1-3_1140,LTE,6039.0,0.8239774797151846
pedestrian_1-3_1213_L_YRAOK,19799.0,24633.0,4835.0,pedestrian_1-3_1213,LTE,5402.0,0.8950388744909293
pedestrian_1-3_1324_L_ZLCGI,20413.0,25200.0,4788.0,pedestrian_1-3_1324,LTE,5667.0,0.8448914769719428
pedestrian_1-3_1500_L_BQUWY,20093.0,24722.0,4630.0,pedestrian_1-3_1500,LTE,6651.0,0.6961359194106149
pedestrian_1-3_1535_L_1P7M1,19784.0,25200.0,5417.0,pedestrian_1-3_1535,LTE,5417.0,1.0
pedestrian_1-3_1571_L_QFFAC,22062.0,25200.0,3139.0,pedestrian_1-3_1571,LTE,5568.0,0.563757183908046
pedestrian_1-3_1604_L_WMU3M,18561.0,25200.0,6640.0,pedestrian_1-3_1604,LTE,6640.0,1.0
pedestrian_1-3_1676_L_AXG7A,21640.0,25200.0,3561.0,pedestrian_1-3_1676,LTE,5749.0,0.6194120716646373
pedestrian_1-3_17_L_EYFCS,20234.0,25200.0,4967.0,pedestrian_1-3_17,LTE,6707.0,0.7405695541971075
pedestrian_1-3_1737_L_E77P3,18725.0,22716.0,3992.0,pedestrian_1-3_1737,LTE,6476.0,0.6164298949969117
pedestrian_1-3_1785_L_JJ8R1,19578.0,25200.0,5623.0,pedestrian_1-3_1785,LTE,6891.0,0.8159918734581338
pedestrian_1-3_1945_L_WSLON,21129.0,24799.0,3671.0,pedestrian_1-3_1945,LTE,5687.0,0.6455072973448215
pedestrian_1-3_2018_L_QZO5R,19239.0,25200.0,5962.0,pedestrian_1-3_2018,LTE,7169.0,0.8316362114660343
pedestrian_1-3_2043_L_SU05Z,19368.0,25200.0,5833.0,pedestrian_1-3_2043,LTE,6656.0,0.8763521634615384
pedestrian_1-3_2053_L_0BBTX,18633.0,25200.0,6568.0,pedestrian_1-3_2053,LTE,6568.0,1.0
pedestrian_1-3_2076_L_63VXV,18982.0,25200.0,6219.0,pedestrian_1-3_2076,LTE,6219.0,1.0
pedestrian_1-3_2171_L_OAZHO,19293.0,25200.0,5908.0,pedestrian_1-3_2171,LTE,5908.0,1.0
pedestrian_1-3_2180_L_JCI2K,18110.0,25200.0,7091.0,pedestrian_1-3_2180,LTE,7091.0,1.0
pedestrian_1-3_2187_L_7C3MT,20006.0,25200.0,5195.0,pedestrian_1-3_2187,LTE,6683.0,0.7773455035163849
pedestrian_1-3_2221_L_SSJMX,18011.0,25200.0,7190.0,pedestrian_1-3_2221,LTE,7190.0,1.0
pedestrian_1-3_2278_L_I8SZU,18407.0,25200.0,6794.0,pedestrian_1-3_2278,LTE,6794.0,1.0
pedestrian_1-3_228_L_DBQUV,20912.0,25200.0,4289.0,pedestrian_1-3_228,LTE,6268.0,0.6842693044033185
pedestrian_1-3_2280_L_VCHEX,19266.0,25200.0,5935.0,pedestrian_1-3_2280,LTE,5935.0,1.0
pedestrian_1-3_2323_L_WG5IN,22207.0,25200.0,2994.0,pedestrian_1-3_2323,LTE,6890.0,0.43454281567489117
pedestrian_1-3_234_L_NLEUR,19253.0,25200.0,5948.0,pedestrian_1-3_234,LTE,5948.0,1.0
pedestrian_1-3_2374_L_8KWAS,18002.0,24024.0,6023.0,pedestrian_1-3_2374,LTE,7199.0,0.8366439783303237
pedestrian_1-3_2410_L_UM1L6,18004.0,25200.0,7197.0,pedestrian_1-3_2410,LTE,7197.0,1.0
pedestrian_1-3_2421_L_O0FM7,19597.0,25200.0,5604.0,pedestrian_1-3_2421,LTE,5604.0,1.0
pedestrian_1-3_2424_L_4QCYE,22082.0,25200.0,3119.0,pedestrian_1-3_2424,LTE,5902.0,0.5284649271433413
pedestrian_1-3_2454_L_NDIUS,20410.0,25200.0,4791.0,pedestrian_1-3_2454,LTE,7144.0,0.6706326987681971
pedestrian_1-3_2482_L_2UC10,19739.0,23029.0,3291.0,pedestrian_1-3_2482,LTE,5462.0,0.6025265470523617
pedestrian_1-3_2528_L_UZYFV,19269.0,25200.0,5932.0,pedestrian_1-3_2528,LTE,5932.0,1.0
pedestrian_1-3_2599_L_44KOD,21262.0,25200.0,3939.0,pedestrian_1-3_2599,LTE,6099.0,0.6458435809149041
pedestrian_1-3_2633_L_HFV7L,19701.0,25200.0,5500.0,pedestrian_1-3_2633,LTE,5500.0,1.0
pedestrian_1-3_2643_L_A47KM,20423.0,25200.0,4778.0,pedestrian_1-3_2643,LTE,6047.0,0.7901438729948735
pedestrian_1-3_268_L_EJYL0,21556.0,25200.0,3645.0,pedestrian_1-3_268,LTE,7140.0,0.5105042016806722
pedestrian_1-3_2745_L_QXRFF,19760.0,25200.0,5441.0,pedestrian_1-3_2745,LTE,5441.0,1.0
pedestrian_1-3_2773_L_J6YQR,22605.0,24343.0,1739.0,pedestrian_1-3_2773,LTE,5761.0,0.30185731643811836
pedestrian_1-3_2786_L_Q4R9Y,19683.0,22644.0,2962.0,pedestrian_1-3_2786,LTE,5518.0,0.5367886915549112
pedestrian_1-3_28_L_SC5YE,19744.0,25200.0,5457.0,pedestrian_1-3_28,LTE,5457.0,1.0
pedestrian_1-3_283_L_1V5J9,19535.0,25200.0,5666.0,pedestrian_1-3_283,LTE,5666.0,1.0
pedestrian_1-3_2881_L_ZUEHO,18242.0,22114.0,3873.0,pedestrian_1-3_2881,LTE,6959.0,0.5565454806725104
pedestrian_1-3_2955_L_HSQRE,22718.0,25200.0,2483.0,pedestrian_1-3_2955,LTE,6818.0,0.36418304488119685
pedestrian_1-3_2985_L_HJZSH,19010.0,25200.0,6191.0,pedestrian_1-3_2985,LTE,6191.0,1.0
pedestrian_1-3_3046_L_JSOCQ,19094.0,22154.0,3061.0,pedestrian_1-3_3046,LTE,7087.0,0.43191759559757303
pedestrian_1-3_3076_L_FLN1B,18964.0,22173.0,3210.0,pedestrian_1-3_3076,LTE,6237.0,0.5146705146705147
pedestrian_1-3_3132_L_GFQQE,18868.0,25200.0,6333.0,pedestrian_1-3_3132,LTE,6333.0,1.0
pedestrian_1-3_3135_L_T8Q7U,19795.0,25200.0,5406.0,pedestrian_1-3_3135,LTE,5406.0,1.0
pedestrian_1-3_3245_L_GWB4H,22076.0,25200.0,3125.0,pedestrian_1-3_3245,LTE,5902.0,0.5294815316841749
pedestrian_1-3_3253_L_DDKNC,19260.0,25200.0,5941.0,pedestrian_1-3_3253,LTE,5941.0,1.0
pedestrian_1-3_3339_L_K66TN,18622.0,25200.0,6579.0,pedestrian_1-3_3339,LTE,6579.0,1.0
pedestrian_1-3_3410_L_LCY6O,19620.0,24883.0,5264.0,pedestrian_1-3_3410,LTE,5581.0,0.9432001433434868
pedestrian_1-3_3457_L_IFSQA,20879.0,24264.0,3386.0,pedestrian_1-3_3457,LTE,6764.0,0.5005913660555884
pedestrian_1-3_3494_L_IYM9G,19529.0,25200.0,5672.0,pedestrian_1-3_3494,LTE,5672.0,1.0
pedestrian_1-3_3536_L_RZHRP,19577.0,25200.0,5624.0,pedestrian_1-3_3536,LTE,5624.0,1.0
pedestrian_1-3_3579_L_NZIIY,19125.0,22868.0,3744.0,pedestrian_1-3_3579,LTE,6076.0,0.6161948650427913
pedestrian_1-3_3755_L_5HXXJ,19759.0,23316.0,3558.0,pedestrian_1-3_3755,LTE,5442.0,0.6538037486218302
pedestrian_1-3_3759_L_H908T,18329.0,21973.0,3645.0,pedestrian_1-3_3759,LTE,6872.0,0.5304132712456344
pedestrian_1-3_3776_L_OVW5H,19100.0,24717.0,5618.0,pedestrian_1-3_3776,LTE,6101.0,0.9208326503851828
pedestrian_1-3_3793_L_SR4LE,20527.0,25200.0,4674.0,pedestrian_1-3_3793,LTE,6285.0,0.7436754176610979
pedestrian_1-3_3834_L_P7EO6,19584.0,25200.0,5617.0,pedestrian_1-3_3834,LTE,7122.0,0.7886829542263409
pedestrian_1-3_3901_L_Z9T6N,18674.0,24446.0,5773.0,pedestrian_1-3_3901,LTE,6527.0,0.8844798529186456
pedestrian_1-3_4025_L_4ZV8T,19215.0,25200.0,5986.0,pedestrian_1-3_4025,LTE,5986.0,1.0
pedestrian_1-3_403_L_UAQ56,19231.0,25200.0,5970.0,pedestrian_1-3_403,LTE,5970.0,1.0
pedestrian_1-3_4124_L_9QEL5,20907.0,25164.0,4258.0,pedestrian_1-3_4124,LTE,6101.0,0.6979183740370432
pedestrian_1-3_4168_L_IQA1D,18549.0,25200.0,6652.0,pedestrian_1-3_4168,LTE,6652.0,1.0
pedestrian_1-3_4253_L_S83RY,19260.0,24446.0,5187.0,pedestrian_1-3_4253,LTE,5941.0,0.8730853391684902
pedestrian_1-3_4262_L_Y322M,18655.0,25200.0,6546.0,pedestrian_1-3_4262,LTE,6546.0,1.0
pedestrian_1-3_4289_L_DN4YG,19363.0,25200.0,5838.0,pedestrian_1-3_4289,LTE,5838.0,1.0
pedestrian_1-3_4291_L_F2VB5,20601.0,25200.0,4600.0,pedestrian_1-3_4291,LTE,5665.0,0.8120035304501324
pedestrian_1-3_4492_L_2OEQO,18147.0,24587.0,6441.0,pedestrian_1-3_4492,LTE,7054.0,0.9130989509498157
pedestrian_1-3_458_L_IG5DQ,19452.0,25200.0,5749.0,pedestrian_1-3_458,LTE,5749.0,1.0
pedestrian_1-3_4587_L_OD1OU,19776.0,24888.0,5113.0,pedestrian_1-3_4587,LTE,5425.0,0.9424884792626728
pedestrian_1-3_4644_L_AB11Q,20846.0,25200.0,4355.0,pedestrian_1-3_4644,LTE,6750.0,0.6451851851851852
pedestrian_1-3_4663_L_8JOM8,19012.0,25018.0,6007.0,pedestrian_1-3_4663,LTE,6189.0,0.9705929875585717
pedestrian_1-3_4666_L_QAF7E,18910.0,25200.0,6291.0,pedestrian_1-3_4666,LTE,6291.0,1.0
pedestrian_1-3_4690_L_TVIP9,18468.0,21142.0,2675.0,pedestrian_1-3_4690,LTE,6733.0,0.3972968958859349
pedestrian_1-3_4738_L_Y6YNR,21642.0,25200.0,3559.0,pedestrian_1-3_4738,LTE,6733.0,0.5285905242833804
pedestrian_1-3_4775_L_8OTJQ,18719.0,25200.0,6482.0,pedestrian_1-3_4775,LTE,6482.0,1.0
pedestrian_1-3_4822_L_J30P4,18746.0,22112.0,3367.0,pedestrian_1-3_4822,LTE,6455.0,0.5216111541440743
pedestrian_1-3_4875_L_JM6LJ,19119.0,22141.0,3023.0,pedestrian_1-3_4875,LTE,6082.0,0.4970404472213088
pedestrian_1-3_4881_L_VDNUS,19097.0,25200.0,6104.0,pedestrian_1-3_4881,LTE,6104.0,1.0
pedestrian_1-3_4944_L_QJ1L5,19173.0,25098.0,5926.0,pedestrian_1-3_4944,LTE,6028.0,0.9830789648307896
pedestrian_1-3_4954_L_9VSJM,21114.0,25200.0,4087.0,pedestrian_1-3_4954,LTE,6643.0,0.6152340809875056
pedestrian_1-3_5020_L_O2E4X,18983.0,25200.0,6218.0,pedestrian_1-3_5020,LTE,6218.0,1.0
pedestrian_1-3_5117_L_RE47X,20040.0,25200.0,5161.0,pedestrian_1-3_5117,LTE,6709.0,0.7692651661946639
pedestrian_1-3_5123_L_9GCCO,19600.0,25200.0,5601.0,pedestrian_1-3_5123,LTE,6674.0,0.8392268504644891
pedestrian_1-3_5144_L_9YL1P,22257.0,25200.0,2944.0,pedestrian_1-3_5144,LTE,5937.0,0.4958733367020381
pedestrian_1-3_528_L_WWDH5,21249.0,25200.0,3952.0,pedestrian_1-3_528,LTE,6873.0,0.5750036374217954
pedestrian_1-3_5334_L_BRYL1,20715.0,24686.0,3972.0,pedestrian_1-3_5334,LTE,6995.0,0.5678341672623303
pedestrian_1-3_5354_L_JSB4O,20763.0,25200.0,4438.0,pedestrian_1-3_5354,LTE,6318.0,0.702437480215258
pedestrian_1-3_5451_L_1HX56,18949.0,24893.0,5945.0,pedestrian_1-3_5451,LTE,6252.0,0.9508957133717211
pedestrian_1-3_547_L_1XPKP,19318.0,24871.0,5554.0,pedestrian_1-3_547,LTE,5883.0,0.9440761516233215
pedestrian_1-3_5475_L_8D725,18443.0,25200.0,6758.0,pedestrian_1-3_5475,LTE,6758.0,1.0
pedestrian_1-3_5537_L_NQ8LF,18298.0,25200.0,6903.0,pedestrian_1-3_5537,LTE,6903.0,1.0
pedestrian_1-3_5550_L_7VCCZ,19729.0,25200.0,5472.0,pedestrian_1-3_5550,LTE,5472.0,1.0
pedestrian_1-3_5578_L_MO4E2,18927.0,25200.0,6274.0,pedestrian_1-3_5578,LTE,7019.0,0.8938595241487391
pedestrian_1-3_635_L_9FEWF,21019.0,24185.0,3167.0,pedestrian_1-3_635,LTE,6760.0,0.46849112426035505
pedestrian_1-3_743_L_JTHLD,19366.0,23146.0,3781.0,pedestrian_1-3_743,LTE,5835.0,0.6479862896315338
pedestrian_1-3_80_L_0RWKZ,18783.0,24362.0,5580.0,pedestrian_1-3_80,LTE,6418.0,0.8694297288875039
pedestrian_1-3_809_L_OLHHI,19176.0,23332.0,4157.0,pedestrian_1-3_809,LTE,6025.0,0.6899585062240664
pedestrian_1-3_870_L_R0H86,19452.0,25200.0,5749.0,pedestrian_1-3_870,LTE,5749.0,1.0
pedestrian_1-3_874_L_TZBXY,18948.0,22610.0,3663.0,pedestrian_1-3_874,LTE,6253.0,0.5857988165680473
pedestrian_1-3_990_L_4J44W,21524.0,25200.0,3677.0,pedestrian_1-3_990,LTE,6262.0,0.5871925902267646
pedestrian_2-1_1248_L_B4FCM,20843.0,25200.0,4358.0,pedestrian_2-1_1248,LTE,6790.0,0.6418262150220914
pedestrian_2-1_1463_L_6ZWJI,18978.0,22824.0,3847.0,pedestrian_2-1_1463,LTE,6223.0,0.6181905833199421
pedestrian_2-1_1609_L_ZFGBR,19033.0,25200.0,6168.0,pedestrian_2-1_1609,LTE,6168.0,1.0
pedestrian_2-1_1724_L_39OW3,19787.0,25200.0,5414.0,pedestrian_2-1_1724,LTE,5414.0,1.0
pedestrian_2-1_1878_L_GVYB9,19568.0,22663.0,3096.0,pedestrian_2-1_1878,LTE,5633.0,0.549618320610687
pedestrian_2-1_2028_L_5OPE4,19271.0,25200.0,5930.0,pedestrian_2-1_2028,LTE,5930.0,1.0
pedestrian_2-1_2045_L_DVIX9,20266.0,22232.0,1967.0,pedestrian_2-1_2045,LTE,5957.0,0.3301997649823737
pedestrian_2-1_213_L_J6AYB,20263.0,24343.0,4081.0,pedestrian_2-1_213,LTE,6509.0,0.6269780304194192
pedestrian_2-1_2136_L_IJI9X,18886.0,25200.0,6315.0,pedestrian_2-1_2136,LTE,6315.0,1.0
pedestrian_2-1_2161_L_73SL0,22656.0,25200.0,2545.0,pedestrian_2-1_2161,LTE,5470.0,0.46526508226691043
pedestrian_2-1_2293_L_RW94N,18466.0,25200.0,6735.0,pedestrian_2-1_2293,LTE,6735.0,1.0
pedestrian_2-1_2384_L_Z4BMP,19117.0,22130.0,3014.0,pedestrian_2-1_2384,LTE,6084.0,0.49539776462853385
pedestrian_2-1_2486_L_W87WU,19781.0,25200.0,5420.0,pedestrian_2-1_2486,LTE,5420.0,1.0
pedestrian_2-1_2911_L_1K9CZ,19693.0,22104.0,2412.0,pedestrian_2-1_2911,LTE,5508.0,0.43790849673202614
pedestrian_2-1_2925_L_C628P,22050.0,25200.0,3151.0,pedestrian_2-1_2925,LTE,6246.0,0.5044828690361831
pedestrian_2-1_2987_L_QXVIB,19690.0,25200.0,5511.0,pedestrian_2-1_2987,LTE,5511.0,1.0
pedestrian_2-1_3058_L_QBTSH,18975.0,23302.0,4328.0,pedestrian_2-1_3058,LTE,6226.0,0.6951493735946033
pedestrian_2-1_3119_L_P8P1Q,20837.0,23557.0,2721.0,pedestrian_2-1_3119,LTE,5570.0,0.48850987432675047
pedestrian_2-1_3136_L_YPUPM,18461.0,25200.0,6740.0,pedestrian_2-1_3136,LTE,6740.0,1.0
pedestrian_2-1_3376_L_ZBIVC,21703.0,25200.0,3498.0,pedestrian_2-1_3376,LTE,6681.0,0.5235743152222722
pedestrian_2-1_3390_L_D282K,18729.0,21964.0,3236.0,pedestrian_2-1_3390,LTE,6472.0,0.5
pedestrian_2-1_3601_L_B7BRA,18592.0,25200.0,6609.0,pedestrian_2-1_3601,LTE,6609.0,1.0
pedestrian_2-1_3664_L_A1N4S,18951.0,23329.0,4379.0,pedestrian_2-1_3664,LTE,6250.0,0.70064
pedestrian_2-1_3764_L_5ACQL,18741.0,25200.0,6460.0,pedestrian_2-1_3764,LTE,6460.0,1.0
pedestrian_2-1_3944_L_6LLDS,19011.0,25200.0,6190.0,pedestrian_2-1_3944,LTE,6190.0,1.0
pedestrian_2-1_4127_L_7LQT1,18326.0,25200.0,6875.0,pedestrian_2-1_4127,LTE,6875.0,1.0
pedestrian_2-1_4232_L_FY7M5,20819.0,25200.0,4382.0,pedestrian_2-1_4232,LTE,6017.0,0.7282699019444906
pedestrian_2-1_4267_L_20NTN,20665.0,25071.0,4407.0,pedestrian_2-1_4267,LTE,5382.0,0.8188405797101449
pedestrian_2-1_4331_L_VD69Z,20830.0,23730.0,2901.0,pedestrian_2-1_4331,LTE,6910.0,0.4198263386396527
pedestrian_2-1_4788_L_F608Q,21494.0,25200.0,3707.0,pedestrian_2-1_4788,LTE,5470.0,0.6776965265082266
pedestrian_2-1_4811_L_MLE8S,19184.0,25200.0,6017.0,pedestrian_2-1_4811,LTE,6017.0,1.0
pedestrian_2-1_4909_L_Z0BS8,18874.0,25200.0,6327.0,pedestrian_2-1_4909,LTE,6327.0,1.0
pedestrian_2-1_4930_L_WFKDV,18525.0,25200.0,6676.0,pedestrian_2-1_4930,LTE,6676.0,1.0
pedestrian_2-1_499_L_7XEUH,19786.0,21459.0,1674.0,pedestrian_2-1_499,LTE,5415.0,0.3091412742382271
pedestrian_2-1_5001_L_C0KRQ,18286.0,25200.0,6915.0,pedestrian_2-1_5001,LTE,6915.0,1.0
pedestrian_2-1_5067_L_SBB4V,19780.0,25200.0,5421.0,pedestrian_2-1_5067,LTE,5421.0,1.0
pedestrian_2-1_5419_L_WF0WO,18210.0,25200.0,6991.0,pedestrian_2-1_5419,LTE,6991.0,1.0
pedestrian_2-1_5435_L_RO7UQ,19606.0,22575.0,2970.0,pedestrian_2-1_5435,LTE,7013.0,0.42349921574219307
pedestrian_2-1_5450_L_Q14NM,19214.0,25200.0,5987.0,pedestrian_2-1_5450,LTE,5987.0,1.0
pedestrian_2-1_5552_L_JOT9T,19403.0,24872.0,5470.0,pedestrian_2-1_5552,LTE,5798.0,0.9434287685408762
pedestrian_2-1_5799_L_CEZV8,19184.0,25200.0,6017.0,pedestrian_2-1_5799,LTE,6017.0,1.0
pedestrian_2-1_5841_L_V4SX1,19011.0,24442.0,5432.0,pedestrian_2-1_5841,LTE,6190.0,0.8775444264943457
pedestrian_2-1_600_L_42154,19618.0,22245.0,2628.0,pedestrian_2-1_600,LTE,5583.0,0.4707146695325094
pedestrian_2-1_6021_L_YXQEZ,18155.0,25200.0,7046.0,pedestrian_2-1_6021,LTE,7046.0,1.0
pedestrian_2-1_6130_L_VLHAI,19698.0,25200.0,5503.0,pedestrian_2-1_6130,LTE,6616.0,0.8317714631197098
pedestrian_2-1_6236_L_7ERKQ,18565.0,25200.0,6636.0,pedestrian_2-1_6236,LTE,6636.0,1.0
pedestrian_2-1_6256_L_KEKLZ,18536.0,20701.0,2166.0,pedestrian_2-1_6256,LTE,6665.0,0.3249812453113278
pedestrian_2-1_6274_L_8A4CG,18535.0,24944.0,6410.0,pedestrian_2-1_6274,LTE,6666.0,0.9615961596159616
pedestrian_2-1_63_L_LZ5NK,21328.0,25200.0,3873.0,pedestrian_2-1_63,LTE,7014.0,0.5521813515825492
pedestrian_2-1_804_L_7WJDD,19286.0,25200.0,5915.0,pedestrian_2-1_804,LTE,5915.0,1.0
pedestrian_2-1_842_L_HOF0P,19287.0,22871.0,3585.0,pedestrian_2-1_842,LTE,5914.0,0.6061887047683463
