id,user_id,protocol,start_timestep,last_timestep,total_time,wifi_duration,privacy_score
pedestrian_1-1-pt_0_W_9G2YB,pedestrian_1-1-pt_0,WiFi,21532.0,21582.0,51.0,5898.0,0.008646998982706003
pedestrian_1-1-pt_1006_W_ZOGVX,pedestrian_1-1-pt_1006,WiFi,18923.0,18966.0,44.0,7050.0,0.00624113475177305
pedestrian_1-1-pt_1037_W_EFIES,pedestrian_1-1-pt_1037,WiFi,22527.0,22577.0,51.0,5840.0,0.008732876712328768
pedestrian_1-1-pt_1039_W_O5N41,pedestrian_1-1-pt_1039,WiFi,23618.0,23671.0,54.0,6474.0,0.008341056533827619
pedestrian_1-1-pt_1108_W_TDKGT,pedestrian_1-1-pt_1108,WiFi,23108.0,23154.0,47.0,6696.0,0.007019115890083632
pedestrian_1-1-pt_1121_W_4YZAZ,pedestrian_1-1-pt_1121,WiFi,21792.0,21845.0,54.0,5916.0,0.009127789046653144
pedestrian_1-1-pt_1138_W_VLLII,pedestrian_1-1-pt_1138,WiFi,22149.0,22202.0,54.0,5624.0,0.009601706970128023
pedestrian_1-1-pt_1167_W_M1DH7,pedestrian_1-1-pt_1167,WiFi,19065.0,19117.0,53.0,6258.0,0.008469159475870885
pedestrian_1-1-pt_1173_W_6V22F,pedestrian_1-1-pt_1173,WiFi,23311.0,23366.0,56.0,6381.0,0.008776053910045448
pedestrian_1-1-pt_1226_W_USUZI,pedestrian_1-1-pt_1226,WiFi,20773.0,20831.0,59.0,5413.0,0.01089968594125254
pedestrian_1-1-pt_1238_W_J72DB,pedestrian_1-1-pt_1238,WiFi,23297.0,23348.0,52.0,6403.0,0.008121193190691864
pedestrian_1-1-pt_1270_W_DZ4A3,pedestrian_1-1-pt_1270,WiFi,22841.0,22895.0,55.0,6731.0,0.008171148417768533
pedestrian_1-1-pt_1296_W_EK2N2,pedestrian_1-1-pt_1296,WiFi,22207.0,22260.0,54.0,6354.0,0.0084985835694051
pedestrian_1-1-pt_1298_W_3V1JP,pedestrian_1-1-pt_1298,WiFi,21219.0,21266.0,48.0,6335.0,0.007576953433307025
pedestrian_1-1-pt_1304_W_6VB93,pedestrian_1-1-pt_1304,WiFi,21967.0,22026.0,60.0,5854.0,0.010249402118209771
pedestrian_1-1-pt_1306_W_E84LQ,pedestrian_1-1-pt_1306,WiFi,20061.0,20108.0,48.0,6172.0,0.007777057679844459
pedestrian_1-1-pt_1329_W_ZN3GE,pedestrian_1-1-pt_1329,WiFi,20485.0,20527.0,43.0,6666.0,0.006450645064506451
pedestrian_1-1-pt_1420_W_OX8MS,pedestrian_1-1-pt_1420,WiFi,19444.0,19493.0,50.0,6156.0,0.008122157244964262
pedestrian_1-1-pt_1473_W_9VW31,pedestrian_1-1-pt_1473,WiFi,22685.0,22740.0,56.0,5832.0,0.009602194787379973
pedestrian_1-1-pt_1497_W_DBGG0,pedestrian_1-1-pt_1497,WiFi,23490.0,23540.0,51.0,5453.0,0.009352649917476618
pedestrian_1-1-pt_150_W_U1XAM,pedestrian_1-1-pt_150,WiFi,20858.0,20911.0,54.0,5891.0,0.009166525207944322
pedestrian_1-1-pt_1560_W_CNLPN,pedestrian_1-1-pt_1560,WiFi,18507.0,18562.0,56.0,6694.0,0.008365700627427548
pedestrian_1-1-pt_1601_W_9LBED,pedestrian_1-1-pt_1601,WiFi,22597.0,22648.0,52.0,6011.0,0.008650806854100815
pedestrian_1-1-pt_1669_W_0VR30,pedestrian_1-1-pt_1669,WiFi,24032.0,24088.0,57.0,7057.0,0.008077086580700015
pedestrian_1-1-pt_1700_W_4V2UX,pedestrian_1-1-pt_1700,WiFi,21435.0,21488.0,54.0,5771.0,0.009357130479986138
pedestrian_1-1-pt_1714_W_O4N2K,pedestrian_1-1-pt_1714,WiFi,21387.0,21443.0,57.0,6514.0,0.008750383788762665
pedestrian_1-1-pt_1723_W_LUC1U,pedestrian_1-1-pt_1723,WiFi,21215.0,21257.0,43.0,5437.0,0.007908773220526025
pedestrian_1-1-pt_1747_W_Q7M0A,pedestrian_1-1-pt_1747,WiFi,21104.0,21159.0,56.0,6993.0,0.008008008008008008
pedestrian_1-1-pt_1798_W_XM92T,pedestrian_1-1-pt_1798,WiFi,23333.0,23379.0,47.0,5574.0,0.00843200574094008
pedestrian_1-1-pt_182_W_L644H,pedestrian_1-1-pt_182,WiFi,19729.0,19782.0,54.0,6141.0,0.008793356130923302
pedestrian_1-1-pt_1966_W_5H59T,pedestrian_1-1-pt_1966,WiFi,19802.0,19847.0,46.0,6326.0,0.007271577616187164
pedestrian_1-1-pt_2013_W_VE9VN,pedestrian_1-1-pt_2013,WiFi,19698.0,19746.0,49.0,6083.0,0.00805523590333717
pedestrian_1-1-pt_2032_W_0P3U0,pedestrian_1-1-pt_2032,WiFi,20407.0,20460.0,54.0,6461.0,0.008357839343754836
pedestrian_1-1-pt_2129_W_8XC6S,pedestrian_1-1-pt_2129,WiFi,22424.0,22466.0,43.0,6484.0,0.00663170882171499
pedestrian_1-1-pt_2162_W_U27IE,pedestrian_1-1-pt_2162,WiFi,19060.0,19107.0,48.0,6850.0,0.0070072992700729924
pedestrian_1-1-pt_2170_W_WSZ0T,pedestrian_1-1-pt_2170,WiFi,19952.0,20005.0,54.0,6529.0,0.008270791851738398
pedestrian_1-1-pt_2297_W_J3A26,pedestrian_1-1-pt_2297,WiFi,24431.0,24484.0,54.0,5715.0,0.009448818897637795
pedestrian_1-1-pt_2342_W_0QBT3,pedestrian_1-1-pt_2342,WiFi,18379.0,18432.0,54.0,6929.0,0.007793332371193534
pedestrian_1-1-pt_2369_W_A051G,pedestrian_1-1-pt_2369,WiFi,24810.0,24860.0,51.0,6654.0,0.007664562669071236
pedestrian_1-1-pt_2424_W_RRRH3,pedestrian_1-1-pt_2424,WiFi,22857.0,22913.0,57.0,5720.0,0.009965034965034964
pedestrian_1-1-pt_2425_W_ZENPG,pedestrian_1-1-pt_2425,WiFi,19159.0,19206.0,48.0,6264.0,0.007662835249042145
pedestrian_1-1-pt_2431_W_5Y4PC,pedestrian_1-1-pt_2431,WiFi,22517.0,22566.0,50.0,6458.0,0.00774233508826262
pedestrian_1-1-pt_2503_W_0W6CU,pedestrian_1-1-pt_2503,WiFi,24802.0,24857.0,56.0,5459.0,0.010258289063931123
pedestrian_1-1-pt_2529_W_Q02GF,pedestrian_1-1-pt_2529,WiFi,23673.0,23715.0,43.0,6637.0,0.006478830797046859
pedestrian_1-1-pt_255_W_54T96,pedestrian_1-1-pt_255,WiFi,21910.0,21959.0,50.0,7122.0,0.007020499859590003
pedestrian_1-1-pt_2606_W_6EK1C,pedestrian_1-1-pt_2606,WiFi,21654.0,21705.0,52.0,6687.0,0.007776282338866457
pedestrian_1-1-pt_2718_W_9801U,pedestrian_1-1-pt_2718,WiFi,23325.0,23371.0,47.0,6006.0,0.007825507825507826
pedestrian_1-1-pt_2770_W_MNUAG,pedestrian_1-1-pt_2770,WiFi,21403.0,21448.0,46.0,7127.0,0.006454328609513119
pedestrian_1-1-pt_2808_W_FWILK,pedestrian_1-1-pt_2808,WiFi,21758.0,21809.0,52.0,5418.0,0.009597637504614249
pedestrian_1-1-pt_2820_W_STIBR,pedestrian_1-1-pt_2820,WiFi,21856.0,21908.0,53.0,6484.0,0.008173966687230106
pedestrian_1-1-pt_2834_W_GZLTA,pedestrian_1-1-pt_2834,WiFi,23738.0,23793.0,56.0,6107.0,0.00916980514164074
pedestrian_1-1-pt_2844_W_JLWX7,pedestrian_1-1-pt_2844,WiFi,24532.0,24578.0,47.0,6829.0,0.006882413237662908
pedestrian_1-1-pt_2863_W_PEL89,pedestrian_1-1-pt_2863,WiFi,19016.0,19063.0,48.0,6429.0,0.007466168922071862
pedestrian_1-1-pt_2880_W_YT4N8,pedestrian_1-1-pt_2880,WiFi,22889.0,22931.0,43.0,5898.0,0.007290606985418786
pedestrian_1-1-pt_2920_W_81FRQ,pedestrian_1-1-pt_2920,WiFi,23314.0,23364.0,51.0,6124.0,0.008327890267798824
pedestrian_1-1-pt_2952_W_SZ8M0,pedestrian_1-1-pt_2952,WiFi,20702.0,20752.0,51.0,5567.0,0.009161128076163105
pedestrian_1-1-pt_2961_W_IEIO3,pedestrian_1-1-pt_2961,WiFi,21541.0,21588.0,48.0,6086.0,0.007886953664147224
pedestrian_1-1-pt_297_W_IDE2K,pedestrian_1-1-pt_297,WiFi,19233.0,19288.0,56.0,6055.0,0.009248554913294798
pedestrian_1-1-pt_3067_W_GXB7P,pedestrian_1-1-pt_3067,WiFi,21144.0,21196.0,53.0,5913.0,0.008963301200744123
pedestrian_1-1-pt_3097_W_M2PM6,pedestrian_1-1-pt_3097,WiFi,19261.0,19315.0,55.0,6173.0,0.008909768346023004
pedestrian_1-1-pt_3176_W_E45E0,pedestrian_1-1-pt_3176,WiFi,19810.0,19853.0,44.0,5712.0,0.007703081232492998
pedestrian_1-1-pt_3207_W_EC5YF,pedestrian_1-1-pt_3207,WiFi,22701.0,22749.0,49.0,5882.0,0.008330499829989799
pedestrian_1-1-pt_3230_W_B4RGG,pedestrian_1-1-pt_3230,WiFi,22565.0,22616.0,52.0,5943.0,0.008749789668517584
pedestrian_1-1-pt_3275_W_O64X4,pedestrian_1-1-pt_3275,WiFi,21201.0,21250.0,50.0,6470.0,0.0077279752704791345
pedestrian_1-1-pt_3353_W_OP7HU,pedestrian_1-1-pt_3353,WiFi,21121.0,21165.0,45.0,5621.0,0.008005692937199787
pedestrian_1-1-pt_3386_W_NAMTA,pedestrian_1-1-pt_3386,WiFi,25021.0,25074.0,54.0,5632.0,0.009588068181818182
pedestrian_1-1-pt_3409_W_A23AI,pedestrian_1-1-pt_3409,WiFi,19525.0,19578.0,54.0,5743.0,0.009402751175343897
pedestrian_1-1-pt_3489_W_2O96Q,pedestrian_1-1-pt_3489,WiFi,20315.0,20360.0,46.0,6495.0,0.007082371054657428
pedestrian_1-1-pt_3512_W_CH19D,pedestrian_1-1-pt_3512,WiFi,25043.0,25095.0,53.0,5421.0,0.00977679394945582
pedestrian_1-1-pt_3571_W_NHATN,pedestrian_1-1-pt_3571,WiFi,24724.0,24774.0,51.0,5912.0,0.008626522327469554
pedestrian_1-1-pt_3595_W_Y0KM5,pedestrian_1-1-pt_3595,WiFi,24518.0,24566.0,49.0,5921.0,0.00827562911670326
pedestrian_1-1-pt_3624_W_2LBTD,pedestrian_1-1-pt_3624,WiFi,20358.0,20402.0,45.0,5861.0,0.007677870670534039
pedestrian_1-1-pt_3629_W_4XZJT,pedestrian_1-1-pt_3629,WiFi,21553.0,21609.0,57.0,7078.0,0.008053122350946596
pedestrian_1-1-pt_3671_W_C248C,pedestrian_1-1-pt_3671,WiFi,23292.0,23337.0,46.0,6243.0,0.007368252442735864
pedestrian_1-1-pt_3769_W_QWNXX,pedestrian_1-1-pt_3769,WiFi,18851.0,18905.0,55.0,6686.0,0.00822614418187257
pedestrian_1-1-pt_3800_W_GO3SR,pedestrian_1-1-pt_3800,WiFi,20178.0,20224.0,47.0,5474.0,0.008586043112897334
pedestrian_1-1-pt_3858_W_LIXTZ,pedestrian_1-1-pt_3858,WiFi,20497.0,20549.0,53.0,6728.0,0.007877526753864448
pedestrian_1-1-pt_3916_W_OEOBX,pedestrian_1-1-pt_3916,WiFi,20105.0,20156.0,52.0,5504.0,0.00944767441860465
pedestrian_1-1-pt_3927_W_9ZZVO,pedestrian_1-1-pt_3927,WiFi,24889.0,24933.0,45.0,6679.0,0.006737535559215451
pedestrian_1-1-pt_3931_W_XKFL1,pedestrian_1-1-pt_3931,WiFi,22207.0,22253.0,47.0,5378.0,0.008739308293045742
pedestrian_1-1-pt_394_W_HRH08,pedestrian_1-1-pt_394,WiFi,20279.0,20325.0,47.0,5831.0,0.008060367003944436
pedestrian_1-1-pt_4262_W_L9FDR,pedestrian_1-1-pt_4262,WiFi,22152.0,22201.0,50.0,6777.0,0.007377895824110963
pedestrian_1-1-pt_4380_W_VKRHJ,pedestrian_1-1-pt_4380,WiFi,24081.0,24127.0,47.0,5550.0,0.008468468468468469
pedestrian_1-1-pt_4541_W_2TFZE,pedestrian_1-1-pt_4541,WiFi,24662.0,24712.0,51.0,5793.0,0.008803728638011392
pedestrian_1-1-pt_4595_W_MZQCK,pedestrian_1-1-pt_4595,WiFi,22017.0,22073.0,57.0,5624.0,0.010135135135135136
pedestrian_1-1-pt_4645_W_NVV8R,pedestrian_1-1-pt_4645,WiFi,21692.0,21744.0,53.0,6155.0,0.008610885458976442
pedestrian_1-1-pt_4671_W_9PSWX,pedestrian_1-1-pt_4671,WiFi,19878.0,19929.0,52.0,6848.0,0.007593457943925234
pedestrian_1-1-pt_4715_W_DDF7M,pedestrian_1-1-pt_4715,WiFi,20968.0,21021.0,54.0,6476.0,0.008338480543545398
pedestrian_1-1-pt_4736_W_K3PJL,pedestrian_1-1-pt_4736,WiFi,21826.0,21880.0,55.0,6324.0,0.008697027197975965
pedestrian_1-1-pt_4785_W_S3PA4,pedestrian_1-1-pt_4785,WiFi,25003.0,25049.0,47.0,5870.0,0.008006814310051107
pedestrian_1-1-pt_4875_W_4E0XO,pedestrian_1-1-pt_4875,WiFi,21864.0,21917.0,54.0,6465.0,0.008352668213457077
pedestrian_1-1-pt_4879_W_VQ8XP,pedestrian_1-1-pt_4879,WiFi,24890.0,24939.0,50.0,6641.0,0.007528986598403855
pedestrian_1-1-pt_4901_W_S798W,pedestrian_1-1-pt_4901,WiFi,20115.0,20163.0,49.0,5436.0,0.009013980868285504
pedestrian_1-1-pt_4919_W_K3DYE,pedestrian_1-1-pt_4919,WiFi,19819.0,19871.0,53.0,5432.0,0.00975699558173785
pedestrian_1-1-pt_494_W_DPIOQ,pedestrian_1-1-pt_494,WiFi,22392.0,22440.0,49.0,6748.0,0.007261410788381743
pedestrian_1-1-pt_4966_W_9LY02,pedestrian_1-1-pt_4966,WiFi,23892.0,23941.0,50.0,6016.0,0.008311170212765957
pedestrian_1-1-pt_498_W_K3ST2,pedestrian_1-1-pt_498,WiFi,25141.0,25195.0,55.0,5446.0,0.010099155343371281
pedestrian_1-1-pt_4996_W_BDSMW,pedestrian_1-1-pt_4996,WiFi,22282.0,22326.0,45.0,6860.0,0.006559766763848397
pedestrian_1-1-pt_5078_W_I46EW,pedestrian_1-1-pt_5078,WiFi,22183.0,22232.0,50.0,7162.0,0.006981290142418319
pedestrian_1-1-pt_5115_W_H3OL6,pedestrian_1-1-pt_5115,WiFi,23421.0,23474.0,54.0,6515.0,0.008288564850345357
pedestrian_1-1-pt_5139_W_PJZU0,pedestrian_1-1-pt_5139,WiFi,22967.0,23015.0,49.0,7125.0,0.006877192982456141
pedestrian_1-1-pt_5167_W_LFW4C,pedestrian_1-1-pt_5167,WiFi,21569.0,21626.0,58.0,7055.0,0.00822111977321049
pedestrian_1-1-pt_5193_W_WHHXV,pedestrian_1-1-pt_5193,WiFi,23914.0,23970.0,57.0,6293.0,0.009057683139996822
pedestrian_1-1-pt_5199_W_6AS5V,pedestrian_1-1-pt_5199,WiFi,20573.0,20622.0,50.0,6359.0,0.007862871520679353
pedestrian_1-1-pt_521_W_CUVTT,pedestrian_1-1-pt_521,WiFi,24080.0,24128.0,49.0,6656.0,0.007361778846153846
pedestrian_1-1-pt_5241_W_RHPQZ,pedestrian_1-1-pt_5241,WiFi,20111.0,20166.0,56.0,6257.0,0.008949976026849929
pedestrian_1-1-pt_5258_W_VUZ82,pedestrian_1-1-pt_5258,WiFi,22013.0,22055.0,43.0,6796.0,0.006327251324308417
pedestrian_1-1-pt_527_W_XTMGX,pedestrian_1-1-pt_527,WiFi,20708.0,20758.0,51.0,6069.0,0.008403361344537815
pedestrian_1-1-pt_5275_W_MLGAZ,pedestrian_1-1-pt_5275,WiFi,19713.0,19768.0,56.0,6382.0,0.008774678784080225
pedestrian_1-1-pt_5298_W_DGB3M,pedestrian_1-1-pt_5298,WiFi,22857.0,22909.0,53.0,5573.0,0.009510138166158264
pedestrian_1-1-pt_530_W_K8HB5,pedestrian_1-1-pt_530,WiFi,19268.0,19317.0,50.0,7080.0,0.007062146892655367
pedestrian_1-1-pt_5324_W_RRWE7,pedestrian_1-1-pt_5324,WiFi,23432.0,23477.0,46.0,5831.0,0.007888869833647744
pedestrian_1-1-pt_5357_W_GFVX6,pedestrian_1-1-pt_5357,WiFi,19107.0,19158.0,52.0,6555.0,0.007932875667429444
pedestrian_1-1-pt_5392_W_JI7RO,pedestrian_1-1-pt_5392,WiFi,21956.0,22001.0,46.0,6937.0,0.006631108548363846
pedestrian_1-1-pt_5481_W_HSP34,pedestrian_1-1-pt_5481,WiFi,20643.0,20697.0,55.0,5875.0,0.009361702127659575
pedestrian_1-1-pt_560_W_BEQAO,pedestrian_1-1-pt_560,WiFi,21681.0,21735.0,55.0,6756.0,0.008140911782119597
pedestrian_1-1-pt_5666_W_MLKJZ,pedestrian_1-1-pt_5666,WiFi,19333.0,19379.0,47.0,6142.0,0.007652230543796809
pedestrian_1-1-pt_571_W_L9VDZ,pedestrian_1-1-pt_571,WiFi,21412.0,21457.0,46.0,5967.0,0.0077090665325959444
pedestrian_1-1-pt_5897_W_FP81N,pedestrian_1-1-pt_5897,WiFi,21841.0,21892.0,52.0,6252.0,0.008317338451695458
pedestrian_1-1-pt_5906_W_TVKPW,pedestrian_1-1-pt_5906,WiFi,22498.0,22540.0,43.0,5741.0,0.007489984323288626
pedestrian_1-1-pt_5913_W_RZGGB,pedestrian_1-1-pt_5913,WiFi,23506.0,23558.0,53.0,5514.0,0.00961189698948132
pedestrian_1-1-pt_5942_W_2ME8I,pedestrian_1-1-pt_5942,WiFi,20252.0,20305.0,54.0,5385.0,0.010027855153203343
pedestrian_1-1-pt_5997_W_EOHE0,pedestrian_1-1-pt_5997,WiFi,21577.0,21628.0,52.0,5988.0,0.008684034736138945
pedestrian_1-1-pt_5999_W_GHFX1,pedestrian_1-1-pt_5999,WiFi,20113.0,20163.0,51.0,5726.0,0.00890674118057981
pedestrian_1-1-pt_6031_W_QXUT6,pedestrian_1-1-pt_6031,WiFi,24717.0,24768.0,52.0,6793.0,0.007654938907699102
pedestrian_1-1-pt_6176_W_TIS61,pedestrian_1-1-pt_6176,WiFi,19462.0,19507.0,46.0,6381.0,0.0072089014261087605
pedestrian_1-1-pt_6273_W_0X1ZR,pedestrian_1-1-pt_6273,WiFi,24777.0,24829.0,53.0,5933.0,0.008933086128434181
pedestrian_1-1-pt_6292_W_K1EAG,pedestrian_1-1-pt_6292,WiFi,20271.0,20319.0,49.0,6282.0,0.0078000636739891755
pedestrian_1-1-pt_6297_W_NBHS8,pedestrian_1-1-pt_6297,WiFi,24623.0,24676.0,54.0,6567.0,0.008222932846048425
pedestrian_1-1-pt_6309_W_7PR7A,pedestrian_1-1-pt_6309,WiFi,23006.0,23057.0,52.0,6820.0,0.007624633431085044
pedestrian_1-1-pt_6355_W_JP85Q,pedestrian_1-1-pt_6355,WiFi,21138.0,21193.0,56.0,7060.0,0.00793201133144476
pedestrian_1-1-pt_6358_W_DOKKE,pedestrian_1-1-pt_6358,WiFi,24496.0,24540.0,45.0,6143.0,0.007325411036952629
pedestrian_1-1-pt_6368_W_TDT1O,pedestrian_1-1-pt_6368,WiFi,22992.0,23044.0,53.0,6525.0,0.008122605363984674
pedestrian_1-1-pt_6381_W_V4JIX,pedestrian_1-1-pt_6381,WiFi,24015.0,24060.0,46.0,6181.0,0.007442161462546513
pedestrian_1-1-pt_6389_W_JGNY8,pedestrian_1-1-pt_6389,WiFi,23295.0,23345.0,51.0,5520.0,0.00923913043478261
pedestrian_1-1-pt_6413_W_I115U,pedestrian_1-1-pt_6413,WiFi,20710.0,20757.0,48.0,6037.0,0.007950969024349842
pedestrian_1-1-pt_6453_W_8W7XO,pedestrian_1-1-pt_6453,WiFi,21105.0,21152.0,48.0,5976.0,0.008032128514056224
pedestrian_1-1-pt_6516_W_5UDVW,pedestrian_1-1-pt_6516,WiFi,20334.0,20393.0,60.0,6210.0,0.00966183574879227
pedestrian_1-1-pt_6538_W_AHBGD,pedestrian_1-1-pt_6538,WiFi,22557.0,22605.0,49.0,6300.0,0.0077777777777777776
pedestrian_1-1-pt_654_W_9NCAU,pedestrian_1-1-pt_654,WiFi,23451.0,23496.0,46.0,5592.0,0.008226037195994278
pedestrian_1-1-pt_6673_W_IXL32,pedestrian_1-1-pt_6673,WiFi,20993.0,21039.0,47.0,6768.0,0.006944444444444444
pedestrian_1-1-pt_6743_W_9W25X,pedestrian_1-1-pt_6743,WiFi,23496.0,23547.0,52.0,6360.0,0.008176100628930818
pedestrian_1-1-pt_6779_W_0MKBG,pedestrian_1-1-pt_6779,WiFi,24919.0,24969.0,51.0,6538.0,0.00780055062710309
pedestrian_1-1-pt_6931_W_0UG50,pedestrian_1-1-pt_6931,WiFi,21739.0,21783.0,45.0,6836.0,0.006582796957284962
pedestrian_1-1-pt_6974_W_D7CU2,pedestrian_1-1-pt_6974,WiFi,24677.0,24722.0,46.0,6531.0,0.007043331802174246
pedestrian_1-1-pt_7040_W_KTAUL,pedestrian_1-1-pt_7040,WiFi,20203.0,20253.0,51.0,7007.0,0.007278435849864422
pedestrian_1-1-pt_7080_W_3O2SG,pedestrian_1-1-pt_7080,WiFi,20287.0,20342.0,56.0,5813.0,0.009633579907104764
pedestrian_1-1-pt_7104_W_42O4M,pedestrian_1-1-pt_7104,WiFi,23453.0,23498.0,46.0,5929.0,0.007758475290942824
pedestrian_1-1-pt_7123_W_AERZ3,pedestrian_1-1-pt_7123,WiFi,23498.0,23548.0,51.0,7004.0,0.007281553398058253
pedestrian_1-1-pt_7142_W_FE0FO,pedestrian_1-1-pt_7142,WiFi,20021.0,20063.0,43.0,6394.0,0.006725054738817642
pedestrian_1-1-pt_7208_W_SJHN1,pedestrian_1-1-pt_7208,WiFi,22231.0,22287.0,57.0,5511.0,0.010342950462710943
pedestrian_1-1-pt_725_W_TKAYY,pedestrian_1-1-pt_725,WiFi,24566.0,24618.0,53.0,5500.0,0.009636363636363636
pedestrian_1-1-pt_7277_W_2PO1I,pedestrian_1-1-pt_7277,WiFi,21135.0,21185.0,51.0,5531.0,0.009220755740372446
pedestrian_1-1-pt_7325_W_B8HJQ,pedestrian_1-1-pt_7325,WiFi,22276.0,22330.0,55.0,5555.0,0.009900990099009901
pedestrian_1-1-pt_7440_W_2KLKZ,pedestrian_1-1-pt_7440,WiFi,23327.0,23382.0,56.0,6984.0,0.008018327605956471
pedestrian_1-1-pt_7573_W_1SKL4,pedestrian_1-1-pt_7573,WiFi,21172.0,21226.0,55.0,5703.0,0.009644046992810802
pedestrian_1-1-pt_761_W_UI3UB,pedestrian_1-1-pt_761,WiFi,19754.0,19805.0,52.0,5770.0,0.00901213171577123
pedestrian_1-1-pt_7664_W_GPKLB,pedestrian_1-1-pt_7664,WiFi,22309.0,22363.0,55.0,6652.0,0.008268190018039688
pedestrian_1-1-pt_7732_W_5PUC6,pedestrian_1-1-pt_7732,WiFi,22296.0,22344.0,49.0,5704.0,0.008590462833099579
pedestrian_1-1-pt_776_W_D8CNB,pedestrian_1-1-pt_776,WiFi,23636.0,23690.0,55.0,6782.0,0.008109702152757298
pedestrian_1-1-pt_7760_W_M2RE3,pedestrian_1-1-pt_7760,WiFi,22455.0,22505.0,51.0,6481.0,0.007869155994445301
pedestrian_1-1-pt_7763_W_JCVT8,pedestrian_1-1-pt_7763,WiFi,24168.0,24224.0,57.0,6435.0,0.008857808857808859
pedestrian_1-1-pt_7863_W_KYP59,pedestrian_1-1-pt_7863,WiFi,23884.0,23938.0,55.0,5960.0,0.009228187919463088
pedestrian_1-1-pt_7915_W_NNHCL,pedestrian_1-1-pt_7915,WiFi,20831.0,20879.0,49.0,7007.0,0.006993006993006993
pedestrian_1-1-pt_7938_W_DYCVC,pedestrian_1-1-pt_7938,WiFi,22647.0,22689.0,43.0,5768.0,0.0074549237170596395
pedestrian_1-1-pt_7948_W_L2GFR,pedestrian_1-1-pt_7948,WiFi,23335.0,23387.0,53.0,5563.0,0.009527233507100486
pedestrian_1-1-pt_7959_W_2KN1J,pedestrian_1-1-pt_7959,WiFi,22256.0,22305.0,50.0,5894.0,0.00848320325755005
pedestrian_1-1-pt_8068_W_7MG7G,pedestrian_1-1-pt_8068,WiFi,20124.0,20182.0,59.0,6233.0,0.009465746831381357
pedestrian_1-1-pt_8085_W_A3SLG,pedestrian_1-1-pt_8085,WiFi,24651.0,24708.0,58.0,5972.0,0.00971198928332217
pedestrian_1-1-pt_8137_W_GOLCT,pedestrian_1-1-pt_8137,WiFi,21139.0,21189.0,51.0,5526.0,0.009229098805646038
pedestrian_1-1-pt_8184_W_SN6I7,pedestrian_1-1-pt_8184,WiFi,20086.0,20135.0,50.0,6506.0,0.00768521364893944
pedestrian_1-1-pt_8247_W_ALVG4,pedestrian_1-1-pt_8247,WiFi,21968.0,22023.0,56.0,5882.0,0.009520571234274057
pedestrian_1-1-pt_8280_W_0C0UE,pedestrian_1-1-pt_8280,WiFi,19515.0,19570.0,56.0,6185.0,0.009054163298302345
pedestrian_1-1-pt_8289_W_M4MT0,pedestrian_1-1-pt_8289,WiFi,18722.0,18775.0,54.0,7155.0,0.007547169811320755
pedestrian_1-1-pt_841_W_XPXQT,pedestrian_1-1-pt_841,WiFi,23168.0,23221.0,54.0,6978.0,0.007738607050730868
pedestrian_1-1-pt_8545_W_GQ3QE,pedestrian_1-1-pt_8545,WiFi,21078.0,21130.0,53.0,6923.0,0.007655640618229091
pedestrian_1-1-pt_8611_W_1ZEXO,pedestrian_1-1-pt_8611,WiFi,24822.0,24870.0,49.0,6238.0,0.007855081756973388
pedestrian_1-1-pt_8682_W_884QY,pedestrian_1-1-pt_8682,WiFi,24988.0,25029.0,42.0,6024.0,0.0069721115537848604
pedestrian_1-1-pt_8692_W_KLU2Q,pedestrian_1-1-pt_8692,WiFi,20752.0,20806.0,55.0,6684.0,0.008228605625374027
pedestrian_1-1-pt_8728_W_HIPRI,pedestrian_1-1-pt_8728,WiFi,24894.0,24945.0,52.0,5814.0,0.008943928448572412
pedestrian_1-1-pt_8735_W_39QSM,pedestrian_1-1-pt_8735,WiFi,23932.0,23978.0,47.0,5896.0,0.007971506105834464
pedestrian_1-1-pt_8739_W_2NP3J,pedestrian_1-1-pt_8739,WiFi,24321.0,24376.0,56.0,5576.0,0.010043041606886656
pedestrian_1-1-pt_8762_W_3KJHU,pedestrian_1-1-pt_8762,WiFi,19083.0,19132.0,50.0,6386.0,0.007829627309740057
pedestrian_1-1-pt_8830_W_FQOX9,pedestrian_1-1-pt_8830,WiFi,20172.0,20220.0,49.0,5373.0,0.00911967243625535
pedestrian_1-1-pt_8968_W_PI7X5,pedestrian_1-1-pt_8968,WiFi,23129.0,23175.0,47.0,6159.0,0.007631108946257509
pedestrian_1-1-pt_8969_W_LKQDU,pedestrian_1-1-pt_8969,WiFi,19880.0,19931.0,52.0,5637.0,0.009224764945893206
pedestrian_1-1-pt_8982_W_EBP29,pedestrian_1-1-pt_8982,WiFi,18507.0,18555.0,49.0,6952.0,0.007048331415420023
pedestrian_1-1-pt_977_W_CIHZN,pedestrian_1-1-pt_977,WiFi,22950.0,23004.0,55.0,6579.0,0.008359933120535035
pedestrian_1-1-pt_98_W_3W45Y,pedestrian_1-1-pt_98,WiFi,21738.0,21788.0,51.0,6077.0,0.008392298831660358
pedestrian_1-1-veh_105_W_A2ANI,pedestrian_1-1-veh_105,WiFi,21909.0,21960.0,52.0,7196.0,0.007226236798221234
pedestrian_1-1-veh_152_W_XJFJT,pedestrian_1-1-veh_152,WiFi,23089.0,23139.0,51.0,6257.0,0.008150871024452612
pedestrian_1-1-veh_234_W_SMAYR,pedestrian_1-1-veh_234,WiFi,24409.0,24456.0,48.0,6799.0,0.007059861744374172
pedestrian_1-1-veh_246_W_K6R4P,pedestrian_1-1-veh_246,WiFi,24527.0,24574.0,48.0,6398.0,0.007502344482650828
pedestrian_1-1-veh_298_W_IZAPX,pedestrian_1-1-veh_298,WiFi,23140.0,23187.0,48.0,5630.0,0.00852575488454707
pedestrian_1-1-veh_407_W_OI4PB,pedestrian_1-1-veh_407,WiFi,23069.0,23121.0,53.0,6288.0,0.008428753180661578
pedestrian_1-1-veh_459_W_N9F49,pedestrian_1-1-veh_459,WiFi,23018.0,23070.0,53.0,6678.0,0.007936507936507936
pedestrian_1-1-veh_5_W_QB1F2,pedestrian_1-1-veh_5,WiFi,20517.0,20568.0,52.0,5507.0,0.009442527692028328
pedestrian_1-1-veh_530_W_NR7S2,pedestrian_1-1-veh_530,WiFi,21737.0,21784.0,48.0,5410.0,0.0088724584103512
pedestrian_1-1-veh_602_W_UXA0O,pedestrian_1-1-veh_602,WiFi,24057.0,24104.0,48.0,6500.0,0.0073846153846153844
pedestrian_1-1-veh_603_W_7L0EZ,pedestrian_1-1-veh_603,WiFi,21984.0,22035.0,52.0,5455.0,0.009532538955087076
pedestrian_1-1-veh_608_W_8F9VX,pedestrian_1-1-veh_608,WiFi,19332.0,19390.0,59.0,6070.0,0.00971993410214168
pedestrian_1-1-veh_610_W_2N1T3,pedestrian_1-1-veh_610,WiFi,20670.0,20715.0,46.0,5536.0,0.008309248554913294
pedestrian_1-1-veh_65_W_H0S2N,pedestrian_1-1-veh_65,WiFi,24209.0,24263.0,55.0,6733.0,0.008168721223822962
pedestrian_1-1-veh_767_W_6BDMH,pedestrian_1-1-veh_767,WiFi,25113.0,25165.0,53.0,6894.0,0.007687844502465913
pedestrian_1-1-veh_792_W_8TDGG,pedestrian_1-1-veh_792,WiFi,20961.0,21014.0,54.0,5609.0,0.009627384560527722
pedestrian_1-1-veh_824_W_900OT,pedestrian_1-1-veh_824,WiFi,22359.0,22405.0,47.0,6130.0,0.00766721044045677
pedestrian_1-1-veh_834_W_FB8IX,pedestrian_1-1-veh_834,WiFi,19933.0,19973.0,41.0,5735.0,0.0071490845684394075
pedestrian_1-1-veh_837_W_90RZU,pedestrian_1-1-veh_837,WiFi,19875.0,19923.0,49.0,5740.0,0.00853658536585366
pedestrian_1-2_1017_W_T84WX,pedestrian_1-2_1017,WiFi,23871.0,23914.0,44.0,5594.0,0.007865570253843403
pedestrian_1-2_1025_W_Y6MWW,pedestrian_1-2_1025,WiFi,24696.0,24747.0,52.0,6139.0,0.008470434924254765
pedestrian_1-2_104_W_TQTFN,pedestrian_1-2_104,WiFi,23830.0,23877.0,48.0,7031.0,0.0068269094012231545
pedestrian_1-2_1063_W_31UXN,pedestrian_1-2_1063,WiFi,23334.0,23387.0,54.0,6656.0,0.00811298076923077
pedestrian_1-2_1066_W_BXDKA,pedestrian_1-2_1066,WiFi,22600.0,22655.0,56.0,6843.0,0.008183545228700862
pedestrian_1-2_1203_W_RZ7AV,pedestrian_1-2_1203,WiFi,21385.0,21432.0,48.0,5688.0,0.008438818565400843
pedestrian_1-2_1219_W_NW42K,pedestrian_1-2_1219,WiFi,24183.0,24240.0,58.0,5938.0,0.009767598518019536
pedestrian_1-2_1255_W_VCC2J,pedestrian_1-2_1255,WiFi,23251.0,23303.0,53.0,6617.0,0.008009672056823333
pedestrian_1-2_1265_W_1MX25,pedestrian_1-2_1265,WiFi,23520.0,23577.0,58.0,5630.0,0.010301953818827708
pedestrian_1-2_1285_W_TJWSZ,pedestrian_1-2_1285,WiFi,21953.0,22000.0,48.0,7062.0,0.006796941376380629
pedestrian_1-2_1313_W_HCUIU,pedestrian_1-2_1313,WiFi,20736.0,20788.0,53.0,7097.0,0.007467944201775398
pedestrian_1-2_1420_W_XKTCG,pedestrian_1-2_1420,WiFi,20243.0,20291.0,49.0,6363.0,0.007700770077007701
pedestrian_1-2_149_W_2OE3A,pedestrian_1-2_149,WiFi,20201.0,20243.0,43.0,5388.0,0.007980697847067557
pedestrian_1-2_1494_W_U15GW,pedestrian_1-2_1494,WiFi,24185.0,24230.0,46.0,6499.0,0.007078012001846438
pedestrian_1-2_1533_W_1XF1L,pedestrian_1-2_1533,WiFi,24390.0,24437.0,48.0,6275.0,0.007649402390438247
pedestrian_1-2_1559_W_KESYP,pedestrian_1-2_1559,WiFi,19934.0,19985.0,52.0,7108.0,0.007315700619020821
pedestrian_1-2_1596_W_OF8D4,pedestrian_1-2_1596,WiFi,19343.0,19395.0,53.0,5995.0,0.00884070058381985
pedestrian_1-2_1600_W_6FV5N,pedestrian_1-2_1600,WiFi,21171.0,21220.0,50.0,6859.0,0.007289692374981776
pedestrian_1-2_1612_W_ZKMMA,pedestrian_1-2_1612,WiFi,23130.0,23181.0,52.0,7035.0,0.0073916133617626155
pedestrian_1-2_163_W_Z6QN8,pedestrian_1-2_163,WiFi,22201.0,22253.0,53.0,6738.0,0.007865835559513208
pedestrian_1-2_1640_W_DJOH2,pedestrian_1-2_1640,WiFi,22668.0,22718.0,51.0,6722.0,0.00758702767033621
pedestrian_1-2_1658_W_DOK4T,pedestrian_1-2_1658,WiFi,20797.0,20845.0,49.0,6216.0,0.007882882882882882
pedestrian_1-2_168_W_UR7RK,pedestrian_1-2_168,WiFi,21541.0,21588.0,48.0,6497.0,0.007388025242419579
pedestrian_1-2_171_W_5D2OT,pedestrian_1-2_171,WiFi,23835.0,23882.0,48.0,5485.0,0.008751139471285323
pedestrian_1-2_1715_W_WRSM3,pedestrian_1-2_1715,WiFi,23161.0,23211.0,51.0,6609.0,0.007716749886518384
pedestrian_1-2_1805_W_GVE05,pedestrian_1-2_1805,WiFi,22607.0,22664.0,58.0,6105.0,0.0095004095004095
pedestrian_1-2_1948_W_3CQN5,pedestrian_1-2_1948,WiFi,23427.0,23479.0,53.0,6555.0,0.008085430968726163
pedestrian_1-2_1953_W_I81PD,pedestrian_1-2_1953,WiFi,24495.0,24548.0,54.0,6322.0,0.008541600759253401
pedestrian_1-2_1990_W_UOU9Z,pedestrian_1-2_1990,WiFi,19148.0,19200.0,53.0,7199.0,0.007362133629670788
pedestrian_1-2_2030_W_5JAYO,pedestrian_1-2_2030,WiFi,22481.0,22531.0,51.0,6734.0,0.007573507573507573
pedestrian_1-2_2034_W_2GLR6,pedestrian_1-2_2034,WiFi,23201.0,23247.0,47.0,5960.0,0.007885906040268457
pedestrian_1-2_2061_W_HF9Z7,pedestrian_1-2_2061,WiFi,23243.0,23292.0,50.0,6199.0,0.008065817067268914
pedestrian_1-2_2180_W_QBY14,pedestrian_1-2_2180,WiFi,21802.0,21856.0,55.0,7026.0,0.007828067179049245
pedestrian_1-2_2183_W_351IV,pedestrian_1-2_2183,WiFi,24950.0,25000.0,51.0,6926.0,0.007363557609009529
pedestrian_1-2_2215_W_RPUU6,pedestrian_1-2_2215,WiFi,22213.0,22255.0,43.0,5539.0,0.007763134139736415
pedestrian_1-2_2229_W_6KKEC,pedestrian_1-2_2229,WiFi,18754.0,18809.0,56.0,6762.0,0.008281573498964804
pedestrian_1-2_2237_W_BXJJP,pedestrian_1-2_2237,WiFi,19453.0,19506.0,54.0,6682.0,0.008081412750673452
pedestrian_1-2_2287_W_8G09T,pedestrian_1-2_2287,WiFi,18676.0,18734.0,59.0,7050.0,0.008368794326241135
pedestrian_1-2_2335_W_L5O5V,pedestrian_1-2_2335,WiFi,21618.0,21667.0,50.0,6121.0,0.008168599901976801
pedestrian_1-2_2338_W_AWK7D,pedestrian_1-2_2338,WiFi,20495.0,20540.0,46.0,5498.0,0.008366678792288106
pedestrian_1-2_2345_W_XBD71,pedestrian_1-2_2345,WiFi,23128.0,23181.0,54.0,5395.0,0.010009267840593142
pedestrian_1-2_2422_W_5AGI0,pedestrian_1-2_2422,WiFi,24817.0,24861.0,45.0,6365.0,0.007069913589945012
pedestrian_1-2_2473_W_Y0E6G,pedestrian_1-2_2473,WiFi,23997.0,24044.0,48.0,5816.0,0.008253094910591471
pedestrian_1-2_250_W_GJSW7,pedestrian_1-2_250,WiFi,19553.0,19607.0,55.0,5782.0,0.009512279488066412
pedestrian_1-2_2512_W_5WQQQ,pedestrian_1-2_2512,WiFi,20086.0,20138.0,53.0,6947.0,0.007629192457175759
pedestrian_1-2_2543_W_2SP2P,pedestrian_1-2_2543,WiFi,22258.0,22310.0,53.0,5759.0,0.009202986629623199
pedestrian_1-2_2554_W_Z3AEZ,pedestrian_1-2_2554,WiFi,20445.0,20495.0,51.0,6340.0,0.008044164037854889
pedestrian_1-2_2564_W_FRZ06,pedestrian_1-2_2564,WiFi,22769.0,22818.0,50.0,6935.0,0.007209805335255948
pedestrian_1-2_2580_W_DFHR1,pedestrian_1-2_2580,WiFi,18751.0,18807.0,57.0,7070.0,0.008062234794908063
pedestrian_1-2_2598_W_IQQDJ,pedestrian_1-2_2598,WiFi,24628.0,24680.0,53.0,6473.0,0.008187857253205623
pedestrian_1-2_2613_W_NJVFO,pedestrian_1-2_2613,WiFi,23433.0,23487.0,55.0,6190.0,0.008885298869143781
pedestrian_1-2_263_W_AZT95,pedestrian_1-2_263,WiFi,21145.0,21195.0,51.0,5721.0,0.008914525432616675
pedestrian_1-2_2653_W_F26VQ,pedestrian_1-2_2653,WiFi,20372.0,20421.0,50.0,5917.0,0.008450228156160216
pedestrian_1-2_2702_W_IJDJR,pedestrian_1-2_2702,WiFi,20273.0,20322.0,50.0,6084.0,0.00821827744904668
pedestrian_1-2_2715_W_AYR5J,pedestrian_1-2_2715,WiFi,23462.0,23512.0,51.0,6045.0,0.008436724565756825
pedestrian_1-2_2795_W_4PKPZ,pedestrian_1-2_2795,WiFi,24878.0,24921.0,44.0,5670.0,0.007760141093474427
pedestrian_1-2_2797_W_TWKD0,pedestrian_1-2_2797,WiFi,20994.0,21046.0,53.0,6046.0,0.008766126364538537
pedestrian_1-2_2875_W_A28T4,pedestrian_1-2_2875,WiFi,19713.0,22653.0,2941.0,5673.0,0.5184205887537459
pedestrian_1-2_303_W_RD2LE,pedestrian_1-2_303,WiFi,22444.0,22496.0,53.0,5548.0,0.00955299206921413
pedestrian_1-2_3052_W_ZOJVW,pedestrian_1-2_3052,WiFi,20200.0,20253.0,54.0,6365.0,0.008483896307934015
pedestrian_1-2_3077_W_MXPDL,pedestrian_1-2_3077,WiFi,20814.0,20861.0,48.0,6537.0,0.0073428178063331805
pedestrian_1-2_3081_W_10VR5,pedestrian_1-2_3081,WiFi,23386.0,23437.0,52.0,5591.0,0.00930066177785727
pedestrian_1-2_315_W_ED6D6,pedestrian_1-2_315,WiFi,24463.0,24507.0,45.0,6153.0,0.007313505607020965
pedestrian_1-2_3214_W_X2H5K,pedestrian_1-2_3214,WiFi,19094.0,19151.0,58.0,7047.0,0.00823045267489712
pedestrian_1-2_3224_W_DV13A,pedestrian_1-2_3224,WiFi,19732.0,19785.0,54.0,5736.0,0.009414225941422594
pedestrian_1-2_3280_W_07LG6,pedestrian_1-2_3280,WiFi,19752.0,19803.0,52.0,6864.0,0.007575757575757576
pedestrian_1-2_3286_W_XR9YM,pedestrian_1-2_3286,WiFi,23743.0,23794.0,52.0,6578.0,0.007905138339920948
pedestrian_1-2_3378_W_FW5X6,pedestrian_1-2_3378,WiFi,20959.0,21005.0,47.0,5691.0,0.00825865401511158
pedestrian_1-2_3386_W_MY1SU,pedestrian_1-2_3386,WiFi,25033.0,25079.0,47.0,6871.0,0.006840343472565857
pedestrian_1-2_3389_W_QJ53W,pedestrian_1-2_3389,WiFi,19603.0,19655.0,53.0,5598.0,0.00946766702393712
pedestrian_1-2_3413_W_SCP1J,pedestrian_1-2_3413,WiFi,22129.0,22183.0,55.0,5593.0,0.009833720722331485
pedestrian_1-2_3464_W_KOB81,pedestrian_1-2_3464,WiFi,23587.0,23637.0,51.0,6174.0,0.00826044703595724
pedestrian_1-2_3488_W_O6XVN,pedestrian_1-2_3488,WiFi,21172.0,21220.0,49.0,7089.0,0.006912117364931584
pedestrian_1-2_3575_W_6KF9A,pedestrian_1-2_3575,WiFi,20065.0,20111.0,47.0,6873.0,0.006838352975411029
pedestrian_1-2_3590_W_M89FB,pedestrian_1-2_3590,WiFi,23925.0,23978.0,54.0,6158.0,0.008769080870412472
pedestrian_1-2_3608_W_58HCU,pedestrian_1-2_3608,WiFi,24824.0,24879.0,56.0,6988.0,0.008013737836290785
pedestrian_1-2_3692_W_ZOB1B,pedestrian_1-2_3692,WiFi,24252.0,24297.0,46.0,5961.0,0.007716826035900017
pedestrian_1-2_3693_W_6ZGQH,pedestrian_1-2_3693,WiFi,22480.0,22532.0,53.0,7023.0,0.007546632493236508
pedestrian_1-2_3702_W_0D5RD,pedestrian_1-2_3702,WiFi,20439.0,20496.0,58.0,5679.0,0.010213065680577567
pedestrian_1-2_3708_W_6SZSU,pedestrian_1-2_3708,WiFi,24225.0,24273.0,49.0,6144.0,0.007975260416666666
pedestrian_1-2_3716_W_DGROU,pedestrian_1-2_3716,WiFi,21267.0,21321.0,55.0,5629.0,0.009770829632261504
pedestrian_1-2_3752_W_BF8IO,pedestrian_1-2_3752,WiFi,22433.0,22483.0,51.0,5481.0,0.009304871373836891
pedestrian_1-2_3821_W_RWMH7,pedestrian_1-2_3821,WiFi,19648.0,19695.0,48.0,7142.0,0.006720806496779613
pedestrian_1-2_3835_W_5839D,pedestrian_1-2_3835,WiFi,19832.0,19882.0,51.0,6603.0,0.007723761926397092
pedestrian_1-2_3879_W_KJFRT,pedestrian_1-2_3879,WiFi,22591.0,22636.0,46.0,6481.0,0.007097670112636938
pedestrian_1-2_3908_W_I15QO,pedestrian_1-2_3908,WiFi,22194.0,22240.0,47.0,6464.0,0.007271039603960396
pedestrian_1-2_4019_W_V162I,pedestrian_1-2_4019,WiFi,23064.0,23116.0,53.0,5373.0,0.009864135492276195
pedestrian_1-2_4065_W_PIF8C,pedestrian_1-2_4065,WiFi,24326.0,24371.0,46.0,6023.0,0.007637390004980906
pedestrian_1-2_4098_W_V78QQ,pedestrian_1-2_4098,WiFi,23944.0,23990.0,47.0,6284.0,0.007479312539783577
pedestrian_1-2_4206_W_XH4VC,pedestrian_1-2_4206,WiFi,22624.0,22677.0,54.0,6944.0,0.007776497695852535
pedestrian_1-2_4208_W_1EKMQ,pedestrian_1-2_4208,WiFi,22482.0,22531.0,50.0,6604.0,0.007571168988491823
pedestrian_1-2_4249_W_Q2O63,pedestrian_1-2_4249,WiFi,22784.0,22837.0,54.0,5877.0,0.009188361408882083
pedestrian_1-2_4266_W_X21FC,pedestrian_1-2_4266,WiFi,23790.0,23835.0,46.0,5854.0,0.007857874957294158
pedestrian_1-2_4270_W_2YH6U,pedestrian_1-2_4270,WiFi,19015.0,19066.0,52.0,7037.0,0.007389512576381981
pedestrian_1-2_4285_W_L4XQ6,pedestrian_1-2_4285,WiFi,19963.0,20015.0,53.0,5448.0,0.009728340675477239
pedestrian_1-2_4327_W_3MJ9M,pedestrian_1-2_4327,WiFi,22503.0,22552.0,50.0,7115.0,0.007027406886858749
pedestrian_1-2_4329_W_JSLGX,pedestrian_1-2_4329,WiFi,23296.0,23346.0,51.0,5659.0,0.009012192966955292
pedestrian_1-2_4376_W_HD7HS,pedestrian_1-2_4376,WiFi,19625.0,19672.0,48.0,6613.0,0.007258430364433691
pedestrian_1-2_4388_W_QMLJD,pedestrian_1-2_4388,WiFi,23574.0,23623.0,50.0,6804.0,0.007348618459729571
pedestrian_1-2_4454_W_RGH9D,pedestrian_1-2_4454,WiFi,23978.0,24030.0,53.0,7131.0,0.007432337680549713
pedestrian_1-2_4464_W_55871,pedestrian_1-2_4464,WiFi,20019.0,20070.0,52.0,5418.0,0.009597637504614249
pedestrian_1-2_4483_W_IAGV3,pedestrian_1-2_4483,WiFi,25124.0,25175.0,52.0,6485.0,0.008018504240555127
pedestrian_1-2_4607_W_9P3CW,pedestrian_1-2_4607,WiFi,21380.0,21428.0,49.0,6110.0,0.008019639934533552
pedestrian_1-2_4609_W_Y0HYL,pedestrian_1-2_4609,WiFi,19113.0,19166.0,54.0,7075.0,0.007632508833922262
pedestrian_1-2_4634_W_MZ5XY,pedestrian_1-2_4634,WiFi,25129.0,25178.0,50.0,7076.0,0.0070661390616167325
pedestrian_1-2_4715_W_DGXCM,pedestrian_1-2_4715,WiFi,20471.0,20523.0,53.0,6720.0,0.007886904761904762
pedestrian_1-2_4724_W_T68XK,pedestrian_1-2_4724,WiFi,20485.0,20532.0,48.0,5843.0,0.008214958069484853
pedestrian_1-2_4730_W_CD59Q,pedestrian_1-2_4730,WiFi,24848.0,24898.0,51.0,6432.0,0.00792910447761194
pedestrian_1-2_4734_W_SZJO0,pedestrian_1-2_4734,WiFi,18042.0,18099.0,58.0,7159.0,0.008101690180192765
pedestrian_1-2_4753_W_63JEC,pedestrian_1-2_4753,WiFi,19241.0,19289.0,49.0,6759.0,0.007249593135079154
pedestrian_1-2_4771_W_3EZ5Y,pedestrian_1-2_4771,WiFi,23361.0,23409.0,49.0,5684.0,0.008620689655172414
pedestrian_1-2_4791_W_DG1SY,pedestrian_1-2_4791,WiFi,22465.0,22518.0,54.0,6628.0,0.008147254073627036
pedestrian_1-2_4853_W_QKTV5,pedestrian_1-2_4853,WiFi,23171.0,23216.0,46.0,6891.0,0.006675373675809026
pedestrian_1-2_4886_W_SNA2N,pedestrian_1-2_4886,WiFi,19723.0,19770.0,48.0,5921.0,0.008106738726566459
pedestrian_1-2_4940_W_8ZJGF,pedestrian_1-2_4940,WiFi,20874.0,20925.0,52.0,6464.0,0.008044554455445545
pedestrian_1-2_4955_W_TCHBA,pedestrian_1-2_4955,WiFi,23306.0,23363.0,58.0,6920.0,0.00838150289017341
pedestrian_1-2_4962_W_E52OG,pedestrian_1-2_4962,WiFi,22986.0,23041.0,56.0,6155.0,0.0090982940698619
pedestrian_1-2_5020_W_OB44Z,pedestrian_1-2_5020,WiFi,24527.0,24576.0,50.0,6183.0,0.008086689309396733
pedestrian_1-2_505_W_CSZGV,pedestrian_1-2_505,WiFi,23108.0,23160.0,53.0,6196.0,0.00855390574564235
pedestrian_1-2_5092_W_VWN29,pedestrian_1-2_5092,WiFi,21288.0,21337.0,50.0,6986.0,0.0071571714858288
pedestrian_1-2_5210_W_1DF3N,pedestrian_1-2_5210,WiFi,24088.0,24134.0,47.0,6568.0,0.007155907429963459
pedestrian_1-2_5252_W_00JGJ,pedestrian_1-2_5252,WiFi,22147.0,22195.0,49.0,6293.0,0.00778642936596218
pedestrian_1-2_5288_W_Q3U4G,pedestrian_1-2_5288,WiFi,22483.0,22532.0,50.0,6284.0,0.007956715467854869
pedestrian_1-2_5369_W_1MR2L,pedestrian_1-2_5369,WiFi,19986.0,20036.0,51.0,5874.0,0.008682328907048007
pedestrian_1-2_5428_W_H9YP0,pedestrian_1-2_5428,WiFi,22560.0,22608.0,49.0,6066.0,0.008077810748433894
pedestrian_1-2_5437_W_1N1DR,pedestrian_1-2_5437,WiFi,21217.0,21266.0,50.0,5655.0,0.008841732979664015
pedestrian_1-2_5518_W_UPHBV,pedestrian_1-2_5518,WiFi,22558.0,22608.0,51.0,7098.0,0.007185122569737954
pedestrian_1-2_5543_W_WDDO3,pedestrian_1-2_5543,WiFi,22102.0,22156.0,55.0,5376.0,0.010230654761904762
pedestrian_1-2_5640_W_3QDF2,pedestrian_1-2_5640,WiFi,24589.0,24642.0,54.0,6943.0,0.007777617744490854
pedestrian_1-2_5641_W_5YCLO,pedestrian_1-2_5641,WiFi,23455.0,23505.0,51.0,6582.0,0.007748404740200547
pedestrian_1-2_568_W_G95BM,pedestrian_1-2_568,WiFi,23806.0,23851.0,46.0,5400.0,0.008518518518518519
pedestrian_1-2_573_W_4EEEB,pedestrian_1-2_573,WiFi,24441.0,24498.0,58.0,6739.0,0.00860661819261018
pedestrian_1-2_5745_W_ICA64,pedestrian_1-2_5745,WiFi,20825.0,20870.0,46.0,6087.0,0.007557088877936586
pedestrian_1-2_5752_W_XICT0,pedestrian_1-2_5752,WiFi,18936.0,18986.0,51.0,6265.0,0.008140462889066242
pedestrian_1-2_5753_W_CU767,pedestrian_1-2_5753,WiFi,18344.0,18390.0,47.0,6898.0,0.0068135691504784
pedestrian_1-2_5765_W_HGMUX,pedestrian_1-2_5765,WiFi,23964.0,24012.0,49.0,5532.0,0.008857556037599421
pedestrian_1-2_5927_W_BQOUC,pedestrian_1-2_5927,WiFi,19551.0,19603.0,53.0,6531.0,0.008115143163374675
pedestrian_1-2_593_W_KOKA6,pedestrian_1-2_593,WiFi,22176.0,22225.0,50.0,6862.0,0.00728650539201399
pedestrian_1-2_5943_W_8QCCS,pedestrian_1-2_5943,WiFi,23098.0,23147.0,50.0,7000.0,0.007142857142857143
pedestrian_1-2_5951_W_CDVMG,pedestrian_1-2_5951,WiFi,23157.0,23204.0,48.0,6485.0,0.0074016962220508865
pedestrian_1-2_6013_W_P5OUD,pedestrian_1-2_6013,WiFi,19164.0,19214.0,51.0,6037.0,0.008447904588371708
pedestrian_1-2_609_W_X516B,pedestrian_1-2_609,WiFi,22981.0,23031.0,51.0,7164.0,0.00711892797319933
pedestrian_1-2_638_W_ART3Y,pedestrian_1-2_638,WiFi,21963.0,22013.0,51.0,7148.0,0.007134862898712927
pedestrian_1-2_671_W_RQS0W,pedestrian_1-2_671,WiFi,24637.0,24686.0,50.0,5507.0,0.009079353550027237
pedestrian_1-2_752_W_5T2H5,pedestrian_1-2_752,WiFi,21768.0,21821.0,54.0,6709.0,0.008048889551348934
pedestrian_1-2_829_W_GQT78,pedestrian_1-2_829,WiFi,24286.0,24327.0,42.0,6668.0,0.00629874025194961
pedestrian_1-2_848_W_LFR8L,pedestrian_1-2_848,WiFi,19884.0,19935.0,52.0,6513.0,0.007984031936127744
pedestrian_1-2_960_W_4RVQB,pedestrian_1-2_960,WiFi,24717.0,24767.0,51.0,5821.0,0.008761381205978355
pedestrian_1-3_1027_W_ZWI82,pedestrian_1-3_1027,WiFi,19277.0,19324.0,48.0,6279.0,0.007644529383659818
pedestrian_1-3_1140_W_9ZU1K,pedestrian_1-3_1140,WiFi,23873.0,23925.0,53.0,6039.0,0.008776287464812056
pedestrian_1-3_1213_W_11JK3,pedestrian_1-3_1213,WiFi,20111.0,20167.0,57.0,5402.0,0.010551647537948908
pedestrian_1-3_1324_W_LETID,pedestrian_1-3_1324,WiFi,21876.0,21922.0,47.0,5667.0,0.008293629786483148
pedestrian_1-3_1500_W_0MAZV,pedestrian_1-3_1500,WiFi,24820.0,24867.0,48.0,6651.0,0.007216959855660803
pedestrian_1-3_1535_W_8ISMF,pedestrian_1-3_1535,WiFi,23332.0,23374.0,43.0,5417.0,0.007937973047812442
pedestrian_1-3_1571_W_BR153,pedestrian_1-3_1571,WiFi,22637.0,22683.0,47.0,5568.0,0.008441091954022989
pedestrian_1-3_1604_W_BKD16,pedestrian_1-3_1604,WiFi,20342.0,20394.0,53.0,6640.0,0.007981927710843374
pedestrian_1-3_1676_W_2RIWH,pedestrian_1-3_1676,WiFi,19611.0,19651.0,41.0,5749.0,0.0071316750739259
pedestrian_1-3_17_W_D9GD6,pedestrian_1-3_17,WiFi,23357.0,23410.0,54.0,6707.0,0.008051289697331147
pedestrian_1-3_1737_W_VBP3D,pedestrian_1-3_1737,WiFi,18725.0,18777.0,53.0,6476.0,0.008184064237183446
pedestrian_1-3_1785_W_G16XY,pedestrian_1-3_1785,WiFi,22870.0,22927.0,58.0,6891.0,0.008416775504280946
pedestrian_1-3_1945_W_YZM51,pedestrian_1-3_1945,WiFi,24719.0,24765.0,47.0,5687.0,0.008264462809917356
pedestrian_1-3_2018_W_ITYM4,pedestrian_1-3_2018,WiFi,18169.0,18217.0,49.0,7169.0,0.006834983958711118
pedestrian_1-3_2043_W_L4URS,pedestrian_1-3_2043,WiFi,22351.0,22403.0,53.0,6656.0,0.007962740384615384
pedestrian_1-3_2053_W_H6GV2,pedestrian_1-3_2053,WiFi,22246.0,22302.0,57.0,6568.0,0.008678440925700366
pedestrian_1-3_2076_W_YHOFT,pedestrian_1-3_2076,WiFi,23300.0,23351.0,52.0,6219.0,0.008361472905611836
pedestrian_1-3_2171_W_OZLGF,pedestrian_1-3_2171,WiFi,19871.0,19920.0,50.0,5908.0,0.008463100880162491
pedestrian_1-3_2180_W_MAPD7,pedestrian_1-3_2180,WiFi,21046.0,21098.0,53.0,7091.0,0.00747426315047243
pedestrian_1-3_2187_W_BZS9R,pedestrian_1-3_2187,WiFi,24202.0,24252.0,51.0,6683.0,0.0076313033068981
pedestrian_1-3_2221_W_IUIAX,pedestrian_1-3_2221,WiFi,21447.0,21501.0,55.0,7190.0,0.0076495132127955496
pedestrian_1-3_2278_W_PZXWS,pedestrian_1-3_2278,WiFi,24089.0,24135.0,47.0,6794.0,0.00691786870768325
pedestrian_1-3_228_W_AJ6RB,pedestrian_1-3_228,WiFi,18933.0,18982.0,50.0,6268.0,0.00797702616464582
pedestrian_1-3_2280_W_VXU0C,pedestrian_1-3_2280,WiFi,23250.0,23303.0,54.0,5935.0,0.009098567818028643
pedestrian_1-3_2323_W_WLEK8,pedestrian_1-3_2323,WiFi,23729.0,23775.0,47.0,6890.0,0.006821480406386067
pedestrian_1-3_234_W_9H20W,pedestrian_1-3_234,WiFi,25009.0,25056.0,48.0,5948.0,0.008069939475453935
pedestrian_1-3_2374_W_5CQIO,pedestrian_1-3_2374,WiFi,22903.0,22960.0,58.0,7199.0,0.008056674538130295
pedestrian_1-3_2410_W_TE52P,pedestrian_1-3_2410,WiFi,21160.0,21202.0,43.0,7197.0,0.0059747116854244825
pedestrian_1-3_2421_W_J1WHJ,pedestrian_1-3_2421,WiFi,23013.0,23065.0,53.0,5604.0,0.00945753033547466
pedestrian_1-3_2424_W_VGUPE,pedestrian_1-3_2424,WiFi,24323.0,24381.0,59.0,5902.0,0.009996611318197221
pedestrian_1-3_2454_W_UTCS7,pedestrian_1-3_2454,WiFi,22636.0,22690.0,55.0,7144.0,0.007698768197088466
pedestrian_1-3_2482_W_MKGMJ,pedestrian_1-3_2482,WiFi,20699.0,20753.0,55.0,5462.0,0.010069571585499816
pedestrian_1-3_2528_W_JZAZE,pedestrian_1-3_2528,WiFi,24514.0,24567.0,54.0,5932.0,0.009103169251517195
pedestrian_1-3_2599_W_K7936,pedestrian_1-3_2599,WiFi,22429.0,22472.0,44.0,6099.0,0.00721429742580751
pedestrian_1-3_2633_W_DYUMC,pedestrian_1-3_2633,WiFi,22070.0,22119.0,50.0,5500.0,0.00909090909090909
pedestrian_1-3_2643_W_G4CYG,pedestrian_1-3_2643,WiFi,21547.0,21598.0,52.0,6047.0,0.008599305440714404
pedestrian_1-3_268_W_E1JMY,pedestrian_1-3_268,WiFi,23846.0,23892.0,47.0,7140.0,0.0065826330532212885
pedestrian_1-3_2745_W_EE8F6,pedestrian_1-3_2745,WiFi,22729.0,22780.0,52.0,5441.0,0.009557066715677265
pedestrian_1-3_2773_W_YKUDK,pedestrian_1-3_2773,WiFi,19545.0,19598.0,54.0,5761.0,0.009373372678354452
pedestrian_1-3_2786_W_2ST6I,pedestrian_1-3_2786,WiFi,23827.0,23869.0,43.0,5518.0,0.007792678506705328
pedestrian_1-3_28_W_JNQN3,pedestrian_1-3_28,WiFi,20851.0,20897.0,47.0,5457.0,0.008612790910756826
pedestrian_1-3_283_W_VMZSJ,pedestrian_1-3_283,WiFi,21623.0,21671.0,49.0,5666.0,0.00864807624426403
pedestrian_1-3_2881_W_L8CJW,pedestrian_1-3_2881,WiFi,21150.0,21200.0,51.0,6959.0,0.00732863917229487
pedestrian_1-3_2955_W_DELKI,pedestrian_1-3_2955,WiFi,22137.0,22183.0,47.0,6818.0,0.0068935171604576125
pedestrian_1-3_2985_W_8TFJJ,pedestrian_1-3_2985,WiFi,21638.0,21692.0,55.0,6191.0,0.008883863673073818
pedestrian_1-3_3046_W_N62SP,pedestrian_1-3_3046,WiFi,21879.0,21928.0,50.0,7087.0,0.007055171440666008
pedestrian_1-3_3076_W_8YLNE,pedestrian_1-3_3076,WiFi,19829.0,19875.0,47.0,6237.0,0.007535674202340869
pedestrian_1-3_3132_W_LQSV0,pedestrian_1-3_3132,WiFi,22336.0,22387.0,52.0,6333.0,0.008210958471498499
pedestrian_1-3_3135_W_ZHVVX,pedestrian_1-3_3135,WiFi,20833.0,20878.0,46.0,5406.0,0.008509064002959674
pedestrian_1-3_3245_W_O79SF,pedestrian_1-3_3245,WiFi,24514.0,24567.0,54.0,5902.0,0.009149440867502542
pedestrian_1-3_3253_W_ZE18L,pedestrian_1-3_3253,WiFi,22310.0,22358.0,49.0,5941.0,0.008247769735734725
pedestrian_1-3_3339_W_VRELR,pedestrian_1-3_3339,WiFi,18890.0,18935.0,46.0,6579.0,0.006991944064447485
pedestrian_1-3_3410_W_6RBBG,pedestrian_1-3_3410,WiFi,24342.0,24393.0,52.0,5581.0,0.009317326643970614
pedestrian_1-3_3457_W_ODHZX,pedestrian_1-3_3457,WiFi,22460.0,22509.0,50.0,6764.0,0.007392075694855115
pedestrian_1-3_3494_W_XNLIR,pedestrian_1-3_3494,WiFi,21720.0,21769.0,50.0,5672.0,0.008815232722143865
pedestrian_1-3_3536_W_P5SPP,pedestrian_1-3_3536,WiFi,22974.0,23023.0,50.0,5624.0,0.008890469416785207
pedestrian_1-3_3579_W_GMFTJ,pedestrian_1-3_3579,WiFi,24227.0,24276.0,50.0,6076.0,0.008229098090849244
pedestrian_1-3_3755_W_R4YOJ,pedestrian_1-3_3755,WiFi,21055.0,21108.0,54.0,5442.0,0.009922822491730982
pedestrian_1-3_3759_W_S1YA6,pedestrian_1-3_3759,WiFi,20753.0,20805.0,53.0,6872.0,0.007712456344586728
pedestrian_1-3_3776_W_WBYEQ,pedestrian_1-3_3776,WiFi,25139.0,25189.0,51.0,6101.0,0.008359285363055236
pedestrian_1-3_3793_W_7T93F,pedestrian_1-3_3793,WiFi,23526.0,23571.0,46.0,6285.0,0.007319013524264121
pedestrian_1-3_3834_W_NJ41H,pedestrian_1-3_3834,WiFi,20743.0,20792.0,50.0,7122.0,0.007020499859590003
pedestrian_1-3_3901_W_7YEKD,pedestrian_1-3_3901,WiFi,20619.0,20663.0,45.0,6527.0,0.006894438486287728
pedestrian_1-3_4025_W_5F769,pedestrian_1-3_4025,WiFi,21397.0,21447.0,51.0,5986.0,0.008519879719345138
pedestrian_1-3_403_W_BLVUK,pedestrian_1-3_403,WiFi,23056.0,23104.0,49.0,5970.0,0.008207705192629816
pedestrian_1-3_4124_W_33O41,pedestrian_1-3_4124,WiFi,22822.0,22874.0,53.0,6101.0,0.008687100475331912
pedestrian_1-3_4168_W_GIL9O,pedestrian_1-3_4168,WiFi,24084.0,24136.0,53.0,6652.0,0.007967528562838245
pedestrian_1-3_4253_W_V4QMY,pedestrian_1-3_4253,WiFi,24232.0,24284.0,53.0,5941.0,0.008921057061100825
pedestrian_1-3_4262_W_A4RM5,pedestrian_1-3_4262,WiFi,19735.0,19782.0,48.0,6546.0,0.007332722273143905
pedestrian_1-3_4289_W_Z4H0H,pedestrian_1-3_4289,WiFi,23779.0,23827.0,49.0,5838.0,0.008393285371702638
pedestrian_1-3_4291_W_BEL63,pedestrian_1-3_4291,WiFi,21609.0,21659.0,51.0,5665.0,0.009002647837599295
pedestrian_1-3_4492_W_WZFSM,pedestrian_1-3_4492,WiFi,19892.0,19945.0,54.0,7054.0,0.007655231074567621
pedestrian_1-3_458_W_VYOJT,pedestrian_1-3_458,WiFi,24711.0,24765.0,55.0,5749.0,0.009566881196729866
pedestrian_1-3_4587_W_VBRXO,pedestrian_1-3_4587,WiFi,20964.0,21015.0,52.0,5425.0,0.009585253456221198
pedestrian_1-3_4644_W_VAPDG,pedestrian_1-3_4644,WiFi,20053.0,20099.0,47.0,6750.0,0.006962962962962963
pedestrian_1-3_4663_W_0MQ37,pedestrian_1-3_4663,WiFi,19855.0,19903.0,49.0,6189.0,0.007917272580384552
pedestrian_1-3_4666_W_QGGFA,pedestrian_1-3_4666,WiFi,24388.0,24439.0,52.0,6291.0,0.008265776506119853
pedestrian_1-3_4690_W_5JANO,pedestrian_1-3_4690,WiFi,22306.0,22350.0,45.0,6733.0,0.006683499183127877
pedestrian_1-3_4738_W_ENVDD,pedestrian_1-3_4738,WiFi,19194.0,19249.0,56.0,6733.0,0.00831724342789247
pedestrian_1-3_4775_W_NGM0O,pedestrian_1-3_4775,WiFi,19562.0,19608.0,47.0,6482.0,0.007250848503548288
pedestrian_1-3_4822_W_ILHXZ,pedestrian_1-3_4822,WiFi,21825.0,21877.0,53.0,6455.0,0.008210689388071263
pedestrian_1-3_4875_W_A8Z4M,pedestrian_1-3_4875,WiFi,23758.0,23810.0,53.0,6082.0,0.008714238737257482
pedestrian_1-3_4881_W_AOF8J,pedestrian_1-3_4881,WiFi,25149.0,25200.0,52.0,6104.0,0.00851900393184797
pedestrian_1-3_4944_W_CHCQX,pedestrian_1-3_4944,WiFi,22525.0,22573.0,49.0,6028.0,0.008128732581287325
pedestrian_1-3_4954_W_6PXJM,pedestrian_1-3_4954,WiFi,23484.0,23532.0,49.0,6643.0,0.007376185458377239
pedestrian_1-3_5020_W_DLLO8,pedestrian_1-3_5020,WiFi,19756.0,19796.0,41.0,6218.0,0.006593760051463493
pedestrian_1-3_5117_W_5N0J3,pedestrian_1-3_5117,WiFi,21058.0,21111.0,54.0,6709.0,0.008048889551348934
pedestrian_1-3_5123_W_1T21T,pedestrian_1-3_5123,WiFi,22341.0,22392.0,52.0,6674.0,0.007791429427629608
pedestrian_1-3_5144_W_RUXKO,pedestrian_1-3_5144,WiFi,19265.0,19320.0,56.0,5937.0,0.00943237325248442
pedestrian_1-3_528_W_7STPT,pedestrian_1-3_528,WiFi,24715.0,24772.0,58.0,6873.0,0.008438818565400843
pedestrian_1-3_5334_W_U5J07,pedestrian_1-3_5334,WiFi,23039.0,23087.0,49.0,6995.0,0.0070050035739814154
pedestrian_1-3_5354_W_RCSU7,pedestrian_1-3_5354,WiFi,22907.0,22964.0,58.0,6318.0,0.009180120291231402
pedestrian_1-3_5451_W_L2WEL,pedestrian_1-3_5451,WiFi,22813.0,22866.0,54.0,6252.0,0.008637236084452975
pedestrian_1-3_547_W_ZT2CB,pedestrian_1-3_547,WiFi,21447.0,21494.0,48.0,5883.0,0.00815910249872514
pedestrian_1-3_5475_W_RR2YA,pedestrian_1-3_5475,WiFi,23980.0,24027.0,48.0,6758.0,0.007102693104468778
pedestrian_1-3_5537_W_8Y6G0,pedestrian_1-3_5537,WiFi,19537.0,19587.0,51.0,6903.0,0.007388092133854845
pedestrian_1-3_5550_W_WR0LI,pedestrian_1-3_5550,WiFi,22451.0,22501.0,51.0,5472.0,0.00932017543859649
pedestrian_1-3_5578_W_CXJMI,pedestrian_1-3_5578,WiFi,18709.0,18762.0,54.0,7019.0,0.00769340361874911
pedestrian_1-3_635_W_1C7G3,pedestrian_1-3_635,WiFi,23344.0,23398.0,55.0,6760.0,0.008136094674556213
pedestrian_1-3_743_W_OGYR8,pedestrian_1-3_743,WiFi,23794.0,23847.0,54.0,5835.0,0.009254498714652956
pedestrian_1-3_80_W_2UYRX,pedestrian_1-3_80,WiFi,25148.0,25200.0,53.0,6418.0,0.008258024306637583
pedestrian_1-3_809_W_LOJ0W,pedestrian_1-3_809,WiFi,24504.0,24556.0,53.0,6025.0,0.008796680497925312
pedestrian_1-3_870_W_RM6HP,pedestrian_1-3_870,WiFi,23226.0,23279.0,54.0,5749.0,0.009392937902243869
pedestrian_1-3_874_W_7WT3R,pedestrian_1-3_874,WiFi,20793.0,20845.0,53.0,6253.0,0.00847593155285463
pedestrian_1-3_990_W_KACAS,pedestrian_1-3_990,WiFi,24595.0,24641.0,47.0,6262.0,0.0075055892686042795
pedestrian_2-1_1248_W_OD0Y0,pedestrian_2-1_1248,WiFi,19863.0,19912.0,50.0,6790.0,0.007363770250368188
pedestrian_2-1_1463_W_PMUJQ,pedestrian_2-1_1463,WiFi,19528.0,19577.0,50.0,6223.0,0.008034709946970914
pedestrian_2-1_1609_W_H1RMB,pedestrian_2-1_1609,WiFi,24195.0,24236.0,42.0,6168.0,0.006809338521400778
pedestrian_2-1_1724_W_A4LUO,pedestrian_2-1_1724,WiFi,22672.0,22721.0,50.0,5414.0,0.009235315847801994
pedestrian_2-1_1878_W_R850M,pedestrian_2-1_1878,WiFi,23648.0,23693.0,46.0,5633.0,0.008166163678324161
pedestrian_2-1_2028_W_CMR0F,pedestrian_2-1_2028,WiFi,19271.0,19330.0,60.0,5930.0,0.01011804384485666
pedestrian_2-1_2045_W_2FE7N,pedestrian_2-1_2045,WiFi,20179.0,20234.0,56.0,5957.0,0.009400705052878966
pedestrian_2-1_213_W_HHGEH,pedestrian_2-1_213,WiFi,23600.0,23648.0,49.0,6509.0,0.007528038101090797
pedestrian_2-1_2136_W_7M42T,pedestrian_2-1_2136,WiFi,24508.0,24562.0,55.0,6315.0,0.00870942201108472
pedestrian_2-1_2161_W_4B9IR,pedestrian_2-1_2161,WiFi,25109.0,25155.0,47.0,5470.0,0.008592321755027423
pedestrian_2-1_2293_W_HEHRB,pedestrian_2-1_2293,WiFi,18466.0,18517.0,52.0,6735.0,0.007720861172976986
pedestrian_2-1_2384_W_JC75R,pedestrian_2-1_2384,WiFi,19117.0,19169.0,53.0,6084.0,0.008711374095989481
pedestrian_2-1_2486_W_6T28L,pedestrian_2-1_2486,WiFi,20862.0,20909.0,48.0,5420.0,0.008856088560885609
pedestrian_2-1_2911_W_BZAUE,pedestrian_2-1_2911,WiFi,22827.0,22873.0,47.0,5508.0,0.008533042846768337
pedestrian_2-1_2925_W_0FIH6,pedestrian_2-1_2925,WiFi,20409.0,20454.0,46.0,6246.0,0.007364713416586615
pedestrian_2-1_2987_W_FELPW,pedestrian_2-1_2987,WiFi,23376.0,23429.0,54.0,5511.0,0.00979858464888405
pedestrian_2-1_3058_W_PURLM,pedestrian_2-1_3058,WiFi,18975.0,19020.0,46.0,6226.0,0.007388371345968519
pedestrian_2-1_3119_W_Q8CIS,pedestrian_2-1_3119,WiFi,22486.0,22528.0,43.0,5570.0,0.007719928186714542
pedestrian_2-1_3136_W_7YYH0,pedestrian_2-1_3136,WiFi,22669.0,22721.0,53.0,6740.0,0.007863501483679525
pedestrian_2-1_3376_W_EO4NF,pedestrian_2-1_3376,WiFi,24376.0,24423.0,48.0,6681.0,0.007184553210597216
pedestrian_2-1_3390_W_5T39Z,pedestrian_2-1_3390,WiFi,25006.0,25056.0,51.0,6472.0,0.00788009888751545
pedestrian_2-1_3601_W_C3UUD,pedestrian_2-1_3601,WiFi,18592.0,18646.0,55.0,6609.0,0.008321985171735512
pedestrian_2-1_3664_W_CB8J2,pedestrian_2-1_3664,WiFi,23304.0,23353.0,50.0,6250.0,0.008
pedestrian_2-1_3764_W_SBZIQ,pedestrian_2-1_3764,WiFi,22595.0,22648.0,54.0,6460.0,0.008359133126934985
pedestrian_2-1_3944_W_4MAV2,pedestrian_2-1_3944,WiFi,19679.0,19733.0,55.0,6190.0,0.008885298869143781
pedestrian_2-1_4127_W_XP9S5,pedestrian_2-1_4127,WiFi,20133.0,20191.0,59.0,6875.0,0.008581818181818182
pedestrian_2-1_4232_W_W5OQF,pedestrian_2-1_4232,WiFi,23505.0,23556.0,52.0,6017.0,0.00864218048861559
pedestrian_2-1_4267_W_4PHBP,pedestrian_2-1_4267,WiFi,24925.0,24973.0,49.0,5382.0,0.009104422147900408
pedestrian_2-1_4331_W_ANZJP,pedestrian_2-1_4331,WiFi,19036.0,19086.0,51.0,6910.0,0.007380607814761216
pedestrian_2-1_4788_W_WQ3C7,pedestrian_2-1_4788,WiFi,23355.0,23409.0,55.0,5470.0,0.010054844606946984
pedestrian_2-1_4811_W_JDWHZ,pedestrian_2-1_4811,WiFi,20535.0,20581.0,47.0,6017.0,0.007811201595479475
pedestrian_2-1_4909_W_8ZEQ4,pedestrian_2-1_4909,WiFi,21913.0,21964.0,52.0,6327.0,0.008218745060850324
pedestrian_2-1_4930_W_NX78I,pedestrian_2-1_4930,WiFi,25127.0,25181.0,55.0,6676.0,0.00823846614739365
pedestrian_2-1_499_W_QDIHO,pedestrian_2-1_499,WiFi,21457.0,21492.0,36.0,5415.0,0.006648199445983379
pedestrian_2-1_5001_W_FDNBB,pedestrian_2-1_5001,WiFi,18634.0,18682.0,49.0,6915.0,0.007086044830079537
pedestrian_2-1_5067_W_D1PXQ,pedestrian_2-1_5067,WiFi,25128.0,25177.0,50.0,5421.0,0.009223390518354546
pedestrian_2-1_5419_W_SL74V,pedestrian_2-1_5419,WiFi,19983.0,20032.0,50.0,6991.0,0.007152052639107424
pedestrian_2-1_5435_W_PYTP8,pedestrian_2-1_5435,WiFi,20362.0,20411.0,50.0,7013.0,0.007129616426636247
pedestrian_2-1_5450_W_MQH0Y,pedestrian_2-1_5450,WiFi,22404.0,22458.0,55.0,5987.0,0.00918657090362452
pedestrian_2-1_5552_W_SHRRJ,pedestrian_2-1_5552,WiFi,19673.0,19717.0,45.0,5798.0,0.007761296998965161
pedestrian_2-1_5799_W_T2Y1W,pedestrian_2-1_5799,WiFi,19184.0,19238.0,55.0,6017.0,0.009140767824497258
pedestrian_2-1_5841_W_RVX8L,pedestrian_2-1_5841,WiFi,19011.0,19060.0,50.0,6190.0,0.008077544426494346
pedestrian_2-1_600_W_DC3A4,pedestrian_2-1_600,WiFi,20892.0,20942.0,51.0,5583.0,0.009134873723804407
pedestrian_2-1_6021_W_AKNSJ,pedestrian_2-1_6021,WiFi,18588.0,18632.0,45.0,7046.0,0.006386602327561737
pedestrian_2-1_6130_W_3JZNC,pedestrian_2-1_6130,WiFi,18585.0,18641.0,57.0,6616.0,0.008615477629987909
pedestrian_2-1_6236_W_X4XRO,pedestrian_2-1_6236,WiFi,19569.0,19623.0,55.0,6636.0,0.008288125376732972
pedestrian_2-1_6256_W_UCHCU,pedestrian_2-1_6256,WiFi,20723.0,20777.0,55.0,6665.0,0.008252063015753939
pedestrian_2-1_6274_W_N3DHV,pedestrian_2-1_6274,WiFi,19665.0,19714.0,50.0,6666.0,0.007500750075007501
pedestrian_2-1_63_W_TXZUB,pedestrian_2-1_63,WiFi,20237.0,20280.0,44.0,7014.0,0.006273167949814656
pedestrian_2-1_804_W_QI1JW,pedestrian_2-1_804,WiFi,21194.0,21242.0,49.0,5915.0,0.008284023668639054
pedestrian_2-1_842_W_25D71,pedestrian_2-1_842,WiFi,21954.0,22010.0,57.0,5914.0,0.00963814677037538
