id,user_id,protocol,start_timestep,last_timestep,total_time,ble_duration,privacy_score
pedestrian_1-1-pt_0_B_49W2P,pedestrian_1-1-pt_0,Bluetooth,21512.0,22319.0,808.0,5898.0,0.1369955917260088
pedestrian_1-1-pt_1006_B_ZX163,pedestrian_1-1-pt_1006,Bluetooth,23340.0,24203.0,864.0,7050.0,0.1225531914893617
pedestrian_1-1-pt_1037_B_SQKP0,pedestrian_1-1-pt_1037,Bluetooth,23313.0,24180.0,868.0,5840.0,0.14863013698630137
pedestrian_1-1-pt_1039_B_YOFHV,pedestrian_1-1-pt_1039,Bluetooth,22026.0,22828.0,803.0,6474.0,0.12403459993821439
pedestrian_1-1-pt_1108_B_X4LWG,pedestrian_1-1-pt_1108,Bluetooth,22240.0,23054.0,815.0,6696.0,0.12171445639187575
pedestrian_1-1-pt_1121_B_MBUEC,pedestrian_1-1-pt_1121,Bluetooth,23009.0,23886.0,878.0,5916.0,0.14841108857336038
pedestrian_1-1-pt_1138_B_BYKXE,pedestrian_1-1-pt_1138,Bluetooth,20374.0,21147.0,774.0,5624.0,0.137624466571835
pedestrian_1-1-pt_1167_B_GW0TC,pedestrian_1-1-pt_1167,Bluetooth,21833.0,22688.0,856.0,6258.0,0.13678491530840525
pedestrian_1-1-pt_1173_B_FS8FY,pedestrian_1-1-pt_1173,Bluetooth,20333.0,21156.0,824.0,6381.0,0.129133364676383
pedestrian_1-1-pt_1226_B_IHKGW,pedestrian_1-1-pt_1226,Bluetooth,19788.0,20603.0,816.0,5413.0,0.1507481987807131
pedestrian_1-1-pt_1238_B_CSEYI,pedestrian_1-1-pt_1238,Bluetooth,19572.0,20446.0,875.0,6403.0,0.13665469311260348
pedestrian_1-1-pt_1270_B_2ZJ6S,pedestrian_1-1-pt_1270,Bluetooth,21295.0,22121.0,827.0,6731.0,0.12286435893626504
pedestrian_1-1-pt_1296_B_PEL2P,pedestrian_1-1-pt_1296,Bluetooth,18847.0,19697.0,851.0,6354.0,0.13393138180673592
pedestrian_1-1-pt_1298_B_Q5TGR,pedestrian_1-1-pt_1298,Bluetooth,22715.0,23578.0,864.0,6335.0,0.13638516179952645
pedestrian_1-1-pt_1304_B_0SR5F,pedestrian_1-1-pt_1304,Bluetooth,22357.0,23220.0,864.0,5854.0,0.1475913905022207
pedestrian_1-1-pt_1306_B_7D1MW,pedestrian_1-1-pt_1306,Bluetooth,19878.0,20715.0,838.0,6172.0,0.13577446532728452
pedestrian_1-1-pt_1329_B_OA04E,pedestrian_1-1-pt_1329,Bluetooth,19151.0,20017.0,867.0,6666.0,0.13006300630063006
pedestrian_1-1-pt_1420_B_YY62D,pedestrian_1-1-pt_1420,Bluetooth,19045.0,19922.0,878.0,6156.0,0.14262508122157244
pedestrian_1-1-pt_1473_B_MK7FO,pedestrian_1-1-pt_1473,Bluetooth,22164.0,22884.0,721.0,5832.0,0.12362825788751715
pedestrian_1-1-pt_1497_B_YTH09,pedestrian_1-1-pt_1497,Bluetooth,19748.0,20538.0,791.0,5453.0,0.14505776636713735
pedestrian_1-1-pt_150_B_2N6KC,pedestrian_1-1-pt_150,Bluetooth,23842.0,24611.0,770.0,5891.0,0.13070785944661348
pedestrian_1-1-pt_1560_B_6XI6C,pedestrian_1-1-pt_1560,Bluetooth,22089.0,22899.0,811.0,6694.0,0.12115327158649537
pedestrian_1-1-pt_1601_B_0N9M0,pedestrian_1-1-pt_1601,Bluetooth,20583.0,21430.0,848.0,6011.0,0.14107469638995176
pedestrian_1-1-pt_1669_B_NI7I5,pedestrian_1-1-pt_1669,Bluetooth,23243.0,24122.0,880.0,7057.0,0.12469888054414056
pedestrian_1-1-pt_1700_B_XR9YH,pedestrian_1-1-pt_1700,Bluetooth,19430.0,20294.0,865.0,5771.0,0.149887367873852
pedestrian_1-1-pt_1714_B_303SL,pedestrian_1-1-pt_1714,Bluetooth,20846.0,21690.0,845.0,6514.0,0.12972060178077985
pedestrian_1-1-pt_1723_B_XSU9I,pedestrian_1-1-pt_1723,Bluetooth,24360.0,25200.0,841.0,5437.0,0.1546808901967997
pedestrian_1-1-pt_1747_B_O8AP3,pedestrian_1-1-pt_1747,Bluetooth,19060.0,19872.0,813.0,6993.0,0.11625911625911627
pedestrian_1-1-pt_1798_B_HIWLB,pedestrian_1-1-pt_1798,Bluetooth,19627.0,20462.0,836.0,5574.0,0.14998205956225333
pedestrian_1-1-pt_182_B_8A7AY,pedestrian_1-1-pt_182,Bluetooth,24243.0,25095.0,853.0,6141.0,0.13890245888291808
pedestrian_1-1-pt_1966_B_K7TLS,pedestrian_1-1-pt_1966,Bluetooth,18875.0,19681.0,807.0,6326.0,0.12756876383180524
pedestrian_1-1-pt_2013_B_82TXV,pedestrian_1-1-pt_2013,Bluetooth,21904.0,22679.0,776.0,6083.0,0.12756863389774784
pedestrian_1-1-pt_2032_B_UEFN2,pedestrian_1-1-pt_2032,Bluetooth,21600.0,22480.0,881.0,6461.0,0.13635660114533354
pedestrian_1-1-pt_2129_B_7T1UK,pedestrian_1-1-pt_2129,Bluetooth,20010.0,20778.0,769.0,6484.0,0.11859962985811227
pedestrian_1-1-pt_2162_B_WXDJG,pedestrian_1-1-pt_2162,Bluetooth,18351.0,19211.0,861.0,6850.0,0.1256934306569343
pedestrian_1-1-pt_2170_B_SND04,pedestrian_1-1-pt_2170,Bluetooth,22282.0,23083.0,802.0,6529.0,0.12283657527952213
pedestrian_1-1-pt_2297_B_Q4K4H,pedestrian_1-1-pt_2297,Bluetooth,23408.0,24242.0,835.0,5715.0,0.14610673665791776
pedestrian_1-1-pt_2342_B_ON9H3,pedestrian_1-1-pt_2342,Bluetooth,18978.0,19721.0,744.0,6929.0,0.10737480155866648
pedestrian_1-1-pt_2369_B_5QFU3,pedestrian_1-1-pt_2369,Bluetooth,21325.0,22163.0,839.0,6654.0,0.12608957018334835
pedestrian_1-1-pt_2424_B_JTEJJ,pedestrian_1-1-pt_2424,Bluetooth,22403.0,23231.0,829.0,5720.0,0.14493006993006993
pedestrian_1-1-pt_2425_B_ECCKS,pedestrian_1-1-pt_2425,Bluetooth,23934.0,24721.0,788.0,6264.0,0.12579821200510855
pedestrian_1-1-pt_2431_B_MVGZX,pedestrian_1-1-pt_2431,Bluetooth,22401.0,23256.0,856.0,6458.0,0.13254877671105605
pedestrian_1-1-pt_2503_B_V0JWM,pedestrian_1-1-pt_2503,Bluetooth,21668.0,22467.0,800.0,5459.0,0.14654698662758747
pedestrian_1-1-pt_2529_B_TPGO4,pedestrian_1-1-pt_2529,Bluetooth,22916.0,23751.0,836.0,6637.0,0.1259605243332831
pedestrian_1-1-pt_255_B_LBE1X,pedestrian_1-1-pt_255,Bluetooth,23859.0,24660.0,802.0,7122.0,0.11260881774782365
pedestrian_1-1-pt_2606_B_WRG1L,pedestrian_1-1-pt_2606,Bluetooth,19313.0,20168.0,856.0,6687.0,0.12800957080903244
pedestrian_1-1-pt_2718_B_FJY3K,pedestrian_1-1-pt_2718,Bluetooth,21438.0,22302.0,865.0,6006.0,0.14402264402264403
pedestrian_1-1-pt_2770_B_U4MP6,pedestrian_1-1-pt_2770,Bluetooth,21159.0,22021.0,863.0,7127.0,0.12108881717412656
pedestrian_1-1-pt_2808_B_MWRR0,pedestrian_1-1-pt_2808,Bluetooth,24369.0,25200.0,832.0,5418.0,0.15356220007382798
pedestrian_1-1-pt_2820_B_Q0MBS,pedestrian_1-1-pt_2820,Bluetooth,18717.0,19594.0,878.0,6484.0,0.13541024059222703
pedestrian_1-1-pt_2834_B_8RSF5,pedestrian_1-1-pt_2834,Bluetooth,23987.0,24813.0,827.0,6107.0,0.13541837235958737
pedestrian_1-1-pt_2844_B_C4KDX,pedestrian_1-1-pt_2844,Bluetooth,20396.0,21174.0,779.0,6829.0,0.11407233855615756
pedestrian_1-1-pt_2863_B_YPZZD,pedestrian_1-1-pt_2863,Bluetooth,21728.0,22541.0,814.0,6429.0,0.12661378130346865
pedestrian_1-1-pt_2880_B_TQ827,pedestrian_1-1-pt_2880,Bluetooth,19303.0,20129.0,827.0,5898.0,0.14021702271956596
pedestrian_1-1-pt_2920_B_SME13,pedestrian_1-1-pt_2920,Bluetooth,23161.0,23996.0,836.0,6124.0,0.1365120836054866
pedestrian_1-1-pt_2952_B_V44M2,pedestrian_1-1-pt_2952,Bluetooth,20493.0,21324.0,832.0,5567.0,0.149452128615053
pedestrian_1-1-pt_2961_B_BI2I8,pedestrian_1-1-pt_2961,Bluetooth,20006.0,20868.0,863.0,6086.0,0.14180085441998028
pedestrian_1-1-pt_297_B_TRJY9,pedestrian_1-1-pt_297,Bluetooth,23208.0,23984.0,777.0,6055.0,0.1283236994219653
pedestrian_1-1-pt_3067_B_SUV3F,pedestrian_1-1-pt_3067,Bluetooth,22955.0,23826.0,872.0,5913.0,0.14747167258582783
pedestrian_1-1-pt_3097_B_FBU1M,pedestrian_1-1-pt_3097,Bluetooth,23567.0,24385.0,819.0,6173.0,0.132674550461688
pedestrian_1-1-pt_3176_B_XHT30,pedestrian_1-1-pt_3176,Bluetooth,21957.0,22780.0,824.0,5712.0,0.14425770308123248
pedestrian_1-1-pt_3207_B_092ZX,pedestrian_1-1-pt_3207,Bluetooth,23894.0,24772.0,879.0,5882.0,0.1494389663379803
pedestrian_1-1-pt_3230_B_525R3,pedestrian_1-1-pt_3230,Bluetooth,22379.0,23204.0,826.0,5943.0,0.13898704358068315
pedestrian_1-1-pt_3275_B_EJVTU,pedestrian_1-1-pt_3275,Bluetooth,22120.0,22996.0,877.0,6470.0,0.13554868624420402
pedestrian_1-1-pt_3353_B_WM9C4,pedestrian_1-1-pt_3353,Bluetooth,21525.0,22354.0,830.0,5621.0,0.14766055861946273
pedestrian_1-1-pt_3386_B_O89BV,pedestrian_1-1-pt_3386,Bluetooth,22307.0,23153.0,847.0,5632.0,0.150390625
pedestrian_1-1-pt_3409_B_T1S7R,pedestrian_1-1-pt_3409,Bluetooth,19458.0,20332.0,875.0,5743.0,0.15235939404492427
pedestrian_1-1-pt_3489_B_N9RT6,pedestrian_1-1-pt_3489,Bluetooth,22331.0,23198.0,868.0,6495.0,0.1336412625096228
pedestrian_1-1-pt_3512_B_GOREA,pedestrian_1-1-pt_3512,Bluetooth,19780.0,20569.0,790.0,5421.0,0.14572957019000185
pedestrian_1-1-pt_3571_B_R7D2T,pedestrian_1-1-pt_3571,Bluetooth,22096.0,22898.0,803.0,5912.0,0.1358254397834912
pedestrian_1-1-pt_3595_B_RP6CJ,pedestrian_1-1-pt_3595,Bluetooth,21897.0,22728.0,832.0,5921.0,0.1405168045938186
pedestrian_1-1-pt_3624_B_77MOH,pedestrian_1-1-pt_3624,Bluetooth,20869.0,21717.0,849.0,5861.0,0.1448558266507422
pedestrian_1-1-pt_3629_B_QG5M8,pedestrian_1-1-pt_3629,Bluetooth,22123.0,22834.0,712.0,7078.0,0.10059338796270133
pedestrian_1-1-pt_3671_B_EB91K,pedestrian_1-1-pt_3671,Bluetooth,21164.0,22035.0,872.0,6243.0,0.13967643761012333
pedestrian_1-1-pt_3769_B_2VH5W,pedestrian_1-1-pt_3769,Bluetooth,21619.0,22471.0,853.0,6686.0,0.12758001794795093
pedestrian_1-1-pt_3800_B_PE6MY,pedestrian_1-1-pt_3800,Bluetooth,21376.0,22257.0,882.0,5474.0,0.16112531969309463
pedestrian_1-1-pt_3858_B_OQGW9,pedestrian_1-1-pt_3858,Bluetooth,19303.0,20169.0,867.0,6728.0,0.12886444708680142
pedestrian_1-1-pt_3916_B_10GNJ,pedestrian_1-1-pt_3916,Bluetooth,20464.0,21340.0,877.0,5504.0,0.15933866279069767
pedestrian_1-1-pt_3927_B_XTKLX,pedestrian_1-1-pt_3927,Bluetooth,18522.0,19380.0,859.0,6679.0,0.12861206767480163
pedestrian_1-1-pt_3931_B_9BP39,pedestrian_1-1-pt_3931,Bluetooth,24002.0,24856.0,855.0,5378.0,0.1589810338415768
pedestrian_1-1-pt_394_B_WIVCY,pedestrian_1-1-pt_394,Bluetooth,23507.0,24315.0,809.0,5831.0,0.1387412107700223
pedestrian_1-1-pt_4262_B_6C54I,pedestrian_1-1-pt_4262,Bluetooth,22284.0,23174.0,891.0,6777.0,0.13147410358565736
pedestrian_1-1-pt_4380_B_PA8HD,pedestrian_1-1-pt_4380,Bluetooth,23809.0,24654.0,846.0,5550.0,0.15243243243243243
pedestrian_1-1-pt_4541_B_VZXB3,pedestrian_1-1-pt_4541,Bluetooth,19408.0,20270.0,863.0,5793.0,0.14897289832556534
pedestrian_1-1-pt_4595_B_AXFVC,pedestrian_1-1-pt_4595,Bluetooth,23262.0,24079.0,818.0,5624.0,0.14544807965860598
pedestrian_1-1-pt_4645_B_66VNJ,pedestrian_1-1-pt_4645,Bluetooth,22925.0,23770.0,846.0,6155.0,0.13744922826969944
pedestrian_1-1-pt_4671_B_2EEHL,pedestrian_1-1-pt_4671,Bluetooth,21279.0,22127.0,849.0,6848.0,0.12397780373831775
pedestrian_1-1-pt_4715_B_V1KZP,pedestrian_1-1-pt_4715,Bluetooth,23944.0,24824.0,881.0,6476.0,0.13604076590487957
pedestrian_1-1-pt_4736_B_SNGLL,pedestrian_1-1-pt_4736,Bluetooth,19509.0,20393.0,885.0,6324.0,0.13994307400379508
pedestrian_1-1-pt_4785_B_3BFDT,pedestrian_1-1-pt_4785,Bluetooth,21369.0,22246.0,878.0,5870.0,0.1495741056218058
pedestrian_1-1-pt_4875_B_RHIVH,pedestrian_1-1-pt_4875,Bluetooth,21786.0,22612.0,827.0,6465.0,0.12791956689868522
pedestrian_1-1-pt_4879_B_CGF3V,pedestrian_1-1-pt_4879,Bluetooth,22236.0,23043.0,808.0,6641.0,0.1216684234302063
pedestrian_1-1-pt_4901_B_5XIJS,pedestrian_1-1-pt_4901,Bluetooth,24138.0,24958.0,821.0,5436.0,0.15103016924208978
pedestrian_1-1-pt_4919_B_T6OCP,pedestrian_1-1-pt_4919,Bluetooth,24121.0,24959.0,839.0,5432.0,0.15445508100147276
pedestrian_1-1-pt_494_B_YJYBI,pedestrian_1-1-pt_494,Bluetooth,19916.0,20761.0,846.0,6748.0,0.12537048014226437
pedestrian_1-1-pt_4966_B_XO0PG,pedestrian_1-1-pt_4966,Bluetooth,19805.0,20646.0,842.0,6016.0,0.13996010638297873
pedestrian_1-1-pt_498_B_1HB5M,pedestrian_1-1-pt_498,Bluetooth,23845.0,24688.0,844.0,5446.0,0.15497612926918838
pedestrian_1-1-pt_4996_B_286NW,pedestrian_1-1-pt_4996,Bluetooth,23662.0,24544.0,883.0,6860.0,0.12871720116618077
pedestrian_1-1-pt_5078_B_25DG7,pedestrian_1-1-pt_5078,Bluetooth,21229.0,22053.0,825.0,7162.0,0.11519128734990226
pedestrian_1-1-pt_5115_B_Z56XA,pedestrian_1-1-pt_5115,Bluetooth,18686.0,19583.0,898.0,6515.0,0.13783576362240982
pedestrian_1-1-pt_5139_B_NR8JF,pedestrian_1-1-pt_5139,Bluetooth,22418.0,23232.0,815.0,7125.0,0.1143859649122807
pedestrian_1-1-pt_5167_B_2GNGY,pedestrian_1-1-pt_5167,Bluetooth,18878.0,19737.0,860.0,7055.0,0.12189936215450035
pedestrian_1-1-pt_5193_B_66K5G,pedestrian_1-1-pt_5193,Bluetooth,23202.0,24016.0,815.0,6293.0,0.1295089782297791
pedestrian_1-1-pt_5199_B_CMJFD,pedestrian_1-1-pt_5199,Bluetooth,22171.0,23026.0,856.0,6359.0,0.13461236043403052
pedestrian_1-1-pt_521_B_3B5HX,pedestrian_1-1-pt_521,Bluetooth,24126.0,24942.0,817.0,6656.0,0.12274639423076923
pedestrian_1-1-pt_5241_B_DYHKS,pedestrian_1-1-pt_5241,Bluetooth,18944.0,19835.0,892.0,6257.0,0.14256033242768099
pedestrian_1-1-pt_5258_B_Y95IC,pedestrian_1-1-pt_5258,Bluetooth,23788.0,24660.0,873.0,6796.0,0.12845791642142437
pedestrian_1-1-pt_527_B_Y47PX,pedestrian_1-1-pt_527,Bluetooth,21385.0,22258.0,874.0,6069.0,0.14401054539462843
pedestrian_1-1-pt_5275_B_L22KB,pedestrian_1-1-pt_5275,Bluetooth,22325.0,23198.0,874.0,6382.0,0.13694766530868066
pedestrian_1-1-pt_5298_B_WLF1S,pedestrian_1-1-pt_5298,Bluetooth,23481.0,24269.0,789.0,5573.0,0.14157545307733715
pedestrian_1-1-pt_530_B_MRAHH,pedestrian_1-1-pt_530,Bluetooth,18121.0,18978.0,858.0,7080.0,0.1211864406779661
pedestrian_1-1-pt_5324_B_ACBPH,pedestrian_1-1-pt_5324,Bluetooth,20184.0,21007.0,824.0,5831.0,0.14131366832447265
pedestrian_1-1-pt_5357_B_KYWMR,pedestrian_1-1-pt_5357,Bluetooth,22285.0,23140.0,856.0,6555.0,0.13058733790999238
pedestrian_1-1-pt_5392_B_ZP8LQ,pedestrian_1-1-pt_5392,Bluetooth,18264.0,19095.0,832.0,6937.0,0.11993657200518956
pedestrian_1-1-pt_5481_B_8O5NP,pedestrian_1-1-pt_5481,Bluetooth,21549.0,22394.0,846.0,5875.0,0.144
pedestrian_1-1-pt_560_B_9YNBF,pedestrian_1-1-pt_560,Bluetooth,20727.0,21538.0,812.0,6756.0,0.1201894612196566
pedestrian_1-1-pt_5666_B_PXJX5,pedestrian_1-1-pt_5666,Bluetooth,19900.0,20734.0,835.0,6142.0,0.13594920221426246
pedestrian_1-1-pt_571_B_YHKU2,pedestrian_1-1-pt_571,Bluetooth,24174.0,25047.0,874.0,5967.0,0.14647226411932293
pedestrian_1-1-pt_5897_B_8BA8K,pedestrian_1-1-pt_5897,Bluetooth,19605.0,20398.0,794.0,6252.0,0.12699936020473448
pedestrian_1-1-pt_5906_B_UU1CH,pedestrian_1-1-pt_5906,Bluetooth,19460.0,20342.0,883.0,5741.0,0.15380595715032225
pedestrian_1-1-pt_5913_B_UMZ01,pedestrian_1-1-pt_5913,Bluetooth,20401.0,21214.0,814.0,5514.0,0.14762422923467536
pedestrian_1-1-pt_5942_B_MHEMW,pedestrian_1-1-pt_5942,Bluetooth,23493.0,24319.0,827.0,5385.0,0.15357474466109564
pedestrian_1-1-pt_5997_B_7BEV0,pedestrian_1-1-pt_5997,Bluetooth,22025.0,22832.0,808.0,5988.0,0.134936539746159
pedestrian_1-1-pt_5999_B_QU5ON,pedestrian_1-1-pt_5999,Bluetooth,23723.0,24539.0,817.0,5726.0,0.1426825008732099
pedestrian_1-1-pt_6031_B_UY6SI,pedestrian_1-1-pt_6031,Bluetooth,22261.0,23098.0,838.0,6793.0,0.12336228470484321
pedestrian_1-1-pt_6176_B_8M22U,pedestrian_1-1-pt_6176,Bluetooth,22943.0,23785.0,843.0,6381.0,0.1321109543958627
pedestrian_1-1-pt_6273_B_0JUM9,pedestrian_1-1-pt_6273,Bluetooth,19268.0,20092.0,825.0,5933.0,0.13905275577279622
pedestrian_1-1-pt_6292_B_LY190,pedestrian_1-1-pt_6292,Bluetooth,19637.0,20493.0,857.0,6282.0,0.1364215218083413
pedestrian_1-1-pt_6297_B_06UUF,pedestrian_1-1-pt_6297,Bluetooth,20896.0,21766.0,871.0,6567.0,0.13263286127607735
pedestrian_1-1-pt_6309_B_2WN9P,pedestrian_1-1-pt_6309,Bluetooth,23670.0,24546.0,877.0,6820.0,0.12859237536656892
pedestrian_1-1-pt_6355_B_9XZKZ,pedestrian_1-1-pt_6355,Bluetooth,21845.0,22699.0,855.0,7060.0,0.12110481586402266
pedestrian_1-1-pt_6358_B_XOGW9,pedestrian_1-1-pt_6358,Bluetooth,22991.0,23828.0,838.0,6143.0,0.13641543219925117
pedestrian_1-1-pt_6368_B_S2VA1,pedestrian_1-1-pt_6368,Bluetooth,18676.0,19478.0,803.0,6525.0,0.12306513409961686
pedestrian_1-1-pt_6381_B_BV126,pedestrian_1-1-pt_6381,Bluetooth,19020.0,19873.0,854.0,6181.0,0.13816534541336353
pedestrian_1-1-pt_6389_B_2LDL3,pedestrian_1-1-pt_6389,Bluetooth,22396.0,23238.0,843.0,5520.0,0.15271739130434783
pedestrian_1-1-pt_6413_B_F7G8P,pedestrian_1-1-pt_6413,Bluetooth,21878.0,22692.0,815.0,6037.0,0.13500082822594003
pedestrian_1-1-pt_6453_B_DN1JK,pedestrian_1-1-pt_6453,Bluetooth,19225.0,20021.0,797.0,5976.0,0.13336680053547523
pedestrian_1-1-pt_6516_B_SGHH4,pedestrian_1-1-pt_6516,Bluetooth,19807.0,20675.0,869.0,6210.0,0.13993558776167472
pedestrian_1-1-pt_6538_B_69UFG,pedestrian_1-1-pt_6538,Bluetooth,21284.0,22128.0,845.0,6300.0,0.13412698412698412
pedestrian_1-1-pt_654_B_G0HLJ,pedestrian_1-1-pt_654,Bluetooth,21098.0,21914.0,817.0,5592.0,0.14610157367668097
pedestrian_1-1-pt_6673_B_53NJ4,pedestrian_1-1-pt_6673,Bluetooth,23549.0,24440.0,892.0,6768.0,0.1317966903073286
pedestrian_1-1-pt_6743_B_WCLMU,pedestrian_1-1-pt_6743,Bluetooth,18841.0,19715.0,875.0,6360.0,0.13757861635220126
pedestrian_1-1-pt_6779_B_PQ3E4,pedestrian_1-1-pt_6779,Bluetooth,18663.0,19551.0,889.0,6538.0,0.13597430406852248
pedestrian_1-1-pt_6931_B_CVI8W,pedestrian_1-1-pt_6931,Bluetooth,21880.0,22671.0,792.0,6836.0,0.11585722644821533
pedestrian_1-1-pt_6974_B_OCR7L,pedestrian_1-1-pt_6974,Bluetooth,22215.0,23066.0,852.0,6531.0,0.13045475424896646
pedestrian_1-1-pt_7040_B_W11GE,pedestrian_1-1-pt_7040,Bluetooth,18194.0,19061.0,868.0,7007.0,0.12387612387612387
pedestrian_1-1-pt_7080_B_HD0LB,pedestrian_1-1-pt_7080,Bluetooth,22914.0,23731.0,818.0,5813.0,0.14071907792878033
pedestrian_1-1-pt_7104_B_NPU50,pedestrian_1-1-pt_7104,Bluetooth,22895.0,23684.0,790.0,5929.0,0.13324337999662675
pedestrian_1-1-pt_7123_B_W9C6M,pedestrian_1-1-pt_7123,Bluetooth,23982.0,24767.0,786.0,7004.0,0.1122215876641919
pedestrian_1-1-pt_7142_B_1NPC7,pedestrian_1-1-pt_7142,Bluetooth,21874.0,22752.0,879.0,6394.0,0.13747263059117923
pedestrian_1-1-pt_7208_B_BRS23,pedestrian_1-1-pt_7208,Bluetooth,21175.0,22005.0,831.0,5511.0,0.150789330430049
pedestrian_1-1-pt_725_B_SLMUS,pedestrian_1-1-pt_725,Bluetooth,23112.0,23855.0,744.0,5500.0,0.13527272727272727
pedestrian_1-1-pt_7277_B_XZ35E,pedestrian_1-1-pt_7277,Bluetooth,22757.0,23599.0,843.0,5531.0,0.1524136684143916
pedestrian_1-1-pt_7325_B_MDJ5U,pedestrian_1-1-pt_7325,Bluetooth,21683.0,22526.0,844.0,5555.0,0.15193519351935195
pedestrian_1-1-pt_7440_B_4F0YQ,pedestrian_1-1-pt_7440,Bluetooth,22601.0,23414.0,814.0,6984.0,0.11655211912943872
pedestrian_1-1-pt_7573_B_C6SHW,pedestrian_1-1-pt_7573,Bluetooth,21035.0,21872.0,838.0,5703.0,0.14694020690864457
pedestrian_1-1-pt_761_B_W8S9N,pedestrian_1-1-pt_761,Bluetooth,21684.0,22533.0,850.0,5770.0,0.14731369150779897
pedestrian_1-1-pt_7664_B_NH0RY,pedestrian_1-1-pt_7664,Bluetooth,18549.0,19416.0,868.0,6652.0,0.13048707155742634
pedestrian_1-1-pt_7732_B_YACXS,pedestrian_1-1-pt_7732,Bluetooth,19497.0,20313.0,817.0,5704.0,0.1432328190743338
pedestrian_1-1-pt_776_B_HJBNM,pedestrian_1-1-pt_776,Bluetooth,19917.0,20746.0,830.0,6782.0,0.12238277794161015
pedestrian_1-1-pt_7760_B_BHKIV,pedestrian_1-1-pt_7760,Bluetooth,20121.0,20934.0,814.0,6481.0,0.12559790155840148
pedestrian_1-1-pt_7763_B_R3CGD,pedestrian_1-1-pt_7763,Bluetooth,21668.0,22528.0,861.0,6435.0,0.1337995337995338
pedestrian_1-1-pt_7863_B_6RRC9,pedestrian_1-1-pt_7863,Bluetooth,20065.0,20924.0,860.0,5960.0,0.14429530201342283
pedestrian_1-1-pt_7915_B_EJHDE,pedestrian_1-1-pt_7915,Bluetooth,23604.0,24449.0,846.0,7007.0,0.12073640645069217
pedestrian_1-1-pt_7938_B_7V9TE,pedestrian_1-1-pt_7938,Bluetooth,20202.0,21041.0,840.0,5768.0,0.14563106796116504
pedestrian_1-1-pt_7948_B_71TF0,pedestrian_1-1-pt_7948,Bluetooth,19638.0,20509.0,872.0,5563.0,0.1567499550602193
pedestrian_1-1-pt_7959_B_A5MJZ,pedestrian_1-1-pt_7959,Bluetooth,23852.0,24675.0,824.0,5894.0,0.13980318968442484
pedestrian_1-1-pt_8068_B_DUUPQ,pedestrian_1-1-pt_8068,Bluetooth,20637.0,21471.0,835.0,6233.0,0.13396438312209208
pedestrian_1-1-pt_8085_B_MXSKE,pedestrian_1-1-pt_8085,Bluetooth,20456.0,21290.0,835.0,5972.0,0.1398191560616209
pedestrian_1-1-pt_8137_B_A3VS9,pedestrian_1-1-pt_8137,Bluetooth,23408.0,24247.0,840.0,5526.0,0.15200868621064062
pedestrian_1-1-pt_8184_B_TRDJV,pedestrian_1-1-pt_8184,Bluetooth,20243.0,21091.0,849.0,6506.0,0.1304949277589917
pedestrian_1-1-pt_8247_B_8DSR9,pedestrian_1-1-pt_8247,Bluetooth,22317.0,23139.0,823.0,5882.0,0.1399183951037062
pedestrian_1-1-pt_8280_B_HO5OC,pedestrian_1-1-pt_8280,Bluetooth,23916.0,24720.0,805.0,6185.0,0.1301535974130962
pedestrian_1-1-pt_8289_B_3LZ36,pedestrian_1-1-pt_8289,Bluetooth,22607.0,23487.0,881.0,7155.0,0.12313067784765898
pedestrian_1-1-pt_841_B_HEP9S,pedestrian_1-1-pt_841,Bluetooth,19089.0,19923.0,835.0,6978.0,0.11966179421037547
pedestrian_1-1-pt_8545_B_3S5YF,pedestrian_1-1-pt_8545,Bluetooth,21508.0,22336.0,829.0,6923.0,0.11974577495305504
pedestrian_1-1-pt_8611_B_QKMPM,pedestrian_1-1-pt_8611,Bluetooth,20607.0,21439.0,833.0,6238.0,0.1335363898685476
pedestrian_1-1-pt_8682_B_WU0TK,pedestrian_1-1-pt_8682,Bluetooth,22156.0,23014.0,859.0,6024.0,0.14259628154050466
pedestrian_1-1-pt_8692_B_J9WZ1,pedestrian_1-1-pt_8692,Bluetooth,23172.0,24023.0,852.0,6684.0,0.12746858168761221
pedestrian_1-1-pt_8728_B_RLJXV,pedestrian_1-1-pt_8728,Bluetooth,22129.0,22970.0,842.0,5814.0,0.14482284141726867
pedestrian_1-1-pt_8735_B_760TB,pedestrian_1-1-pt_8735,Bluetooth,23953.0,24780.0,828.0,5896.0,0.14043419267299864
pedestrian_1-1-pt_8739_B_H7IBW,pedestrian_1-1-pt_8739,Bluetooth,24014.0,24862.0,849.0,5576.0,0.1522596843615495
pedestrian_1-1-pt_8762_B_0761L,pedestrian_1-1-pt_8762,Bluetooth,22682.0,23515.0,834.0,6386.0,0.13059818352646413
pedestrian_1-1-pt_8830_B_ZEK04,pedestrian_1-1-pt_8830,Bluetooth,20696.0,21541.0,846.0,5373.0,0.1574539363484087
pedestrian_1-1-pt_8968_B_HGXFC,pedestrian_1-1-pt_8968,Bluetooth,20497.0,21381.0,885.0,6159.0,0.14369215781782757
pedestrian_1-1-pt_8969_B_FQO12,pedestrian_1-1-pt_8969,Bluetooth,20988.0,21831.0,844.0,5637.0,0.14972503104488202
pedestrian_1-1-pt_8982_B_WAYZ1,pedestrian_1-1-pt_8982,Bluetooth,21158.0,21921.0,764.0,6952.0,0.10989643268124281
pedestrian_1-1-pt_977_B_ZU80G,pedestrian_1-1-pt_977,Bluetooth,22925.0,23749.0,825.0,6579.0,0.12539899680802555
pedestrian_1-1-pt_98_B_P3UU6,pedestrian_1-1-pt_98,Bluetooth,22443.0,23194.0,752.0,6077.0,0.12374526904722725
pedestrian_1-1-veh_105_B_ACUV2,pedestrian_1-1-veh_105,Bluetooth,21820.0,22632.0,813.0,7196.0,0.11297943301834353
pedestrian_1-1-veh_152_B_PY1ET,pedestrian_1-1-veh_152,Bluetooth,21713.0,22514.0,802.0,6257.0,0.12817644238452933
pedestrian_1-1-veh_234_B_26RP7,pedestrian_1-1-veh_234,Bluetooth,19079.0,19961.0,883.0,6799.0,0.1298720400058832
pedestrian_1-1-veh_246_B_RR6GM,pedestrian_1-1-veh_246,Bluetooth,20414.0,21217.0,804.0,6398.0,0.12566427008440137
pedestrian_1-1-veh_298_B_BQ1CK,pedestrian_1-1-veh_298,Bluetooth,22508.0,23332.0,825.0,5630.0,0.14653641207815277
pedestrian_1-1-veh_407_B_3UMMD,pedestrian_1-1-veh_407,Bluetooth,24319.0,25144.0,826.0,6288.0,0.1313613231552163
pedestrian_1-1-veh_459_B_9WSZM,pedestrian_1-1-veh_459,Bluetooth,24113.0,24905.0,793.0,6678.0,0.11874812818209045
pedestrian_1-1-veh_5_B_IVP6I,pedestrian_1-1-veh_5,Bluetooth,21699.0,22470.0,772.0,5507.0,0.14018521881242055
pedestrian_1-1-veh_530_B_2EZK4,pedestrian_1-1-veh_530,Bluetooth,22794.0,23608.0,815.0,5410.0,0.15064695009242143
pedestrian_1-1-veh_602_B_0PNP5,pedestrian_1-1-veh_602,Bluetooth,19430.0,20264.0,835.0,6500.0,0.12846153846153846
pedestrian_1-1-veh_603_B_945BE,pedestrian_1-1-veh_603,Bluetooth,23437.0,24218.0,782.0,5455.0,0.14335472043996333
pedestrian_1-1-veh_608_B_CSJSS,pedestrian_1-1-veh_608,Bluetooth,21391.0,22219.0,829.0,6070.0,0.13657331136738057
pedestrian_1-1-veh_610_B_0MFP8,pedestrian_1-1-veh_610,Bluetooth,19665.0,20529.0,865.0,5536.0,0.15625
pedestrian_1-1-veh_65_B_EDZRJ,pedestrian_1-1-veh_65,Bluetooth,22539.0,23274.0,736.0,6733.0,0.10931234219515817
pedestrian_1-1-veh_767_B_ZWK1K,pedestrian_1-1-veh_767,Bluetooth,18307.0,19175.0,869.0,6894.0,0.12605163910646938
pedestrian_1-1-veh_792_B_Z3CXE,pedestrian_1-1-veh_792,Bluetooth,21715.0,22543.0,829.0,5609.0,0.14779818149402746
pedestrian_1-1-veh_824_B_9CUAB,pedestrian_1-1-veh_824,Bluetooth,19819.0,20628.0,810.0,6130.0,0.13213703099510604
pedestrian_1-1-veh_834_B_8IE4Q,pedestrian_1-1-veh_834,Bluetooth,22515.0,23384.0,870.0,5735.0,0.15170008718395817
pedestrian_1-1-veh_837_B_EDV7O,pedestrian_1-1-veh_837,Bluetooth,24023.0,24873.0,851.0,5740.0,0.14825783972125436
pedestrian_1-2_1017_B_YZPHP,pedestrian_1-2_1017,Bluetooth,20424.0,21301.0,878.0,5594.0,0.15695387915623882
pedestrian_1-2_1025_B_OMCBN,pedestrian_1-2_1025,Bluetooth,23032.0,23851.0,820.0,6139.0,0.13357224303632514
pedestrian_1-2_104_B_RFCRG,pedestrian_1-2_104,Bluetooth,24129.0,24916.0,788.0,7031.0,0.11207509600341345
pedestrian_1-2_1063_B_KP58C,pedestrian_1-2_1063,Bluetooth,20094.0,20879.0,786.0,6656.0,0.1180889423076923
pedestrian_1-2_1066_B_9GI3P,pedestrian_1-2_1066,Bluetooth,18358.0,19184.0,827.0,6843.0,0.12085342685956452
pedestrian_1-2_1203_B_SCEKU,pedestrian_1-2_1203,Bluetooth,24252.0,25072.0,821.0,5688.0,0.14433895921237694
pedestrian_1-2_1219_B_4DP69,pedestrian_1-2_1219,Bluetooth,19969.0,20811.0,843.0,5938.0,0.14196699225328394
pedestrian_1-2_1255_B_Y2XTP,pedestrian_1-2_1255,Bluetooth,20037.0,20847.0,811.0,6617.0,0.12256309505818347
pedestrian_1-2_1265_B_I71WP,pedestrian_1-2_1265,Bluetooth,19571.0,20406.0,836.0,5630.0,0.14849023090586147
pedestrian_1-2_1285_B_FL09D,pedestrian_1-2_1285,Bluetooth,19462.0,20329.0,868.0,7062.0,0.12291135655621636
pedestrian_1-2_1313_B_AB7JE,pedestrian_1-2_1313,Bluetooth,23999.0,24852.0,854.0,7097.0,0.12033253487389038
pedestrian_1-2_1420_B_R53RY,pedestrian_1-2_1420,Bluetooth,22002.0,22881.0,880.0,6363.0,0.1382995442401383
pedestrian_1-2_149_B_DM0OX,pedestrian_1-2_149,Bluetooth,19813.0,20614.0,802.0,5388.0,0.14884929472902747
pedestrian_1-2_1494_B_OOU6F,pedestrian_1-2_1494,Bluetooth,23317.0,24152.0,836.0,6499.0,0.12863517464225266
pedestrian_1-2_1533_B_C684X,pedestrian_1-2_1533,Bluetooth,24339.0,25144.0,806.0,6275.0,0.12844621513944224
pedestrian_1-2_1559_B_TU2YO,pedestrian_1-2_1559,Bluetooth,22726.0,23574.0,849.0,7108.0,0.1194428812605515
pedestrian_1-2_1596_B_5629R,pedestrian_1-2_1596,Bluetooth,24231.0,25082.0,852.0,5995.0,0.14211843202668892
pedestrian_1-2_1600_B_4BXBS,pedestrian_1-2_1600,Bluetooth,20900.0,21753.0,854.0,6859.0,0.12450794576468872
pedestrian_1-2_1612_B_2HSD8,pedestrian_1-2_1612,Bluetooth,19480.0,20349.0,870.0,7035.0,0.12366737739872068
pedestrian_1-2_163_B_CIG3M,pedestrian_1-2_163,Bluetooth,23903.0,24762.0,860.0,6738.0,0.12763431285247848
pedestrian_1-2_1640_B_X5VTX,pedestrian_1-2_1640,Bluetooth,21671.0,22519.0,849.0,6722.0,0.1263016959238322
pedestrian_1-2_1658_B_7ZG7T,pedestrian_1-2_1658,Bluetooth,18985.0,19758.0,774.0,6216.0,0.12451737451737452
pedestrian_1-2_168_B_I6EWT,pedestrian_1-2_168,Bluetooth,24179.0,24959.0,781.0,6497.0,0.12020932738186856
pedestrian_1-2_171_B_YEV2E,pedestrian_1-2_171,Bluetooth,23735.0,24614.0,880.0,5485.0,0.16043755697356427
pedestrian_1-2_1715_B_QRFBS,pedestrian_1-2_1715,Bluetooth,23193.0,24027.0,835.0,6609.0,0.1263428657890755
pedestrian_1-2_1805_B_SFVH6,pedestrian_1-2_1805,Bluetooth,19096.0,19974.0,879.0,6105.0,0.14398034398034398
pedestrian_1-2_1948_B_LT8EN,pedestrian_1-2_1948,Bluetooth,19448.0,20268.0,821.0,6555.0,0.12524790236460717
pedestrian_1-2_1953_B_XB1LG,pedestrian_1-2_1953,Bluetooth,21180.0,22032.0,853.0,6322.0,0.13492565643783613
pedestrian_1-2_1990_B_EP4X6,pedestrian_1-2_1990,Bluetooth,18732.0,19545.0,814.0,7199.0,0.11307125989720794
pedestrian_1-2_2030_B_1L7TF,pedestrian_1-2_2030,Bluetooth,23565.0,24347.0,783.0,6734.0,0.11627561627561628
pedestrian_1-2_2034_B_5EMRH,pedestrian_1-2_2034,Bluetooth,19241.0,20060.0,820.0,5960.0,0.13758389261744966
pedestrian_1-2_2061_B_WBHC7,pedestrian_1-2_2061,Bluetooth,21765.0,22596.0,832.0,6199.0,0.13421519599935475
pedestrian_1-2_2180_B_R49EV,pedestrian_1-2_2180,Bluetooth,18175.0,19032.0,858.0,7026.0,0.12211784799316823
pedestrian_1-2_2183_B_H6JIX,pedestrian_1-2_2183,Bluetooth,23152.0,24032.0,881.0,6926.0,0.12720184810857638
pedestrian_1-2_2215_B_GJXLR,pedestrian_1-2_2215,Bluetooth,22659.0,23490.0,832.0,5539.0,0.15020761870373714
pedestrian_1-2_2229_B_N4M3I,pedestrian_1-2_2229,Bluetooth,22543.0,23338.0,796.0,6762.0,0.11771665187814256
pedestrian_1-2_2237_B_IKIPY,pedestrian_1-2_2237,Bluetooth,19167.0,20014.0,848.0,6682.0,0.126908111343909
pedestrian_1-2_2287_B_P0GI4,pedestrian_1-2_2287,Bluetooth,20547.0,21347.0,801.0,7050.0,0.11361702127659574
pedestrian_1-2_2335_B_P60CS,pedestrian_1-2_2335,Bluetooth,23564.0,24422.0,859.0,6121.0,0.14033654631596146
pedestrian_1-2_2338_B_A3Q77,pedestrian_1-2_2338,Bluetooth,21234.0,22090.0,857.0,5498.0,0.1558748635867588
pedestrian_1-2_2345_B_ARY0S,pedestrian_1-2_2345,Bluetooth,23761.0,24567.0,807.0,5395.0,0.1495829471733086
pedestrian_1-2_2422_B_LWNDB,pedestrian_1-2_2422,Bluetooth,21846.0,22690.0,845.0,6365.0,0.13275726630007856
pedestrian_1-2_2473_B_2ZI54,pedestrian_1-2_2473,Bluetooth,22378.0,23232.0,855.0,5816.0,0.14700825309491058
pedestrian_1-2_250_B_P5AC7,pedestrian_1-2_250,Bluetooth,23565.0,24316.0,752.0,5782.0,0.13005880318228988
pedestrian_1-2_2512_B_2EHLP,pedestrian_1-2_2512,Bluetooth,18254.0,19062.0,809.0,6947.0,0.11645314524255074
pedestrian_1-2_2543_B_YLMMG,pedestrian_1-2_2543,Bluetooth,20962.0,21816.0,855.0,5759.0,0.1484632748741101
pedestrian_1-2_2554_B_SU674,pedestrian_1-2_2554,Bluetooth,19589.0,20456.0,868.0,6340.0,0.13690851735015772
pedestrian_1-2_2564_B_5G4LL,pedestrian_1-2_2564,Bluetooth,22459.0,23288.0,830.0,6935.0,0.11968276856524873
pedestrian_1-2_2580_B_CM5IP,pedestrian_1-2_2580,Bluetooth,20461.0,21305.0,845.0,7070.0,0.11951909476661952
pedestrian_1-2_2598_B_C71O1,pedestrian_1-2_2598,Bluetooth,21524.0,22343.0,820.0,6473.0,0.12668005561563417
pedestrian_1-2_2613_B_0ZGH5,pedestrian_1-2_2613,Bluetooth,21556.0,22404.0,849.0,6190.0,0.137156704361874
pedestrian_1-2_263_B_69YYF,pedestrian_1-2_263,Bluetooth,19480.0,20316.0,837.0,5721.0,0.14630309386470897
pedestrian_1-2_2653_B_VGZRX,pedestrian_1-2_2653,Bluetooth,19901.0,20775.0,875.0,5917.0,0.14787899273280378
pedestrian_1-2_2702_B_ZHTJ1,pedestrian_1-2_2702,Bluetooth,19802.0,20613.0,812.0,6084.0,0.1334648257725181
pedestrian_1-2_2715_B_QN5BK,pedestrian_1-2_2715,Bluetooth,19156.0,20033.0,878.0,6045.0,0.14524400330851944
pedestrian_1-2_2795_B_TKA1F,pedestrian_1-2_2795,Bluetooth,20422.0,21271.0,850.0,5670.0,0.14991181657848324
pedestrian_1-2_2797_B_ZW2J9,pedestrian_1-2_2797,Bluetooth,19155.0,20039.0,885.0,6046.0,0.14637777042672842
pedestrian_1-2_2875_B_FVOIT,pedestrian_1-2_2875,Bluetooth,19528.0,20392.0,865.0,5673.0,0.1524766437511017
pedestrian_1-2_303_B_YQO70,pedestrian_1-2_303,Bluetooth,19653.0,20499.0,847.0,5548.0,0.1526676279740447
pedestrian_1-2_3052_B_EWFH7,pedestrian_1-2_3052,Bluetooth,20961.0,21835.0,875.0,6365.0,0.13747054202670855
pedestrian_1-2_3077_B_IRW2G,pedestrian_1-2_3077,Bluetooth,19473.0,20302.0,830.0,6537.0,0.12696955790117792
pedestrian_1-2_3081_B_GZFAS,pedestrian_1-2_3081,Bluetooth,24126.0,24970.0,845.0,5591.0,0.15113575389018064
pedestrian_1-2_315_B_8CZYN,pedestrian_1-2_315,Bluetooth,21196.0,22049.0,854.0,6153.0,0.13879408418657566
pedestrian_1-2_3214_B_SU418,pedestrian_1-2_3214,Bluetooth,22840.0,23684.0,845.0,7047.0,0.11990918121186321
pedestrian_1-2_3224_B_4MBVL,pedestrian_1-2_3224,Bluetooth,22547.0,23390.0,844.0,5736.0,0.14714086471408647
pedestrian_1-2_3280_B_TLKN6,pedestrian_1-2_3280,Bluetooth,20302.0,20986.0,685.0,6864.0,0.0997960372960373
pedestrian_1-2_3286_B_XD7BI,pedestrian_1-2_3286,Bluetooth,21499.0,22340.0,842.0,6578.0,0.12800243235025843
pedestrian_1-2_3378_B_MD438,pedestrian_1-2_3378,Bluetooth,20160.0,21017.0,858.0,5691.0,0.150764364786505
pedestrian_1-2_3386_B_BMKWS,pedestrian_1-2_3386,Bluetooth,21958.0,22791.0,834.0,6871.0,0.12137971183233881
pedestrian_1-2_3389_B_WMGH7,pedestrian_1-2_3389,Bluetooth,19603.0,20426.0,824.0,5598.0,0.1471954269381922
pedestrian_1-2_3413_B_KCPQO,pedestrian_1-2_3413,Bluetooth,19608.0,20445.0,838.0,5593.0,0.149830144823887
pedestrian_1-2_3464_B_S9B0W,pedestrian_1-2_3464,Bluetooth,19027.0,19901.0,875.0,6174.0,0.1417233560090703
pedestrian_1-2_3488_B_9JKUM,pedestrian_1-2_3488,Bluetooth,18735.0,19607.0,873.0,7089.0,0.12314853999153619
pedestrian_1-2_3575_B_VQQ2U,pedestrian_1-2_3575,Bluetooth,24233.0,25083.0,851.0,6873.0,0.12381783791648479
pedestrian_1-2_3590_B_N28Q5,pedestrian_1-2_3590,Bluetooth,21907.0,22754.0,848.0,6158.0,0.13770704774277362
pedestrian_1-2_3608_B_3RTCM,pedestrian_1-2_3608,Bluetooth,23077.0,23930.0,854.0,6988.0,0.12220950200343446
pedestrian_1-2_3692_B_YDJ5A,pedestrian_1-2_3692,Bluetooth,23783.0,24629.0,847.0,5961.0,0.1420902533132025
pedestrian_1-2_3693_B_QYQXZ,pedestrian_1-2_3693,Bluetooth,22967.0,23799.0,833.0,7023.0,0.11861028050690588
pedestrian_1-2_3702_B_PKF3E,pedestrian_1-2_3702,Bluetooth,19522.0,20328.0,807.0,5679.0,0.1421024828314844
pedestrian_1-2_3708_B_38EHT,pedestrian_1-2_3708,Bluetooth,21822.0,22646.0,825.0,6144.0,0.13427734375
pedestrian_1-2_3716_B_GFGDD,pedestrian_1-2_3716,Bluetooth,23475.0,24352.0,878.0,5629.0,0.15597797122046544
pedestrian_1-2_3752_B_8PANA,pedestrian_1-2_3752,Bluetooth,19720.0,20524.0,805.0,5481.0,0.14687100893997446
pedestrian_1-2_3821_B_8W31J,pedestrian_1-2_3821,Bluetooth,22880.0,23707.0,828.0,7142.0,0.11593391206944834
pedestrian_1-2_3835_B_Q3LM2,pedestrian_1-2_3835,Bluetooth,21513.0,22333.0,821.0,6603.0,0.12433742238376495
pedestrian_1-2_3879_B_UALQA,pedestrian_1-2_3879,Bluetooth,22510.0,23352.0,843.0,6481.0,0.13007251967289
pedestrian_1-2_3908_B_4CCYE,pedestrian_1-2_3908,Bluetooth,18737.0,19571.0,835.0,6464.0,0.1291769801980198
pedestrian_1-2_4019_B_8ME23,pedestrian_1-2_4019,Bluetooth,19828.0,20676.0,849.0,5373.0,0.15801228364042436
pedestrian_1-2_4065_B_M3QGM,pedestrian_1-2_4065,Bluetooth,20653.0,21466.0,814.0,6023.0,0.13514859704466212
pedestrian_1-2_4098_B_EDRMS,pedestrian_1-2_4098,Bluetooth,21782.0,22577.0,796.0,6284.0,0.12667091024824953
pedestrian_1-2_4206_B_A1Y3Z,pedestrian_1-2_4206,Bluetooth,23770.0,24627.0,858.0,6944.0,0.12355990783410138
pedestrian_1-2_4208_B_GFY5E,pedestrian_1-2_4208,Bluetooth,20643.0,21532.0,890.0,6604.0,0.13476680799515445
pedestrian_1-2_4249_B_DCL58,pedestrian_1-2_4249,Bluetooth,20738.0,21588.0,851.0,5877.0,0.1448017696103454
pedestrian_1-2_4266_B_6Z3XL,pedestrian_1-2_4266,Bluetooth,24203.0,25061.0,859.0,5854.0,0.14673727365903655
pedestrian_1-2_4270_B_KT03Z,pedestrian_1-2_4270,Bluetooth,21794.0,22650.0,857.0,7037.0,0.12178485149921842
pedestrian_1-2_4285_B_MPEIQ,pedestrian_1-2_4285,Bluetooth,20436.0,21174.0,739.0,5448.0,0.1356461086637298
pedestrian_1-2_4327_B_HAS8I,pedestrian_1-2_4327,Bluetooth,22428.0,23178.0,751.0,7115.0,0.10555165144061841
pedestrian_1-2_4329_B_TU2N4,pedestrian_1-2_4329,Bluetooth,20354.0,21144.0,791.0,5659.0,0.1397773458208164
pedestrian_1-2_4376_B_S3O2J,pedestrian_1-2_4376,Bluetooth,22001.0,22852.0,852.0,6613.0,0.12883713896869803
pedestrian_1-2_4388_B_F0QDX,pedestrian_1-2_4388,Bluetooth,22092.0,22849.0,758.0,6804.0,0.11140505584950029
pedestrian_1-2_4454_B_SCP14,pedestrian_1-2_4454,Bluetooth,21147.0,21994.0,848.0,7131.0,0.1189174028887954
pedestrian_1-2_4464_B_F31OV,pedestrian_1-2_4464,Bluetooth,23468.0,24304.0,837.0,5418.0,0.15448504983388706
pedestrian_1-2_4483_B_F2MN2,pedestrian_1-2_4483,Bluetooth,23453.0,24324.0,872.0,6485.0,0.13446414803392445
pedestrian_1-2_4607_B_8KSOK,pedestrian_1-2_4607,Bluetooth,23398.0,24161.0,764.0,6110.0,0.12504091653027824
pedestrian_1-2_4609_B_KLEDN,pedestrian_1-2_4609,Bluetooth,23037.0,23923.0,887.0,7075.0,0.12537102473498232
pedestrian_1-2_4634_B_FYNTE,pedestrian_1-2_4634,Bluetooth,22722.0,23575.0,854.0,7076.0,0.1206896551724138
pedestrian_1-2_4715_B_1X36O,pedestrian_1-2_4715,Bluetooth,21326.0,22156.0,831.0,6720.0,0.12366071428571429
pedestrian_1-2_4724_B_5IYKT,pedestrian_1-2_4724,Bluetooth,19358.0,20210.0,853.0,5843.0,0.1459866506931371
pedestrian_1-2_4730_B_XC9OM,pedestrian_1-2_4730,Bluetooth,18769.0,19649.0,881.0,6432.0,0.13697139303482586
pedestrian_1-2_4734_B_O94AH,pedestrian_1-2_4734,Bluetooth,18042.0,18933.0,892.0,7159.0,0.12459840759882665
pedestrian_1-2_4753_B_BJBXV,pedestrian_1-2_4753,Bluetooth,21858.0,22642.0,785.0,6759.0,0.1161414410415742
pedestrian_1-2_4771_B_I5B8M,pedestrian_1-2_4771,Bluetooth,23162.0,24022.0,861.0,5684.0,0.15147783251231528
pedestrian_1-2_4791_B_EEUFU,pedestrian_1-2_4791,Bluetooth,20167.0,21024.0,858.0,6628.0,0.12945081472540737
pedestrian_1-2_4853_B_2RMWX,pedestrian_1-2_4853,Bluetooth,21072.0,21896.0,825.0,6891.0,0.1197213757074445
pedestrian_1-2_4886_B_G8TBW,pedestrian_1-2_4886,Bluetooth,24005.0,24878.0,874.0,5921.0,0.14761020097956426
pedestrian_1-2_4940_B_9O4SG,pedestrian_1-2_4940,Bluetooth,21744.0,22598.0,855.0,6464.0,0.1322710396039604
pedestrian_1-2_4955_B_9DYK6,pedestrian_1-2_4955,Bluetooth,18281.0,19118.0,838.0,6920.0,0.12109826589595375
pedestrian_1-2_4962_B_T8VCX,pedestrian_1-2_4962,Bluetooth,19905.0,20759.0,855.0,6155.0,0.1389114541023558
pedestrian_1-2_5020_B_OOC6Q,pedestrian_1-2_5020,Bluetooth,23950.0,24782.0,833.0,6183.0,0.13472424389454957
pedestrian_1-2_505_B_LSLOV,pedestrian_1-2_505,Bluetooth,21416.0,22290.0,875.0,6196.0,0.14122014202711428
pedestrian_1-2_5092_B_VZ6B0,pedestrian_1-2_5092,Bluetooth,19660.0,20462.0,803.0,6986.0,0.11494417406241053
pedestrian_1-2_5210_B_EYHA8,pedestrian_1-2_5210,Bluetooth,22600.0,23410.0,811.0,6568.0,0.1234774665042631
pedestrian_1-2_5252_B_BDX7Q,pedestrian_1-2_5252,Bluetooth,23211.0,24012.0,802.0,6293.0,0.12744319084697284
pedestrian_1-2_5288_B_AHE3Q,pedestrian_1-2_5288,Bluetooth,24123.0,24940.0,818.0,6284.0,0.13017186505410566
pedestrian_1-2_5369_B_3D4GB,pedestrian_1-2_5369,Bluetooth,19327.0,20202.0,876.0,5874.0,0.1491317671092952
pedestrian_1-2_5428_B_P7T0E,pedestrian_1-2_5428,Bluetooth,21995.0,22816.0,822.0,6066.0,0.13550939663699307
pedestrian_1-2_5437_B_W9ZRI,pedestrian_1-2_5437,Bluetooth,19546.0,20414.0,869.0,5655.0,0.15366931918656057
pedestrian_1-2_5518_B_540S3,pedestrian_1-2_5518,Bluetooth,22446.0,23269.0,824.0,7098.0,0.11608903916596225
pedestrian_1-2_5543_B_M9QYJ,pedestrian_1-2_5543,Bluetooth,23014.0,23864.0,851.0,5376.0,0.15829613095238096
pedestrian_1-2_5640_B_VLX10,pedestrian_1-2_5640,Bluetooth,22944.0,23775.0,832.0,6943.0,0.11983292524845168
pedestrian_1-2_5641_B_IMBZR,pedestrian_1-2_5641,Bluetooth,20011.0,20879.0,869.0,6582.0,0.13202673959282893
pedestrian_1-2_568_B_T1X5A,pedestrian_1-2_568,Bluetooth,24492.0,25200.0,709.0,5400.0,0.1312962962962963
pedestrian_1-2_573_B_9NYVS,pedestrian_1-2_573,Bluetooth,18462.0,19283.0,822.0,6739.0,0.12197655438492358
pedestrian_1-2_5745_B_M9CY2,pedestrian_1-2_5745,Bluetooth,19808.0,20658.0,851.0,6087.0,0.13980614424182686
pedestrian_1-2_5752_B_BCBZ1,pedestrian_1-2_5752,Bluetooth,21142.0,21968.0,827.0,6265.0,0.13200319233838786
pedestrian_1-2_5753_B_J9WL0,pedestrian_1-2_5753,Bluetooth,24365.0,25200.0,836.0,6898.0,0.12119454914467961
pedestrian_1-2_5765_B_D0W9Q,pedestrian_1-2_5765,Bluetooth,19669.0,20534.0,866.0,5532.0,0.15654374548083877
pedestrian_1-2_5927_B_LPT66,pedestrian_1-2_5927,Bluetooth,20060.0,20866.0,807.0,6531.0,0.12356453835553514
pedestrian_1-2_593_B_GNG7D,pedestrian_1-2_593,Bluetooth,22951.0,23804.0,854.0,6862.0,0.12445351209559895
pedestrian_1-2_5943_B_1WU2H,pedestrian_1-2_5943,Bluetooth,18201.0,19084.0,884.0,7000.0,0.12628571428571428
pedestrian_1-2_5951_B_NTTEI,pedestrian_1-2_5951,Bluetooth,18716.0,19598.0,883.0,6485.0,0.1361603700848111
pedestrian_1-2_6013_B_XQ8CC,pedestrian_1-2_6013,Bluetooth,20680.0,21517.0,838.0,6037.0,0.13881066755010768
pedestrian_1-2_609_B_0P0TQ,pedestrian_1-2_609,Bluetooth,18037.0,18913.0,877.0,7164.0,0.1224176437744277
pedestrian_1-2_638_B_1M5H5,pedestrian_1-2_638,Bluetooth,18837.0,19662.0,826.0,7148.0,0.11555679910464466
pedestrian_1-2_671_B_IZ5XV,pedestrian_1-2_671,Bluetooth,23818.0,24595.0,778.0,5507.0,0.14127474123842382
pedestrian_1-2_752_B_2F5OO,pedestrian_1-2_752,Bluetooth,19771.0,20545.0,775.0,6709.0,0.11551647041287823
pedestrian_1-2_829_B_JONMN,pedestrian_1-2_829,Bluetooth,19258.0,20128.0,871.0,6668.0,0.130623875224955
pedestrian_1-2_848_B_Q85JF,pedestrian_1-2_848,Bluetooth,20062.0,20868.0,807.0,6513.0,0.1239060340856748
pedestrian_1-2_960_B_9O87S,pedestrian_1-2_960,Bluetooth,23101.0,23894.0,794.0,5821.0,0.1364026799518983
pedestrian_1-3_1027_B_N1JR0,pedestrian_1-3_1027,Bluetooth,18922.0,19805.0,884.0,6279.0,0.14078674948240166
pedestrian_1-3_1140_B_PPOA4,pedestrian_1-3_1140,Bluetooth,21428.0,22298.0,871.0,6039.0,0.14422917701606225
pedestrian_1-3_1213_B_G0RS0,pedestrian_1-3_1213,Bluetooth,23689.0,24552.0,864.0,5402.0,0.1599407626804887
pedestrian_1-3_1324_B_AXAV8,pedestrian_1-3_1324,Bluetooth,22311.0,23135.0,825.0,5667.0,0.1455796717840127
pedestrian_1-3_1500_B_HDF89,pedestrian_1-3_1500,Bluetooth,18550.0,19416.0,867.0,6651.0,0.13035633739287325
pedestrian_1-3_1535_B_OHK62,pedestrian_1-3_1535,Bluetooth,21118.0,21944.0,827.0,5417.0,0.1526675281521137
pedestrian_1-3_1571_B_QL5W2,pedestrian_1-3_1571,Bluetooth,24297.0,25137.0,841.0,5568.0,0.15104166666666666
pedestrian_1-3_1604_B_78UJV,pedestrian_1-3_1604,Bluetooth,24087.0,24936.0,850.0,6640.0,0.1280120481927711
pedestrian_1-3_1676_B_MNWPZ,pedestrian_1-3_1676,Bluetooth,22989.0,23796.0,808.0,5749.0,0.14054618194468604
pedestrian_1-3_17_B_H3GM3,pedestrian_1-3_17,Bluetooth,23673.0,24508.0,836.0,6707.0,0.12464589235127478
pedestrian_1-3_1737_B_0ZABJ,pedestrian_1-3_1737,Bluetooth,20264.0,21131.0,868.0,6476.0,0.1340333539221742
pedestrian_1-3_1785_B_JNOMM,pedestrian_1-3_1785,Bluetooth,22149.0,22987.0,839.0,6891.0,0.12175301117399506
pedestrian_1-3_1945_B_J20NT,pedestrian_1-3_1945,Bluetooth,23906.0,24727.0,822.0,5687.0,0.14454017935642693
pedestrian_1-3_2018_B_BVZ0G,pedestrian_1-3_2018,Bluetooth,20141.0,20952.0,812.0,7169.0,0.11326544845864137
pedestrian_1-3_2043_B_HQCY3,pedestrian_1-3_2043,Bluetooth,22288.0,23133.0,846.0,6656.0,0.1271033653846154
pedestrian_1-3_2053_B_6I330,pedestrian_1-3_2053,Bluetooth,19455.0,20311.0,857.0,6568.0,0.13048112058465286
pedestrian_1-3_2076_B_6BB7F,pedestrian_1-3_2076,Bluetooth,19674.0,20432.0,759.0,6219.0,0.12204534491075736
pedestrian_1-3_2171_B_65NZL,pedestrian_1-3_2171,Bluetooth,20847.0,21678.0,832.0,5908.0,0.14082599864590387
pedestrian_1-3_2180_B_XAM10,pedestrian_1-3_2180,Bluetooth,20929.0,21815.0,887.0,7091.0,0.12508813989564235
pedestrian_1-3_2187_B_A09XU,pedestrian_1-3_2187,Bluetooth,20812.0,21660.0,849.0,6683.0,0.12703875505012718
pedestrian_1-3_2221_B_UXLRC,pedestrian_1-3_2221,Bluetooth,18794.0,19645.0,852.0,7190.0,0.11849791376912379
pedestrian_1-3_2278_B_XTCAF,pedestrian_1-3_2278,Bluetooth,19870.0,20661.0,792.0,6794.0,0.11657344715925817
pedestrian_1-3_228_B_NWU77,pedestrian_1-3_228,Bluetooth,18933.0,19798.0,866.0,6268.0,0.1381620931716656
pedestrian_1-3_2280_B_PUKIM,pedestrian_1-3_2280,Bluetooth,21420.0,22266.0,847.0,5935.0,0.14271272114574557
pedestrian_1-3_2323_B_AWFXB,pedestrian_1-3_2323,Bluetooth,21231.0,22038.0,808.0,6890.0,0.11727140783744558
pedestrian_1-3_234_B_JKQSS,pedestrian_1-3_234,Bluetooth,20650.0,21476.0,827.0,5948.0,0.13903833221250841
pedestrian_1-3_2374_B_05LZL,pedestrian_1-3_2374,Bluetooth,24245.0,25052.0,808.0,7199.0,0.11223781080705654
pedestrian_1-3_2410_B_2X6YD,pedestrian_1-3_2410,Bluetooth,20908.0,21701.0,794.0,7197.0,0.11032374600527997
pedestrian_1-3_2421_B_SNVNW,pedestrian_1-3_2421,Bluetooth,20441.0,21267.0,827.0,5604.0,0.14757316202712348
pedestrian_1-3_2424_B_N8PI7,pedestrian_1-3_2424,Bluetooth,20791.0,21603.0,813.0,5902.0,0.13774991528295494
pedestrian_1-3_2454_B_8NU4G,pedestrian_1-3_2454,Bluetooth,18057.0,18932.0,876.0,7144.0,0.12262038073908174
pedestrian_1-3_2482_B_XFY54,pedestrian_1-3_2482,Bluetooth,19739.0,20609.0,871.0,5462.0,0.15946539729036982
pedestrian_1-3_2528_B_PCAP7,pedestrian_1-3_2528,Bluetooth,20051.0,20881.0,831.0,5932.0,0.14008766014834795
pedestrian_1-3_2599_B_IA6DP,pedestrian_1-3_2599,Bluetooth,19736.0,20575.0,840.0,6099.0,0.13772749631087064
pedestrian_1-3_2633_B_64P8V,pedestrian_1-3_2633,Bluetooth,20385.0,21185.0,801.0,5500.0,0.14563636363636365
pedestrian_1-3_2643_B_X47OY,pedestrian_1-3_2643,Bluetooth,20623.0,21465.0,843.0,6047.0,0.1394079708946585
pedestrian_1-3_268_B_VA8LU,pedestrian_1-3_268,Bluetooth,21673.0,22527.0,855.0,7140.0,0.11974789915966387
pedestrian_1-3_2745_B_4VNS6,pedestrian_1-3_2745,Bluetooth,19760.0,20481.0,722.0,5441.0,0.13269619555228818
pedestrian_1-3_2773_B_7B9WR,pedestrian_1-3_2773,Bluetooth,20915.0,21785.0,871.0,5761.0,0.15118902968234682
pedestrian_1-3_2786_B_13AN9,pedestrian_1-3_2786,Bluetooth,22068.0,22944.0,877.0,5518.0,0.15893439652047844
pedestrian_1-3_28_B_NJRHS,pedestrian_1-3_28,Bluetooth,21178.0,22031.0,854.0,5457.0,0.15649624335715595
pedestrian_1-3_283_B_55DJM,pedestrian_1-3_283,Bluetooth,19535.0,20302.0,768.0,5666.0,0.1355453582774444
pedestrian_1-3_2881_B_QSZ7P,pedestrian_1-3_2881,Bluetooth,18242.0,19085.0,844.0,6959.0,0.12128179336111511
pedestrian_1-3_2955_B_IEBT7,pedestrian_1-3_2955,Bluetooth,20547.0,21422.0,876.0,6818.0,0.12848342622469933
pedestrian_1-3_2985_B_J6KSD,pedestrian_1-3_2985,Bluetooth,22463.0,23199.0,737.0,6191.0,0.11904377321918914
pedestrian_1-3_3046_B_FGSQH,pedestrian_1-3_3046,Bluetooth,19670.0,20527.0,858.0,7087.0,0.1210667419218287
pedestrian_1-3_3076_B_LN202,pedestrian_1-3_3076,Bluetooth,21614.0,22449.0,836.0,6237.0,0.13403880070546736
pedestrian_1-3_3132_B_4QL1U,pedestrian_1-3_3132,Bluetooth,21127.0,21957.0,831.0,6333.0,0.13121743249644718
pedestrian_1-3_3135_B_W2NVQ,pedestrian_1-3_3135,Bluetooth,20552.0,21391.0,840.0,5406.0,0.15538290788013318
pedestrian_1-3_3245_B_BK97R,pedestrian_1-3_3245,Bluetooth,21692.0,22516.0,825.0,5902.0,0.13978312436462217
pedestrian_1-3_3253_B_M6SUA,pedestrian_1-3_3253,Bluetooth,22639.0,23404.0,766.0,5941.0,0.12893452280760814
pedestrian_1-3_3339_B_CMYUX,pedestrian_1-3_3339,Bluetooth,23042.0,23865.0,824.0,6579.0,0.12524699802401582
pedestrian_1-3_3410_B_VC8SS,pedestrian_1-3_3410,Bluetooth,20301.0,21181.0,881.0,5581.0,0.15785701487188675
pedestrian_1-3_3457_B_NS70Q,pedestrian_1-3_3457,Bluetooth,22325.0,23176.0,852.0,6764.0,0.12596096984033117
pedestrian_1-3_3494_B_TWTD4,pedestrian_1-3_3494,Bluetooth,23848.0,24722.0,875.0,5672.0,0.15426657263751764
pedestrian_1-3_3536_B_U5RCB,pedestrian_1-3_3536,Bluetooth,22654.0,23489.0,836.0,5624.0,0.14864864864864866
pedestrian_1-3_3579_B_HHHP7,pedestrian_1-3_3579,Bluetooth,20638.0,21492.0,855.0,6076.0,0.14071757735352206
pedestrian_1-3_3755_B_IAXIE,pedestrian_1-3_3755,Bluetooth,22562.0,23401.0,840.0,5442.0,0.1543550165380375
pedestrian_1-3_3759_B_SP1UZ,pedestrian_1-3_3759,Bluetooth,19707.0,20536.0,830.0,6872.0,0.12077997671711292
pedestrian_1-3_3776_B_318JA,pedestrian_1-3_3776,Bluetooth,21686.0,22498.0,813.0,6101.0,0.1332568431404688
pedestrian_1-3_3793_B_ZR9OL,pedestrian_1-3_3793,Bluetooth,22747.0,23617.0,871.0,6285.0,0.13858392999204455
pedestrian_1-3_3834_B_PEM69,pedestrian_1-3_3834,Bluetooth,22383.0,23219.0,837.0,7122.0,0.11752316764953664
pedestrian_1-3_3901_B_GNSSJ,pedestrian_1-3_3901,Bluetooth,18674.0,19482.0,809.0,6527.0,0.12394668300903937
pedestrian_1-3_4025_B_9HVV8,pedestrian_1-3_4025,Bluetooth,21506.0,22362.0,857.0,5986.0,0.14316739057801536
pedestrian_1-3_403_B_Z6AZH,pedestrian_1-3_403,Bluetooth,23678.0,24496.0,819.0,5970.0,0.1371859296482412
pedestrian_1-3_4124_B_2RF5W,pedestrian_1-3_4124,Bluetooth,21611.0,22488.0,878.0,6101.0,0.14391083428946075
pedestrian_1-3_4168_B_V07JA,pedestrian_1-3_4168,Bluetooth,18549.0,19384.0,836.0,6652.0,0.12567648827420325
pedestrian_1-3_4253_B_GX56Y,pedestrian_1-3_4253,Bluetooth,19260.0,20131.0,872.0,5941.0,0.1467766369298098
pedestrian_1-3_4262_B_45BF6,pedestrian_1-3_4262,Bluetooth,23706.0,24552.0,847.0,6546.0,0.12939199511151847
pedestrian_1-3_4289_B_OEQEJ,pedestrian_1-3_4289,Bluetooth,19363.0,20187.0,825.0,5838.0,0.14131551901336073
pedestrian_1-3_4291_B_0RJZ6,pedestrian_1-3_4291,Bluetooth,20380.0,21209.0,830.0,5665.0,0.14651368049426303
pedestrian_1-3_4492_B_60GMY,pedestrian_1-3_4492,Bluetooth,18147.0,18991.0,845.0,7054.0,0.11979018996314147
pedestrian_1-3_458_B_D8LW2,pedestrian_1-3_458,Bluetooth,21632.0,22468.0,837.0,5749.0,0.14559053748477996
pedestrian_1-3_4587_B_V01R5,pedestrian_1-3_4587,Bluetooth,23453.0,24315.0,863.0,5425.0,0.1590783410138249
pedestrian_1-3_4644_B_9ZO8C,pedestrian_1-3_4644,Bluetooth,18451.0,19296.0,846.0,6750.0,0.12533333333333332
pedestrian_1-3_4663_B_ZAP2S,pedestrian_1-3_4663,Bluetooth,19012.0,19859.0,848.0,6189.0,0.1370172887380837
pedestrian_1-3_4666_B_PXEAC,pedestrian_1-3_4666,Bluetooth,21489.0,22342.0,854.0,6291.0,0.13574948338896836
pedestrian_1-3_4690_B_O32JO,pedestrian_1-3_4690,Bluetooth,18468.0,19347.0,880.0,6733.0,0.1306995395811674
pedestrian_1-3_4738_B_MMXHN,pedestrian_1-3_4738,Bluetooth,20601.0,21418.0,818.0,6733.0,0.12149116292885787
pedestrian_1-3_4775_B_QW74D,pedestrian_1-3_4775,Bluetooth,21642.0,22453.0,812.0,6482.0,0.12526997840172785
pedestrian_1-3_4822_B_3BYE7,pedestrian_1-3_4822,Bluetooth,20854.0,21704.0,851.0,6455.0,0.13183578621223857
pedestrian_1-3_4875_B_09GF7,pedestrian_1-3_4875,Bluetooth,19749.0,20635.0,887.0,6082.0,0.14584018414995067
pedestrian_1-3_4881_B_A1O3Y,pedestrian_1-3_4881,Bluetooth,21345.0,22190.0,846.0,6104.0,0.13859764089121887
pedestrian_1-3_4944_B_3CVR5,pedestrian_1-3_4944,Bluetooth,19858.0,20698.0,841.0,6028.0,0.13951559389515594
pedestrian_1-3_4954_B_FO0NU,pedestrian_1-3_4954,Bluetooth,24059.0,24853.0,795.0,6643.0,0.11967484570224296
pedestrian_1-3_5020_B_O7011,pedestrian_1-3_5020,Bluetooth,19604.0,20459.0,856.0,6218.0,0.1376648440012866
pedestrian_1-3_5117_B_Q1MBG,pedestrian_1-3_5117,Bluetooth,18492.0,19340.0,849.0,6709.0,0.12654643016843048
pedestrian_1-3_5123_B_4QXDZ,pedestrian_1-3_5123,Bluetooth,21771.0,22601.0,831.0,6674.0,0.12451303566077315
pedestrian_1-3_5144_B_GYMYY,pedestrian_1-3_5144,Bluetooth,20762.0,21615.0,854.0,5937.0,0.1438436921003874
pedestrian_1-3_528_B_L6KXS,pedestrian_1-3_528,Bluetooth,20634.0,21498.0,865.0,6873.0,0.12585479412192638
pedestrian_1-3_5334_B_2TNRZ,pedestrian_1-3_5334,Bluetooth,18832.0,19676.0,845.0,6995.0,0.12080057183702644
pedestrian_1-3_5354_B_NUO0C,pedestrian_1-3_5354,Bluetooth,22870.0,23717.0,848.0,6318.0,0.13421968977524534
pedestrian_1-3_5451_B_M5G4D,pedestrian_1-3_5451,Bluetooth,20841.0,21668.0,828.0,6252.0,0.1324376199616123
pedestrian_1-3_547_B_WK6ND,pedestrian_1-3_547,Bluetooth,22766.0,23630.0,865.0,5883.0,0.1470338262791093
pedestrian_1-3_5475_B_0NPVQ,pedestrian_1-3_5475,Bluetooth,21239.0,22061.0,823.0,6758.0,0.12178159218703759
pedestrian_1-3_5537_B_W2WK0,pedestrian_1-3_5537,Bluetooth,20360.0,21202.0,843.0,6903.0,0.12212081703607128
pedestrian_1-3_5550_B_Z15WO,pedestrian_1-3_5550,Bluetooth,20377.0,21224.0,848.0,5472.0,0.15497076023391812
pedestrian_1-3_5578_B_60W8B,pedestrian_1-3_5578,Bluetooth,22027.0,22877.0,851.0,7019.0,0.12124234221399059
pedestrian_1-3_635_B_A14IS,pedestrian_1-3_635,Bluetooth,18441.0,19320.0,880.0,6760.0,0.1301775147928994
pedestrian_1-3_743_B_HW8C5,pedestrian_1-3_743,Bluetooth,19366.0,20205.0,840.0,5835.0,0.14395886889460155
pedestrian_1-3_80_B_SOUJX,pedestrian_1-3_80,Bluetooth,18783.0,19633.0,851.0,6418.0,0.13259582424431288
pedestrian_1-3_809_B_OHYXD,pedestrian_1-3_809,Bluetooth,21436.0,22252.0,817.0,6025.0,0.13560165975103736
pedestrian_1-3_870_B_J9PH7,pedestrian_1-3_870,Bluetooth,21143.0,22032.0,890.0,5749.0,0.15480953209253784
pedestrian_1-3_874_B_OCUUH,pedestrian_1-3_874,Bluetooth,24219.0,25086.0,868.0,6253.0,0.13881336958260035
pedestrian_1-3_990_B_5D3F2,pedestrian_1-3_990,Bluetooth,18939.0,19828.0,890.0,6262.0,0.14212711593740018
pedestrian_2-1_1248_B_I370T,pedestrian_2-1_1248,Bluetooth,18411.0,19223.0,813.0,6790.0,0.11973490427098675
pedestrian_2-1_1463_B_YKQ7V,pedestrian_2-1_1463,Bluetooth,20949.0,21742.0,794.0,6223.0,0.1275911939578981
pedestrian_2-1_1609_B_AMIK8,pedestrian_2-1_1609,Bluetooth,22708.0,23501.0,794.0,6168.0,0.12872892347600517
pedestrian_2-1_1724_B_QAOLK,pedestrian_2-1_1724,Bluetooth,22649.0,23431.0,783.0,5414.0,0.14462504617657923
pedestrian_2-1_1878_B_KUU47,pedestrian_2-1_1878,Bluetooth,19568.0,20417.0,850.0,5633.0,0.1508965027516421
pedestrian_2-1_2028_B_OYW3A,pedestrian_2-1_2028,Bluetooth,23844.0,24721.0,878.0,5930.0,0.14806070826306914
pedestrian_2-1_2045_B_UJUA1,pedestrian_2-1_2045,Bluetooth,23912.0,24760.0,849.0,5957.0,0.1425214033909686
pedestrian_2-1_213_B_IFNJA,pedestrian_2-1_213,Bluetooth,18692.0,19490.0,799.0,6509.0,0.12275311107697034
pedestrian_2-1_2136_B_F0GOU,pedestrian_2-1_2136,Bluetooth,19636.0,20485.0,850.0,6315.0,0.13460015835312747
pedestrian_2-1_2161_B_QWWLG,pedestrian_2-1_2161,Bluetooth,21476.0,22336.0,861.0,5470.0,0.15740402193784278
pedestrian_2-1_2293_B_K0IGZ,pedestrian_2-1_2293,Bluetooth,21311.0,22164.0,854.0,6735.0,0.12680029695619896
pedestrian_2-1_2384_B_2IUII,pedestrian_2-1_2384,Bluetooth,19117.0,19971.0,855.0,6084.0,0.14053254437869822
pedestrian_2-1_2486_B_AMAN6,pedestrian_2-1_2486,Bluetooth,22648.0,23481.0,834.0,5420.0,0.15387453874538745
pedestrian_2-1_2911_B_YBE6S,pedestrian_2-1_2911,Bluetooth,22860.0,23718.0,859.0,5508.0,0.15595497458242558
pedestrian_2-1_2925_B_3PZTH,pedestrian_2-1_2925,Bluetooth,21979.0,22853.0,875.0,6246.0,0.14008965738072365
pedestrian_2-1_2987_B_B3PT5,pedestrian_2-1_2987,Bluetooth,21220.0,22043.0,824.0,5511.0,0.14951914353111959
pedestrian_2-1_3058_B_R6C7Q,pedestrian_2-1_3058,Bluetooth,21998.0,22875.0,878.0,6226.0,0.14102152264696435
pedestrian_2-1_3119_B_2RNAZ,pedestrian_2-1_3119,Bluetooth,23032.0,23839.0,808.0,5570.0,0.1450628366247756
pedestrian_2-1_3136_B_IZDHA,pedestrian_2-1_3136,Bluetooth,22707.0,23560.0,854.0,6740.0,0.12670623145400595
pedestrian_2-1_3376_B_4FNOR,pedestrian_2-1_3376,Bluetooth,18520.0,19367.0,848.0,6681.0,0.12692710672055083
pedestrian_2-1_3390_B_4L2AV,pedestrian_2-1_3390,Bluetooth,22496.0,23321.0,826.0,6472.0,0.1276266996291718
pedestrian_2-1_3601_B_WYDS9,pedestrian_2-1_3601,Bluetooth,20828.0,21608.0,781.0,6609.0,0.11817218943864427
pedestrian_2-1_3664_B_GP5DO,pedestrian_2-1_3664,Bluetooth,20357.0,21112.0,756.0,6250.0,0.12096
pedestrian_2-1_3764_B_8JWDT,pedestrian_2-1_3764,Bluetooth,18741.0,19566.0,826.0,6460.0,0.12786377708978328
pedestrian_2-1_3944_B_U03Z8,pedestrian_2-1_3944,Bluetooth,20455.0,21315.0,861.0,6190.0,0.13909531502423264
pedestrian_2-1_4127_B_GGM3D,pedestrian_2-1_4127,Bluetooth,19771.0,20618.0,848.0,6875.0,0.12334545454545455
pedestrian_2-1_4232_B_VKOPD,pedestrian_2-1_4232,Bluetooth,22163.0,23005.0,843.0,6017.0,0.14010304138274887
pedestrian_2-1_4267_B_XVVD5,pedestrian_2-1_4267,Bluetooth,22173.0,23008.0,836.0,5382.0,0.15533259011519882
pedestrian_2-1_4331_B_0IJT8,pedestrian_2-1_4331,Bluetooth,18925.0,19791.0,867.0,6910.0,0.12547033285094067
pedestrian_2-1_4788_B_FA6Y6,pedestrian_2-1_4788,Bluetooth,24139.0,24964.0,826.0,5470.0,0.1510054844606947
pedestrian_2-1_4811_B_8JI4D,pedestrian_2-1_4811,Bluetooth,22285.0,23131.0,847.0,6017.0,0.14076782449725778
pedestrian_2-1_4909_B_1TR1W,pedestrian_2-1_4909,Bluetooth,18874.0,19703.0,830.0,6327.0,0.1311838153943417
pedestrian_2-1_4930_B_MG5WE,pedestrian_2-1_4930,Bluetooth,19326.0,20182.0,857.0,6676.0,0.12837028160575195
pedestrian_2-1_499_B_FVM8Q,pedestrian_2-1_499,Bluetooth,21340.0,22189.0,850.0,5415.0,0.1569713758079409
pedestrian_2-1_5001_B_SXS5G,pedestrian_2-1_5001,Bluetooth,22609.0,23440.0,832.0,6915.0,0.12031814895155458
pedestrian_2-1_5067_B_QP782,pedestrian_2-1_5067,Bluetooth,20627.0,21478.0,852.0,5421.0,0.1571665744327615
pedestrian_2-1_5419_B_V3S72,pedestrian_2-1_5419,Bluetooth,18210.0,19065.0,856.0,6991.0,0.1224431411815191
pedestrian_2-1_5435_B_I3W10,pedestrian_2-1_5435,Bluetooth,22718.0,23567.0,850.0,7013.0,0.1212034792528162
pedestrian_2-1_5450_B_VYBRL,pedestrian_2-1_5450,Bluetooth,20707.0,21582.0,876.0,5987.0,0.14631702021045598
pedestrian_2-1_5552_B_RHUPG,pedestrian_2-1_5552,Bluetooth,20192.0,21048.0,857.0,5798.0,0.14780958951362538
pedestrian_2-1_5799_B_05NS2,pedestrian_2-1_5799,Bluetooth,21577.0,22425.0,849.0,6017.0,0.14110021605451223
pedestrian_2-1_5841_B_J8F3I,pedestrian_2-1_5841,Bluetooth,24029.0,24822.0,794.0,6190.0,0.12827140549273022
pedestrian_2-1_600_B_RCRNQ,pedestrian_2-1_600,Bluetooth,21975.0,22818.0,844.0,5583.0,0.15117320437041018
pedestrian_2-1_6021_B_9DR8S,pedestrian_2-1_6021,Bluetooth,20968.0,21804.0,837.0,7046.0,0.11879080329264831
pedestrian_2-1_6130_B_EU3PQ,pedestrian_2-1_6130,Bluetooth,23237.0,24082.0,846.0,6616.0,0.12787182587666263
pedestrian_2-1_6236_B_DGVUY,pedestrian_2-1_6236,Bluetooth,23999.0,24845.0,847.0,6636.0,0.12763713080168776
pedestrian_2-1_6256_B_5LXYE,pedestrian_2-1_6256,Bluetooth,20074.0,20881.0,808.0,6665.0,0.12123030757689422
pedestrian_2-1_6274_B_EZIWF,pedestrian_2-1_6274,Bluetooth,19181.0,20061.0,881.0,6666.0,0.13216321632163217
pedestrian_2-1_63_B_6JGXW,pedestrian_2-1_63,Bluetooth,18867.0,19732.0,866.0,7014.0,0.1234673510122612
pedestrian_2-1_804_B_OFAV9,pedestrian_2-1_804,Bluetooth,19967.0,20847.0,881.0,5915.0,0.14894336432797972
pedestrian_2-1_842_B_5511B,pedestrian_2-1_842,Bluetooth,22906.0,23754.0,849.0,5914.0,0.14355765979032803
